{
  "type": "FeatureCollection",
  "metadata": {
    "region_id": "gb-norfolk-norwich",
    "name": "Norwich (Norfolk)",
    "country": "GB",
    "game_edition": "GB",
    "center": [
      0.95,
      52.7
    ],
    "zoom": 9,
    "subregions": [
      {
        "id": "norwich",
        "name": "Norwich",
        "level": "district",
        "parent": null,
        "center": [
          1.293,
          52.628
        ],
        "zoom": 12
      },
      {
        "id": "broadland",
        "name": "Broadland",
        "level": "district",
        "parent": null,
        "center": [
          1.34,
          52.71
        ],
        "zoom": 11
      },
      {
        "id": "south-norfolk",
        "name": "South Norfolk",
        "level": "district",
        "parent": null,
        "center": [
          1.18,
          52.5
        ],
        "zoom": 10
      },
      {
        "id": "great-yarmouth",
        "name": "Great Yarmouth",
        "level": "district",
        "parent": null,
        "center": [
          1.7,
          52.6
        ],
        "zoom": 11
      },
      {
        "id": "north-norfolk",
        "name": "North Norfolk",
        "level": "district",
        "parent": null,
        "center": [
          1.15,
          52.87
        ],
        "zoom": 10
      },
      {
        "id": "breckland",
        "name": "Breckland",
        "level": "district",
        "parent": null,
        "center": [
          0.87,
          52.55
        ],
        "zoom": 10
      },
      {
        "id": "kings-lynn-west-norfolk",
        "name": "King's Lynn and West Norfolk",
        "level": "district",
        "parent": null,
        "center": [
          0.45,
          52.72
        ],
        "zoom": 10
      }
    ],
    "generated_by": "agent",
    "generated_at": "2026-08-17",
    "schema_version": 2
  },
  "features": [
    {
      "type": "Feature",
      "geometry": {
        "type": "Point",
        "coordinates": [
          1.55382,
          52.64011
        ]
      },
      "properties": {
        "id": "nfrs-acle",
        "name": "Acle Fire Station",
        "category": "fire",
        "subtype": "career",
        "subregion_id": "broadland",
        "status": "active",
        "agency": {
          "name": "Norfolk Fire and Rescue Service",
          "type": "fire_department",
          "level": "county",
          "parent": "Norfolk County Council"
        },
        "address": {
          "street": "Old Road",
          "city": "Acle",
          "county": "Norfolk",
          "postal_code": "NR13 3QN",
          "country": "GB"
        },
        "staffing_model": "career",
        "operating_hours": "on_call",
        "units": [
          {
            "type": "engine",
            "designation": "Pumping appliance",
            "count": 1,
            "attributes": {
              "crewing": "on-call"
            }
          }
        ],
        "attributes": {
          "on_call_crew_establishment": "1 watch manager, 2 crew managers and 9 firefighters"
        },
        "game": {
          "building_types": [
            "Fire Station"
          ],
          "recommended": false,
          "notes": "Mirror with one pumping appliance per appliance listed. NFRS publishes crewing but not per-station aerial/specialist allocations, so build specials at the wholetime houses."
        },
        "significance": "On-call station: no crew is at the station when the call comes in — firefighters are alerted and must be within five minutes of the station.",
        "sources": [
          {
            "title": "Acle Fire Station — Norfolk Fire and Rescue Service (archived 2023)",
            "url": "https://web.archive.org/web/20231001130905/https://www.norfolk.gov.uk/safety/norfolk-fire-and-rescue-service/in-your-community/find-your-local-station/central-area/acle",
            "retrieved": "2026-08-17"
          },
          {
            "title": "Norfolk Fire & Rescue Service Community Risk Plan 2023-2026 (consultation document)",
            "url": "https://norfolk.citizenspace.com/fire-and-rescue-services/crmp2022/supporting_documents/CRMP%20LARGE%20PRINT.pdf",
            "retrieved": "2026-08-17"
          },
          {
            "title": "Postcode NR13 3QN — ONS Postcode Directory via postcodes.io",
            "url": "https://api.postcodes.io/postcodes/NR13%203QN",
            "retrieved": "2026-08-17"
          }
        ],
        "confidence": "high",
        "last_verified": "2026-08-17"
      }
    },
    {
      "type": "Feature",
      "geometry": {
        "type": "Point",
        "coordinates": [
          1.24889,
          52.79492
        ]
      },
      "properties": {
        "id": "nfrs-aylsham",
        "name": "Aylsham Fire Station",
        "category": "fire",
        "subtype": "career",
        "subregion_id": "broadland",
        "status": "active",
        "agency": {
          "name": "Norfolk Fire and Rescue Service",
          "type": "fire_department",
          "level": "county",
          "parent": "Norfolk County Council"
        },
        "address": {
          "street": "Cawston Road",
          "city": "Aylsham",
          "county": "Norfolk",
          "postal_code": "NR11 6BX",
          "country": "GB"
        },
        "staffing_model": "career",
        "operating_hours": "on_call",
        "units": [
          {
            "type": "engine",
            "designation": "Pumping appliance",
            "count": 1,
            "attributes": {
              "crewing": "on-call"
            }
          }
        ],
        "attributes": {
          "on_call_crew_establishment": "1 watch manager, 2 crew managers and 9 firefighters"
        },
        "game": {
          "building_types": [
            "Fire Station"
          ],
          "recommended": false,
          "notes": "Mirror with one pumping appliance per appliance listed. NFRS publishes crewing but not per-station aerial/specialist allocations, so build specials at the wholetime houses."
        },
        "significance": "On-call station: no crew is at the station when the call comes in — firefighters are alerted and must be within five minutes of the station.",
        "sources": [
          {
            "title": "Aylsham Fire Station — Norfolk Fire and Rescue Service (archived 2023)",
            "url": "https://web.archive.org/web/20231001130400/https://www.norfolk.gov.uk/safety/norfolk-fire-and-rescue-service/in-your-community/find-your-local-station/central-area/aylsham",
            "retrieved": "2026-08-17"
          },
          {
            "title": "Norfolk Fire & Rescue Service Community Risk Plan 2023-2026 (consultation document)",
            "url": "https://norfolk.citizenspace.com/fire-and-rescue-services/crmp2022/supporting_documents/CRMP%20LARGE%20PRINT.pdf",
            "retrieved": "2026-08-17"
          },
          {
            "title": "Postcode NR11 6BX — ONS Postcode Directory via postcodes.io",
            "url": "https://api.postcodes.io/postcodes/NR11%206BX",
            "retrieved": "2026-08-17"
          }
        ],
        "confidence": "high",
        "last_verified": "2026-08-17"
      }
    },
    {
      "type": "Feature",
      "geometry": {
        "type": "Point",
        "coordinates": [
          1.31217,
          52.61515
        ]
      },
      "properties": {
        "id": "nfrs-carrow",
        "name": "Carrow Fire Station (Diamond Jubilee Station)",
        "category": "fire",
        "subtype": "career",
        "subregion_id": "norwich",
        "status": "active",
        "agency": {
          "name": "Norfolk Fire and Rescue Service",
          "type": "fire_department",
          "level": "county",
          "parent": "Norfolk County Council"
        },
        "address": {
          "street": "63 Bracondale",
          "city": "Norwich",
          "county": "Norfolk",
          "postal_code": "NR1 2EE",
          "country": "GB"
        },
        "staffing_model": "career",
        "operating_hours": "24_7",
        "units": [
          {
            "type": "engine",
            "designation": "Pumping appliance",
            "count": 1,
            "attributes": {
              "crewing": "wholetime"
            }
          }
        ],
        "attributes": {
          "watches": "four (red, white, blue, green)"
        },
        "game": {
          "building_types": [
            "Fire Station"
          ],
          "recommended": true,
          "notes": "Mirror with one pumping appliance per appliance listed. NFRS publishes crewing but not per-station aerial/specialist allocations, so build specials at the wholetime houses."
        },
        "significance": "Wholetime station: one pumping appliance crewed round the clock by four watches. Named the Diamond Jubilee Station; the service calls the house Carrow. One of the three wholetime stations covering Norwich.",
        "sources": [
          {
            "title": "Carrow Fire Station (Diamond Jubilee Station) — Norfolk Fire and Rescue Service (archived 2023)",
            "url": "https://web.archive.org/web/20231001130157/https://www.norfolk.gov.uk/safety/norfolk-fire-and-rescue-service/in-your-community/find-your-local-station/central-area/diamond-jubilee-station",
            "retrieved": "2026-08-17"
          },
          {
            "title": "Norfolk Fire & Rescue Service Community Risk Plan 2023-2026 (consultation document)",
            "url": "https://norfolk.citizenspace.com/fire-and-rescue-services/crmp2022/supporting_documents/CRMP%20LARGE%20PRINT.pdf",
            "retrieved": "2026-08-17"
          },
          {
            "title": "Postcode NR1 2EE — ONS Postcode Directory via postcodes.io",
            "url": "https://api.postcodes.io/postcodes/NR1%202EE",
            "retrieved": "2026-08-17"
          }
        ],
        "confidence": "high",
        "last_verified": "2026-08-17"
      }
    },
    {
      "type": "Feature",
      "geometry": {
        "type": "Point",
        "coordinates": [
          1.25539,
          52.63325
        ]
      },
      "properties": {
        "id": "nfrs-north-earlham",
        "name": "North Earlham Fire Station",
        "category": "fire",
        "subtype": "combination",
        "subregion_id": "norwich",
        "status": "active",
        "agency": {
          "name": "Norfolk Fire and Rescue Service",
          "type": "fire_department",
          "level": "county",
          "parent": "Norfolk County Council"
        },
        "address": {
          "street": "Ivy Road",
          "city": "Norwich",
          "county": "Norfolk",
          "postal_code": "NR5 8BQ",
          "country": "GB"
        },
        "staffing_model": "combination",
        "operating_hours": "24_7",
        "units": [
          {
            "type": "engine",
            "designation": "Pumping appliance (wholetime)",
            "count": 1,
            "attributes": {
              "crewing": "wholetime"
            }
          },
          {
            "type": "engine",
            "designation": "Pumping appliance (on-call)",
            "count": 1,
            "attributes": {
              "crewing": "on-call"
            }
          }
        ],
        "attributes": {
          "watches": "four (red, white, blue, green)",
          "on_call_crew_establishment": "1 watch manager, 2 crew managers and 9 firefighters"
        },
        "game": {
          "building_types": [
            "Fire Station"
          ],
          "recommended": true,
          "notes": "Mirror with one pumping appliance per appliance listed. NFRS publishes crewing but not per-station aerial/specialist allocations, so build specials at the wholetime houses."
        },
        "significance": "Two pumping appliances: one crewed round the clock by wholetime watches, the second by an on-call crew — one of the busiest houses in the county.",
        "sources": [
          {
            "title": "North Earlham Fire Station — Norfolk Fire and Rescue Service (archived 2023)",
            "url": "https://web.archive.org/web/20231001123658/https://www.norfolk.gov.uk/safety/norfolk-fire-and-rescue-service/in-your-community/find-your-local-station/central-area/north-earlham-norwich-area",
            "retrieved": "2026-08-17"
          },
          {
            "title": "Norfolk Fire & Rescue Service Community Risk Plan 2023-2026 (consultation document)",
            "url": "https://norfolk.citizenspace.com/fire-and-rescue-services/crmp2022/supporting_documents/CRMP%20LARGE%20PRINT.pdf",
            "retrieved": "2026-08-17"
          },
          {
            "title": "Postcode NR5 8BQ — ONS Postcode Directory via postcodes.io",
            "url": "https://api.postcodes.io/postcodes/NR5%208BQ",
            "retrieved": "2026-08-17"
          }
        ],
        "confidence": "high",
        "last_verified": "2026-08-17"
      }
    },
    {
      "type": "Feature",
      "geometry": {
        "type": "Point",
        "coordinates": [
          1.10965,
          52.76164
        ]
      },
      "properties": {
        "id": "nfrs-reepham",
        "name": "Reepham Fire Station",
        "category": "fire",
        "subtype": "career",
        "subregion_id": "broadland",
        "status": "active",
        "agency": {
          "name": "Norfolk Fire and Rescue Service",
          "type": "fire_department",
          "level": "county",
          "parent": "Norfolk County Council"
        },
        "address": {
          "street": "36 School Road",
          "city": "Reepham",
          "county": "Norfolk",
          "postal_code": "NR10 4JP",
          "country": "GB"
        },
        "staffing_model": "career",
        "operating_hours": "on_call",
        "units": [
          {
            "type": "engine",
            "designation": "Pumping appliance",
            "count": 1,
            "attributes": {
              "crewing": "on-call"
            }
          }
        ],
        "attributes": {
          "on_call_crew_establishment": "1 watch manager, 2 crew managers and 9 firefighters"
        },
        "game": {
          "building_types": [
            "Fire Station"
          ],
          "recommended": false,
          "notes": "Mirror with one pumping appliance per appliance listed. NFRS publishes crewing but not per-station aerial/specialist allocations, so build specials at the wholetime houses."
        },
        "significance": "On-call station: no crew is at the station when the call comes in — firefighters are alerted and must be within five minutes of the station. Reepham Fire Station also houses a Norfolk Constabulary Safer Neighbourhood Team base.",
        "sources": [
          {
            "title": "Reepham Fire Station — Norfolk Fire and Rescue Service (archived 2023)",
            "url": "https://web.archive.org/web/20231001114617/https://www.norfolk.gov.uk/safety/norfolk-fire-and-rescue-service/in-your-community/find-your-local-station/central-area/reepham",
            "retrieved": "2026-08-17"
          },
          {
            "title": "Norfolk Fire & Rescue Service Community Risk Plan 2023-2026 (consultation document)",
            "url": "https://norfolk.citizenspace.com/fire-and-rescue-services/crmp2022/supporting_documents/CRMP%20LARGE%20PRINT.pdf",
            "retrieved": "2026-08-17"
          },
          {
            "title": "Postcode NR10 4JP — ONS Postcode Directory via postcodes.io",
            "url": "https://api.postcodes.io/postcodes/NR10%204JP",
            "retrieved": "2026-08-17"
          },
          {
            "title": "Norfolk Constabulary Estates Plan 2022-2025 — List of Sites (archived)",
            "url": "https://web.archive.org/web/20250126173827/https://www.norfolk-pcc.gov.uk/assets/documents/Norfolk-Constabulary-Estates-Plan-2022-2025.pdf",
            "retrieved": "2026-08-17"
          }
        ],
        "confidence": "high",
        "last_verified": "2026-08-17"
      }
    },
    {
      "type": "Feature",
      "geometry": {
        "type": "Point",
        "coordinates": [
          1.30735,
          52.65234
        ]
      },
      "properties": {
        "id": "nfrs-sprowston",
        "name": "Sprowston Fire Station",
        "category": "fire",
        "subtype": "career",
        "subregion_id": "norwich",
        "status": "active",
        "agency": {
          "name": "Norfolk Fire and Rescue Service",
          "type": "fire_department",
          "level": "county",
          "parent": "Norfolk County Council"
        },
        "address": {
          "street": "Chartwell Road",
          "city": "Norwich",
          "county": "Norfolk",
          "postal_code": "NR7 8TA",
          "country": "GB"
        },
        "staffing_model": "career",
        "operating_hours": "24_7",
        "units": [
          {
            "type": "engine",
            "designation": "Pumping appliance",
            "count": 1,
            "attributes": {
              "crewing": "wholetime"
            }
          }
        ],
        "attributes": {
          "watches": "four (red, white, blue, green)"
        },
        "game": {
          "building_types": [
            "Fire Station"
          ],
          "recommended": true,
          "notes": "Mirror with one pumping appliance per appliance listed. NFRS publishes crewing but not per-station aerial/specialist allocations, so build specials at the wholetime houses."
        },
        "significance": "Wholetime station: one pumping appliance crewed round the clock by four watches.",
        "sources": [
          {
            "title": "Sprowston Fire Station — Norfolk Fire and Rescue Service (archived 2023)",
            "url": "https://web.archive.org/web/20231001124226/https://www.norfolk.gov.uk/safety/norfolk-fire-and-rescue-service/in-your-community/find-your-local-station/central-area/sprowston-norwich-area",
            "retrieved": "2026-08-17"
          },
          {
            "title": "Norfolk Fire & Rescue Service Community Risk Plan 2023-2026 (consultation document)",
            "url": "https://norfolk.citizenspace.com/fire-and-rescue-services/crmp2022/supporting_documents/CRMP%20LARGE%20PRINT.pdf",
            "retrieved": "2026-08-17"
          },
          {
            "title": "Postcode NR7 8TA — ONS Postcode Directory via postcodes.io",
            "url": "https://api.postcodes.io/postcodes/NR7%208TA",
            "retrieved": "2026-08-17"
          }
        ],
        "confidence": "high",
        "last_verified": "2026-08-17"
      }
    },
    {
      "type": "Feature",
      "geometry": {
        "type": "Point",
        "coordinates": [
          1.40216,
          52.70296
        ]
      },
      "properties": {
        "id": "nfrs-wroxham",
        "name": "Wroxham Fire Station",
        "category": "fire",
        "subtype": "career",
        "subregion_id": "broadland",
        "status": "active",
        "agency": {
          "name": "Norfolk Fire and Rescue Service",
          "type": "fire_department",
          "level": "county",
          "parent": "Norfolk County Council"
        },
        "address": {
          "street": "Park Road",
          "city": "Wroxham",
          "county": "Norfolk",
          "postal_code": "NR12 8SB",
          "country": "GB"
        },
        "staffing_model": "career",
        "operating_hours": "on_call",
        "units": [
          {
            "type": "engine",
            "designation": "Pumping appliance",
            "count": 1,
            "attributes": {
              "crewing": "on-call"
            }
          }
        ],
        "attributes": {
          "on_call_crew_establishment": "1 watch manager, 2 crew managers and 9 firefighters"
        },
        "game": {
          "building_types": [
            "Fire Station"
          ],
          "recommended": false,
          "notes": "Mirror with one pumping appliance per appliance listed. NFRS publishes crewing but not per-station aerial/specialist allocations, so build specials at the wholetime houses."
        },
        "significance": "On-call station: no crew is at the station when the call comes in — firefighters are alerted and must be within five minutes of the station.",
        "sources": [
          {
            "title": "Wroxham Fire Station — Norfolk Fire and Rescue Service (archived 2023)",
            "url": "https://web.archive.org/web/20230929000544/https://www.norfolk.gov.uk/safety/norfolk-fire-and-rescue-service/in-your-community/find-your-local-station/central-area/wroxham",
            "retrieved": "2026-08-17"
          },
          {
            "title": "Norfolk Fire & Rescue Service Community Risk Plan 2023-2026 (consultation document)",
            "url": "https://norfolk.citizenspace.com/fire-and-rescue-services/crmp2022/supporting_documents/CRMP%20LARGE%20PRINT.pdf",
            "retrieved": "2026-08-17"
          },
          {
            "title": "Postcode NR12 8SB — ONS Postcode Directory via postcodes.io",
            "url": "https://api.postcodes.io/postcodes/NR12%208SB",
            "retrieved": "2026-08-17"
          }
        ],
        "confidence": "high",
        "last_verified": "2026-08-17"
      }
    },
    {
      "type": "Feature",
      "geometry": {
        "type": "Point",
        "coordinates": [
          1.29485,
          52.93086
        ]
      },
      "properties": {
        "id": "nfrs-cromer",
        "name": "Cromer Fire Station",
        "category": "fire",
        "subtype": "career",
        "subregion_id": "north-norfolk",
        "status": "active",
        "agency": {
          "name": "Norfolk Fire and Rescue Service",
          "type": "fire_department",
          "level": "county",
          "parent": "Norfolk County Council"
        },
        "address": {
          "street": "Canada Road",
          "city": "Cromer",
          "county": "Norfolk",
          "postal_code": "NR27 9AJ",
          "country": "GB"
        },
        "staffing_model": "career",
        "operating_hours": "on_call",
        "units": [
          {
            "type": "engine",
            "designation": "Pumping appliance",
            "count": 1,
            "attributes": {
              "crewing": "on-call"
            }
          }
        ],
        "attributes": {
          "on_call_crew_establishment": "1 watch manager, 2 crew managers and 9 firefighters"
        },
        "game": {
          "building_types": [
            "Fire Station"
          ],
          "recommended": false,
          "notes": "Mirror with one pumping appliance per appliance listed. NFRS publishes crewing but not per-station aerial/specialist allocations, so build specials at the wholetime houses."
        },
        "significance": "On-call station: no crew is at the station when the call comes in — firefighters are alerted and must be within five minutes of the station.",
        "sources": [
          {
            "title": "Cromer Fire Station — Norfolk Fire and Rescue Service (archived 2023)",
            "url": "https://web.archive.org/web/20231001115139/https://www.norfolk.gov.uk/safety/norfolk-fire-and-rescue-service/in-your-community/find-your-local-station/eastern-area/cromer",
            "retrieved": "2026-08-17"
          },
          {
            "title": "Norfolk Fire & Rescue Service Community Risk Plan 2023-2026 (consultation document)",
            "url": "https://norfolk.citizenspace.com/fire-and-rescue-services/crmp2022/supporting_documents/CRMP%20LARGE%20PRINT.pdf",
            "retrieved": "2026-08-17"
          },
          {
            "title": "Postcode NR27 9AJ — ONS Postcode Directory via postcodes.io",
            "url": "https://api.postcodes.io/postcodes/NR27%209AJ",
            "retrieved": "2026-08-17"
          }
        ],
        "confidence": "high",
        "last_verified": "2026-08-17"
      }
    },
    {
      "type": "Feature",
      "geometry": {
        "type": "Point",
        "coordinates": [
          0.85461,
          52.83023
        ]
      },
      "properties": {
        "id": "nfrs-fakenham",
        "name": "Fakenham Fire Station",
        "category": "fire",
        "subtype": "career",
        "subregion_id": "north-norfolk",
        "status": "active",
        "agency": {
          "name": "Norfolk Fire and Rescue Service",
          "type": "fire_department",
          "level": "county",
          "parent": "Norfolk County Council"
        },
        "address": {
          "street": "Norwich Road",
          "city": "Fakenham",
          "county": "Norfolk",
          "postal_code": "NR21 8BB",
          "country": "GB"
        },
        "staffing_model": "career",
        "operating_hours": "on_call",
        "units": [
          {
            "type": "engine",
            "designation": "Pumping appliance",
            "count": 1,
            "attributes": {
              "crewing": "on-call"
            }
          }
        ],
        "attributes": {
          "on_call_crew_establishment": "1 watch manager, 3 crew managers and 12 firefighters"
        },
        "game": {
          "building_types": [
            "Fire Station"
          ],
          "recommended": false,
          "notes": "Mirror with one pumping appliance per appliance listed. NFRS publishes crewing but not per-station aerial/specialist allocations, so build specials at the wholetime houses."
        },
        "significance": "On-call station: no crew is at the station when the call comes in — firefighters are alerted and must be within five minutes of the station.",
        "sources": [
          {
            "title": "Fakenham Fire Station — Norfolk Fire and Rescue Service (archived 2023)",
            "url": "https://web.archive.org/web/20230929005730/https://www.norfolk.gov.uk/safety/norfolk-fire-and-rescue-service/in-your-community/find-your-local-station/eastern-area/fakenham",
            "retrieved": "2026-08-17"
          },
          {
            "title": "Norfolk Fire & Rescue Service Community Risk Plan 2023-2026 (consultation document)",
            "url": "https://norfolk.citizenspace.com/fire-and-rescue-services/crmp2022/supporting_documents/CRMP%20LARGE%20PRINT.pdf",
            "retrieved": "2026-08-17"
          },
          {
            "title": "Postcode NR21 8BB — ONS Postcode Directory via postcodes.io",
            "url": "https://api.postcodes.io/postcodes/NR21%208BB",
            "retrieved": "2026-08-17"
          }
        ],
        "confidence": "high",
        "last_verified": "2026-08-17"
      }
    },
    {
      "type": "Feature",
      "geometry": {
        "type": "Point",
        "coordinates": [
          1.72608,
          52.58834
        ]
      },
      "properties": {
        "id": "nfrs-gorleston",
        "name": "Gorleston Fire Station",
        "category": "fire",
        "subtype": "career",
        "subregion_id": "great-yarmouth",
        "status": "active",
        "agency": {
          "name": "Norfolk Fire and Rescue Service",
          "type": "fire_department",
          "level": "county",
          "parent": "Norfolk County Council"
        },
        "address": {
          "street": "High Road",
          "city": "Gorleston",
          "county": "Norfolk",
          "postal_code": "NR31 0PJ",
          "country": "GB"
        },
        "staffing_model": "career",
        "operating_hours": "on_call",
        "units": [
          {
            "type": "engine",
            "designation": "Pumping appliance",
            "count": 1,
            "attributes": {
              "crewing": "on-call"
            }
          }
        ],
        "attributes": {
          "on_call_crew_establishment": "1 watch manager, 2 crew managers and 9 firefighters"
        },
        "game": {
          "building_types": [
            "Fire Station"
          ],
          "recommended": false,
          "notes": "Mirror with one pumping appliance per appliance listed. NFRS publishes crewing but not per-station aerial/specialist allocations, so build specials at the wholetime houses."
        },
        "significance": "On-call station: no crew is at the station when the call comes in — firefighters are alerted and must be within five minutes of the station.",
        "sources": [
          {
            "title": "Gorleston Fire Station — Norfolk Fire and Rescue Service (archived 2023)",
            "url": "https://web.archive.org/web/20231001131654/https://www.norfolk.gov.uk/safety/norfolk-fire-and-rescue-service/in-your-community/find-your-local-station/eastern-area/gorleston",
            "retrieved": "2026-08-17"
          },
          {
            "title": "Norfolk Fire & Rescue Service Community Risk Plan 2023-2026 (consultation document)",
            "url": "https://norfolk.citizenspace.com/fire-and-rescue-services/crmp2022/supporting_documents/CRMP%20LARGE%20PRINT.pdf",
            "retrieved": "2026-08-17"
          },
          {
            "title": "Postcode NR31 0PJ — ONS Postcode Directory via postcodes.io",
            "url": "https://api.postcodes.io/postcodes/NR31%200PJ",
            "retrieved": "2026-08-17"
          }
        ],
        "confidence": "high",
        "last_verified": "2026-08-17"
      }
    },
    {
      "type": "Feature",
      "geometry": {
        "type": "Point",
        "coordinates": [
          1.72866,
          52.60076
        ]
      },
      "properties": {
        "id": "nfrs-great-yarmouth",
        "name": "Great Yarmouth Fire Station",
        "category": "fire",
        "subtype": "combination",
        "subregion_id": "great-yarmouth",
        "status": "active",
        "agency": {
          "name": "Norfolk Fire and Rescue Service",
          "type": "fire_department",
          "level": "county",
          "parent": "Norfolk County Council"
        },
        "address": {
          "street": "Friars Lane",
          "city": "Great Yarmouth",
          "county": "Norfolk",
          "postal_code": "NR30 2RP",
          "country": "GB"
        },
        "staffing_model": "combination",
        "operating_hours": "24_7",
        "units": [
          {
            "type": "engine",
            "designation": "Pumping appliance (wholetime)",
            "count": 1,
            "attributes": {
              "crewing": "wholetime"
            }
          },
          {
            "type": "engine",
            "designation": "Pumping appliance (on-call)",
            "count": 1,
            "attributes": {
              "crewing": "on-call"
            }
          }
        ],
        "attributes": {
          "watches": "four (red, white, blue, green)",
          "on_call_crew_establishment": "1 watch manager, 2 crew managers and 9 firefighters"
        },
        "game": {
          "building_types": [
            "Fire Station"
          ],
          "recommended": true,
          "notes": "Mirror with one pumping appliance per appliance listed. NFRS publishes crewing but not per-station aerial/specialist allocations, so build specials at the wholetime houses."
        },
        "significance": "Two pumping appliances: one crewed round the clock by wholetime watches, the second by an on-call crew — one of the busiest houses in the county. The Community Risk Plan proposed relocating the Technical Rescue Unit (water and large-animal rescue) here from Thetford; whether that has happened is not published.",
        "sources": [
          {
            "title": "Great Yarmouth Fire Station — Norfolk Fire and Rescue Service (archived 2023)",
            "url": "https://web.archive.org/web/20231001110430/https://www.norfolk.gov.uk/safety/norfolk-fire-and-rescue-service/in-your-community/find-your-local-station/eastern-area/great-yarmouth",
            "retrieved": "2026-08-17"
          },
          {
            "title": "Norfolk Fire & Rescue Service Community Risk Plan 2023-2026 (consultation document)",
            "url": "https://norfolk.citizenspace.com/fire-and-rescue-services/crmp2022/supporting_documents/CRMP%20LARGE%20PRINT.pdf",
            "retrieved": "2026-08-17"
          },
          {
            "title": "Postcode NR30 2RP — ONS Postcode Directory via postcodes.io",
            "url": "https://api.postcodes.io/postcodes/NR30%202RP",
            "retrieved": "2026-08-17"
          }
        ],
        "confidence": "high",
        "last_verified": "2026-08-17"
      }
    },
    {
      "type": "Feature",
      "geometry": {
        "type": "Point",
        "coordinates": [
          1.08928,
          52.90093
        ]
      },
      "properties": {
        "id": "nfrs-holt",
        "name": "Holt Fire Station",
        "category": "fire",
        "subtype": "career",
        "subregion_id": "north-norfolk",
        "status": "active",
        "agency": {
          "name": "Norfolk Fire and Rescue Service",
          "type": "fire_department",
          "level": "county",
          "parent": "Norfolk County Council"
        },
        "address": {
          "street": "Norwich Road",
          "city": "Holt",
          "county": "Norfolk",
          "postal_code": "NR25 6SH",
          "country": "GB"
        },
        "staffing_model": "career",
        "operating_hours": "on_call",
        "units": [
          {
            "type": "engine",
            "designation": "Pumping appliance",
            "count": 1,
            "attributes": {
              "crewing": "on-call"
            }
          }
        ],
        "attributes": {
          "on_call_crew_establishment": "1 watch manager, 2 crew managers and 9 firefighters"
        },
        "game": {
          "building_types": [
            "Fire Station"
          ],
          "recommended": false,
          "notes": "Mirror with one pumping appliance per appliance listed. NFRS publishes crewing but not per-station aerial/specialist allocations, so build specials at the wholetime houses."
        },
        "significance": "On-call station: no crew is at the station when the call comes in — firefighters are alerted and must be within five minutes of the station. Holt Fire Station also houses a Norfolk Constabulary Safer Neighbourhood Team base.",
        "sources": [
          {
            "title": "Holt Fire Station — Norfolk Fire and Rescue Service (archived 2023)",
            "url": "https://web.archive.org/web/20231001124940/https://www.norfolk.gov.uk/safety/norfolk-fire-and-rescue-service/in-your-community/find-your-local-station/eastern-area/holt",
            "retrieved": "2026-08-17"
          },
          {
            "title": "Norfolk Fire & Rescue Service Community Risk Plan 2023-2026 (consultation document)",
            "url": "https://norfolk.citizenspace.com/fire-and-rescue-services/crmp2022/supporting_documents/CRMP%20LARGE%20PRINT.pdf",
            "retrieved": "2026-08-17"
          },
          {
            "title": "Postcode NR25 6SH — ONS Postcode Directory via postcodes.io",
            "url": "https://api.postcodes.io/postcodes/NR25%206SH",
            "retrieved": "2026-08-17"
          },
          {
            "title": "Norfolk Constabulary Estates Plan 2022-2025 — List of Sites (archived)",
            "url": "https://web.archive.org/web/20250126173827/https://www.norfolk-pcc.gov.uk/assets/documents/Norfolk-Constabulary-Estates-Plan-2022-2025.pdf",
            "retrieved": "2026-08-17"
          }
        ],
        "confidence": "high",
        "last_verified": "2026-08-17"
      }
    },
    {
      "type": "Feature",
      "geometry": {
        "type": "Point",
        "coordinates": [
          1.63225,
          52.70252
        ]
      },
      "properties": {
        "id": "nfrs-martham",
        "name": "Martham Fire Station",
        "category": "fire",
        "subtype": "career",
        "subregion_id": "great-yarmouth",
        "status": "active",
        "agency": {
          "name": "Norfolk Fire and Rescue Service",
          "type": "fire_department",
          "level": "county",
          "parent": "Norfolk County Council"
        },
        "address": {
          "street": "Rollesby Road",
          "city": "Martham",
          "county": "Norfolk",
          "postal_code": "NR29 4RU",
          "country": "GB"
        },
        "staffing_model": "career",
        "operating_hours": "on_call",
        "units": [
          {
            "type": "engine",
            "designation": "Pumping appliance",
            "count": 1,
            "attributes": {
              "crewing": "on-call"
            }
          }
        ],
        "attributes": {
          "on_call_crew_establishment": "1 watch manager, 2 crew managers and 9 firefighters"
        },
        "game": {
          "building_types": [
            "Fire Station"
          ],
          "recommended": false,
          "notes": "Mirror with one pumping appliance per appliance listed. NFRS publishes crewing but not per-station aerial/specialist allocations, so build specials at the wholetime houses."
        },
        "significance": "On-call station: no crew is at the station when the call comes in — firefighters are alerted and must be within five minutes of the station.",
        "sources": [
          {
            "title": "Martham Fire Station — Norfolk Fire and Rescue Service (archived 2023)",
            "url": "https://web.archive.org/web/20231001114046/https://www.norfolk.gov.uk/safety/norfolk-fire-and-rescue-service/in-your-community/find-your-local-station/eastern-area/martham",
            "retrieved": "2026-08-17"
          },
          {
            "title": "Norfolk Fire & Rescue Service Community Risk Plan 2023-2026 (consultation document)",
            "url": "https://norfolk.citizenspace.com/fire-and-rescue-services/crmp2022/supporting_documents/CRMP%20LARGE%20PRINT.pdf",
            "retrieved": "2026-08-17"
          },
          {
            "title": "Postcode NR29 4RU — ONS Postcode Directory via postcodes.io",
            "url": "https://api.postcodes.io/postcodes/NR29%204RU",
            "retrieved": "2026-08-17"
          }
        ],
        "confidence": "high",
        "last_verified": "2026-08-17"
      }
    },
    {
      "type": "Feature",
      "geometry": {
        "type": "Point",
        "coordinates": [
          1.42302,
          52.87187
        ]
      },
      "properties": {
        "id": "nfrs-mundesley",
        "name": "Mundesley Fire Station",
        "category": "fire",
        "subtype": "career",
        "subregion_id": "north-norfolk",
        "status": "active",
        "agency": {
          "name": "Norfolk Fire and Rescue Service",
          "type": "fire_department",
          "level": "county",
          "parent": "Norfolk County Council"
        },
        "address": {
          "street": "Trunch Road",
          "city": "Mundesley",
          "county": "Norfolk",
          "postal_code": "NR11 8JU",
          "country": "GB"
        },
        "staffing_model": "career",
        "operating_hours": "on_call",
        "units": [
          {
            "type": "engine",
            "designation": "Pumping appliance",
            "count": 1,
            "attributes": {
              "crewing": "on-call"
            }
          }
        ],
        "attributes": {
          "on_call_crew_establishment": "1 watch manager, 2 crew managers and 9 firefighters"
        },
        "game": {
          "building_types": [
            "Fire Station"
          ],
          "recommended": false,
          "notes": "Mirror with one pumping appliance per appliance listed. NFRS publishes crewing but not per-station aerial/specialist allocations, so build specials at the wholetime houses."
        },
        "significance": "On-call station: no crew is at the station when the call comes in — firefighters are alerted and must be within five minutes of the station.",
        "sources": [
          {
            "title": "Mundesley Fire Station — Norfolk Fire and Rescue Service (archived 2023)",
            "url": "https://web.archive.org/web/20231001115417/https://www.norfolk.gov.uk/safety/norfolk-fire-and-rescue-service/in-your-community/find-your-local-station/eastern-area/mundesley",
            "retrieved": "2026-08-17"
          },
          {
            "title": "Norfolk Fire & Rescue Service Community Risk Plan 2023-2026 (consultation document)",
            "url": "https://norfolk.citizenspace.com/fire-and-rescue-services/crmp2022/supporting_documents/CRMP%20LARGE%20PRINT.pdf",
            "retrieved": "2026-08-17"
          },
          {
            "title": "Postcode NR11 8JU — ONS Postcode Directory via postcodes.io",
            "url": "https://api.postcodes.io/postcodes/NR11%208JU",
            "retrieved": "2026-08-17"
          }
        ],
        "confidence": "high",
        "last_verified": "2026-08-17"
      }
    },
    {
      "type": "Feature",
      "geometry": {
        "type": "Point",
        "coordinates": [
          1.38972,
          52.82065
        ]
      },
      "properties": {
        "id": "nfrs-north-walsham",
        "name": "North Walsham Fire Station",
        "category": "fire",
        "subtype": "career",
        "subregion_id": "north-norfolk",
        "status": "active",
        "agency": {
          "name": "Norfolk Fire and Rescue Service",
          "type": "fire_department",
          "level": "county",
          "parent": "Norfolk County Council"
        },
        "address": {
          "street": "New Road",
          "city": "North Walsham",
          "county": "Norfolk",
          "postal_code": "NR28 9DE",
          "country": "GB"
        },
        "staffing_model": "career",
        "operating_hours": "on_call",
        "units": [
          {
            "type": "engine",
            "designation": "Pumping appliance",
            "count": 1,
            "attributes": {
              "crewing": "on-call"
            }
          }
        ],
        "attributes": {
          "on_call_crew_establishment": "1 watch manager, 2 crew managers and 9 firefighters"
        },
        "game": {
          "building_types": [
            "Fire Station"
          ],
          "recommended": false,
          "notes": "Mirror with one pumping appliance per appliance listed. NFRS publishes crewing but not per-station aerial/specialist allocations, so build specials at the wholetime houses."
        },
        "significance": "On-call station: no crew is at the station when the call comes in — firefighters are alerted and must be within five minutes of the station.",
        "sources": [
          {
            "title": "North Walsham Fire Station — Norfolk Fire and Rescue Service (archived 2023)",
            "url": "https://web.archive.org/web/20230929005641/https://www.norfolk.gov.uk/safety/norfolk-fire-and-rescue-service/in-your-community/find-your-local-station/eastern-area/north-walsham",
            "retrieved": "2026-08-17"
          },
          {
            "title": "Norfolk Fire & Rescue Service Community Risk Plan 2023-2026 (consultation document)",
            "url": "https://norfolk.citizenspace.com/fire-and-rescue-services/crmp2022/supporting_documents/CRMP%20LARGE%20PRINT.pdf",
            "retrieved": "2026-08-17"
          },
          {
            "title": "Postcode NR28 9DE — ONS Postcode Directory via postcodes.io",
            "url": "https://api.postcodes.io/postcodes/NR28%209DE",
            "retrieved": "2026-08-17"
          }
        ],
        "confidence": "high",
        "last_verified": "2026-08-17"
      }
    },
    {
      "type": "Feature",
      "geometry": {
        "type": "Point",
        "coordinates": [
          1.21047,
          52.94043
        ]
      },
      "properties": {
        "id": "nfrs-sheringham",
        "name": "Sheringham Fire Station",
        "category": "fire",
        "subtype": "career",
        "subregion_id": "north-norfolk",
        "status": "active",
        "agency": {
          "name": "Norfolk Fire and Rescue Service",
          "type": "fire_department",
          "level": "county",
          "parent": "Norfolk County Council"
        },
        "address": {
          "street": "56 Cromer Road",
          "city": "Sheringham",
          "county": "Norfolk",
          "postal_code": "NR26 8RS",
          "country": "GB"
        },
        "staffing_model": "career",
        "operating_hours": "on_call",
        "units": [
          {
            "type": "engine",
            "designation": "Pumping appliance",
            "count": 1,
            "attributes": {
              "crewing": "on-call"
            }
          }
        ],
        "attributes": {
          "on_call_crew_establishment": "1 watch manager, 2 crew managers and 9 firefighters"
        },
        "game": {
          "building_types": [
            "Fire Station"
          ],
          "recommended": false,
          "notes": "Mirror with one pumping appliance per appliance listed. NFRS publishes crewing but not per-station aerial/specialist allocations, so build specials at the wholetime houses."
        },
        "significance": "On-call station: no crew is at the station when the call comes in — firefighters are alerted and must be within five minutes of the station. The site is a joint fire and police station — a Safer Neighbourhood Team base shares the building.",
        "sources": [
          {
            "title": "Sheringham Fire Station — Norfolk Fire and Rescue Service (archived 2023)",
            "url": "https://web.archive.org/web/20231001115019/https://www.norfolk.gov.uk/safety/norfolk-fire-and-rescue-service/in-your-community/find-your-local-station/eastern-area/sheringham",
            "retrieved": "2026-08-17"
          },
          {
            "title": "Norfolk Fire & Rescue Service Community Risk Plan 2023-2026 (consultation document)",
            "url": "https://norfolk.citizenspace.com/fire-and-rescue-services/crmp2022/supporting_documents/CRMP%20LARGE%20PRINT.pdf",
            "retrieved": "2026-08-17"
          },
          {
            "title": "Postcode NR26 8RS — ONS Postcode Directory via postcodes.io",
            "url": "https://api.postcodes.io/postcodes/NR26%208RS",
            "retrieved": "2026-08-17"
          },
          {
            "title": "Norfolk Constabulary Estates Plan 2022-2025 — List of Sites (archived)",
            "url": "https://web.archive.org/web/20250126173827/https://www.norfolk-pcc.gov.uk/assets/documents/Norfolk-Constabulary-Estates-Plan-2022-2025.pdf",
            "retrieved": "2026-08-17"
          }
        ],
        "confidence": "high",
        "last_verified": "2026-08-17"
      }
    },
    {
      "type": "Feature",
      "geometry": {
        "type": "Point",
        "coordinates": [
          1.51755,
          52.77007
        ]
      },
      "properties": {
        "id": "nfrs-stalham",
        "name": "Stalham Fire Station",
        "category": "fire",
        "subtype": "career",
        "subregion_id": "north-norfolk",
        "status": "active",
        "agency": {
          "name": "Norfolk Fire and Rescue Service",
          "type": "fire_department",
          "level": "county",
          "parent": "Norfolk County Council"
        },
        "address": {
          "street": "Lower Staithe Road",
          "city": "Stalham",
          "county": "Norfolk",
          "postal_code": "NR12 9BU",
          "country": "GB"
        },
        "staffing_model": "career",
        "operating_hours": "on_call",
        "units": [
          {
            "type": "engine",
            "designation": "Pumping appliance",
            "count": 1,
            "attributes": {
              "crewing": "on-call"
            }
          }
        ],
        "attributes": {
          "on_call_crew_establishment": "1 watch manager, 2 crew managers and 9 firefighters"
        },
        "game": {
          "building_types": [
            "Fire Station"
          ],
          "recommended": false,
          "notes": "Mirror with one pumping appliance per appliance listed. NFRS publishes crewing but not per-station aerial/specialist allocations, so build specials at the wholetime houses."
        },
        "significance": "On-call station: no crew is at the station when the call comes in — firefighters are alerted and must be within five minutes of the station.",
        "sources": [
          {
            "title": "Stalham Fire Station — Norfolk Fire and Rescue Service (archived 2023)",
            "url": "https://web.archive.org/web/20231001121227/https://www.norfolk.gov.uk/safety/norfolk-fire-and-rescue-service/in-your-community/find-your-local-station/eastern-area/stalham",
            "retrieved": "2026-08-17"
          },
          {
            "title": "Norfolk Fire & Rescue Service Community Risk Plan 2023-2026 (consultation document)",
            "url": "https://norfolk.citizenspace.com/fire-and-rescue-services/crmp2022/supporting_documents/CRMP%20LARGE%20PRINT.pdf",
            "retrieved": "2026-08-17"
          },
          {
            "title": "Postcode NR12 9BU — ONS Postcode Directory via postcodes.io",
            "url": "https://api.postcodes.io/postcodes/NR12%209BU",
            "retrieved": "2026-08-17"
          }
        ],
        "confidence": "high",
        "last_verified": "2026-08-17"
      }
    },
    {
      "type": "Feature",
      "geometry": {
        "type": "Point",
        "coordinates": [
          0.84846,
          52.95187
        ]
      },
      "properties": {
        "id": "nfrs-wells",
        "name": "Wells Fire Station",
        "category": "fire",
        "subtype": "career",
        "subregion_id": "north-norfolk",
        "status": "active",
        "agency": {
          "name": "Norfolk Fire and Rescue Service",
          "type": "fire_department",
          "level": "county",
          "parent": "Norfolk County Council"
        },
        "address": {
          "street": "Burnt Street",
          "city": "Wells-next-the-Sea",
          "county": "Norfolk",
          "postal_code": "NR23 1HW",
          "country": "GB"
        },
        "staffing_model": "career",
        "operating_hours": "on_call",
        "units": [
          {
            "type": "engine",
            "designation": "Pumping appliance",
            "count": 1,
            "attributes": {
              "crewing": "on-call"
            }
          }
        ],
        "attributes": {
          "on_call_crew_establishment": "1 watch manager, 2 crew managers and 9 firefighters"
        },
        "game": {
          "building_types": [
            "Fire Station"
          ],
          "recommended": false,
          "notes": "Mirror with one pumping appliance per appliance listed. NFRS publishes crewing but not per-station aerial/specialist allocations, so build specials at the wholetime houses."
        },
        "significance": "On-call station: no crew is at the station when the call comes in — firefighters are alerted and must be within five minutes of the station.",
        "sources": [
          {
            "title": "Wells Fire Station — Norfolk Fire and Rescue Service (archived 2023)",
            "url": "https://web.archive.org/web/20230928233007/https://www.norfolk.gov.uk/safety/norfolk-fire-and-rescue-service/in-your-community/find-your-local-station/eastern-area/wells",
            "retrieved": "2026-08-17"
          },
          {
            "title": "Norfolk Fire & Rescue Service Community Risk Plan 2023-2026 (consultation document)",
            "url": "https://norfolk.citizenspace.com/fire-and-rescue-services/crmp2022/supporting_documents/CRMP%20LARGE%20PRINT.pdf",
            "retrieved": "2026-08-17"
          },
          {
            "title": "Postcode NR23 1HW — ONS Postcode Directory via postcodes.io",
            "url": "https://api.postcodes.io/postcodes/NR23%201HW",
            "retrieved": "2026-08-17"
          }
        ],
        "confidence": "high",
        "last_verified": "2026-08-17"
      }
    },
    {
      "type": "Feature",
      "geometry": {
        "type": "Point",
        "coordinates": [
          1.02112,
          52.51647
        ]
      },
      "properties": {
        "id": "nfrs-attleborough",
        "name": "Attleborough Fire Station",
        "category": "fire",
        "subtype": "career",
        "subregion_id": "breckland",
        "status": "active",
        "agency": {
          "name": "Norfolk Fire and Rescue Service",
          "type": "fire_department",
          "level": "county",
          "parent": "Norfolk County Council"
        },
        "address": {
          "street": "Thieves Lane",
          "city": "Attleborough",
          "county": "Norfolk",
          "postal_code": "NR17 2AP",
          "country": "GB"
        },
        "staffing_model": "career",
        "operating_hours": "on_call",
        "units": [
          {
            "type": "engine",
            "designation": "Pumping appliance",
            "count": 1,
            "attributes": {
              "crewing": "on-call"
            }
          }
        ],
        "attributes": {
          "on_call_crew_establishment": "1 watch manager, 2 crew managers and 9 firefighters"
        },
        "game": {
          "building_types": [
            "Fire Station"
          ],
          "recommended": false,
          "notes": "Mirror with one pumping appliance per appliance listed. NFRS publishes crewing but not per-station aerial/specialist allocations, so build specials at the wholetime houses."
        },
        "significance": "On-call station: no crew is at the station when the call comes in — firefighters are alerted and must be within five minutes of the station.",
        "sources": [
          {
            "title": "Attleborough Fire Station — Norfolk Fire and Rescue Service (archived 2023)",
            "url": "https://web.archive.org/web/20231001123052/https://www.norfolk.gov.uk/safety/norfolk-fire-and-rescue-service/in-your-community/find-your-local-station/southern-area/attleborough",
            "retrieved": "2026-08-17"
          },
          {
            "title": "Norfolk Fire & Rescue Service Community Risk Plan 2023-2026 (consultation document)",
            "url": "https://norfolk.citizenspace.com/fire-and-rescue-services/crmp2022/supporting_documents/CRMP%20LARGE%20PRINT.pdf",
            "retrieved": "2026-08-17"
          },
          {
            "title": "Postcode NR17 2AP — ONS Postcode Directory via postcodes.io",
            "url": "https://api.postcodes.io/postcodes/NR17%202AP",
            "retrieved": "2026-08-17"
          }
        ],
        "confidence": "high",
        "last_verified": "2026-08-17"
      }
    },
    {
      "type": "Feature",
      "geometry": {
        "type": "Point",
        "coordinates": [
          0.95263,
          52.67965
        ]
      },
      "properties": {
        "id": "nfrs-dereham",
        "name": "Dereham Fire and Rescue Station",
        "category": "fire",
        "subtype": "combination",
        "subregion_id": "breckland",
        "status": "active",
        "agency": {
          "name": "Norfolk Fire and Rescue Service",
          "type": "fire_department",
          "level": "county",
          "parent": "Norfolk County Council"
        },
        "address": {
          "street": "Norwich Rd",
          "city": "Dereham",
          "county": "Norfolk",
          "postal_code": "NR20 3AS",
          "country": "GB"
        },
        "staffing_model": "combination",
        "operating_hours": "daytime",
        "units": [
          {
            "type": "engine",
            "designation": "Pumping appliance (day-crewed / on-call)",
            "count": 1,
            "attributes": {
              "crewing": "day-crewed 07:00–19:00, on-call at other times"
            }
          }
        ],
        "specialties": [
          "technical_rescue"
        ],
        "attributes": {
          "on_call_crew_establishment": "1 watch manager, 4 crew managers and 15 firefighters"
        },
        "game": {
          "building_types": [
            "Fire Station"
          ],
          "recommended": true,
          "notes": "Mirror with one pumping appliance per appliance listed. NFRS publishes crewing but not per-station aerial/specialist allocations, so build specials at the wholetime houses."
        },
        "significance": "Staffed 07:00–19:00 seven days a week by two full-time watches who are also Urban Search and Rescue technicians, and by on-call firefighters at all other times. NFRS runs four USAR vehicles service-wide; the per-station allocation is not published.",
        "sources": [
          {
            "title": "Dereham Fire and Rescue Station — Norfolk Fire and Rescue Service (archived 2023)",
            "url": "https://web.archive.org/web/20231001124057/https://www.norfolk.gov.uk/safety/norfolk-fire-and-rescue-service/in-your-community/find-your-local-station/southern-area/dereham",
            "retrieved": "2026-08-17"
          },
          {
            "title": "Norfolk Fire & Rescue Service Community Risk Plan 2023-2026 (consultation document)",
            "url": "https://norfolk.citizenspace.com/fire-and-rescue-services/crmp2022/supporting_documents/CRMP%20LARGE%20PRINT.pdf",
            "retrieved": "2026-08-17"
          },
          {
            "title": "Postcode NR20 3AS — ONS Postcode Directory via postcodes.io",
            "url": "https://api.postcodes.io/postcodes/NR20%203AS",
            "retrieved": "2026-08-17"
          }
        ],
        "confidence": "high",
        "last_verified": "2026-08-17"
      }
    },
    {
      "type": "Feature",
      "geometry": {
        "type": "Point",
        "coordinates": [
          1.10319,
          52.3738
        ]
      },
      "properties": {
        "id": "nfrs-diss",
        "name": "Diss Fire Station",
        "category": "fire",
        "subtype": "career",
        "subregion_id": "south-norfolk",
        "status": "active",
        "agency": {
          "name": "Norfolk Fire and Rescue Service",
          "type": "fire_department",
          "level": "county",
          "parent": "Norfolk County Council"
        },
        "address": {
          "street": "Park Road",
          "city": "Diss",
          "county": "Norfolk",
          "postal_code": "IP22 4AS",
          "country": "GB"
        },
        "staffing_model": "career",
        "operating_hours": "on_call",
        "units": [
          {
            "type": "engine",
            "designation": "Pumping appliance",
            "count": 1,
            "attributes": {
              "crewing": "on-call"
            }
          }
        ],
        "attributes": {
          "on_call_crew_establishment": "1 watch manager, 2 crew managers and 9 firefighters"
        },
        "game": {
          "building_types": [
            "Fire Station"
          ],
          "recommended": false,
          "notes": "Mirror with one pumping appliance per appliance listed. NFRS publishes crewing but not per-station aerial/specialist allocations, so build specials at the wholetime houses."
        },
        "significance": "On-call station: no crew is at the station when the call comes in — firefighters are alerted and must be within five minutes of the station.",
        "sources": [
          {
            "title": "Diss Fire Station — Norfolk Fire and Rescue Service (archived 2023)",
            "url": "https://web.archive.org/web/20231001123215/https://www.norfolk.gov.uk/safety/norfolk-fire-and-rescue-service/in-your-community/find-your-local-station/southern-area/diss",
            "retrieved": "2026-08-17"
          },
          {
            "title": "Norfolk Fire & Rescue Service Community Risk Plan 2023-2026 (consultation document)",
            "url": "https://norfolk.citizenspace.com/fire-and-rescue-services/crmp2022/supporting_documents/CRMP%20LARGE%20PRINT.pdf",
            "retrieved": "2026-08-17"
          },
          {
            "title": "Postcode IP22 4AS — ONS Postcode Directory via postcodes.io",
            "url": "https://api.postcodes.io/postcodes/IP22%204AS",
            "retrieved": "2026-08-17"
          }
        ],
        "confidence": "high",
        "last_verified": "2026-08-17"
      }
    },
    {
      "type": "Feature",
      "geometry": {
        "type": "Point",
        "coordinates": [
          0.92996,
          52.44091
        ]
      },
      "properties": {
        "id": "nfrs-east-harling",
        "name": "East Harling Fire Station",
        "category": "fire",
        "subtype": "career",
        "subregion_id": "breckland",
        "status": "active",
        "agency": {
          "name": "Norfolk Fire and Rescue Service",
          "type": "fire_department",
          "level": "county",
          "parent": "Norfolk County Council"
        },
        "address": {
          "street": "Church Rd",
          "city": "East Harling",
          "county": "Norfolk",
          "postal_code": "NR16 2NB",
          "country": "GB"
        },
        "staffing_model": "career",
        "operating_hours": "on_call",
        "units": [
          {
            "type": "engine",
            "designation": "Pumping appliance",
            "count": 1,
            "attributes": {
              "crewing": "on-call"
            }
          }
        ],
        "attributes": {
          "on_call_crew_establishment": "1 watch manager, 2 crew managers and 9 firefighters"
        },
        "game": {
          "building_types": [
            "Fire Station"
          ],
          "recommended": false,
          "notes": "Mirror with one pumping appliance per appliance listed. NFRS publishes crewing but not per-station aerial/specialist allocations, so build specials at the wholetime houses."
        },
        "significance": "On-call station: no crew is at the station when the call comes in — firefighters are alerted and must be within five minutes of the station.",
        "sources": [
          {
            "title": "East Harling Fire Station — Norfolk Fire and Rescue Service (archived 2023)",
            "url": "https://web.archive.org/web/20231001130519/https://www.norfolk.gov.uk/safety/norfolk-fire-and-rescue-service/in-your-community/find-your-local-station/southern-area/east-harling",
            "retrieved": "2026-08-17"
          },
          {
            "title": "Norfolk Fire & Rescue Service Community Risk Plan 2023-2026 (consultation document)",
            "url": "https://norfolk.citizenspace.com/fire-and-rescue-services/crmp2022/supporting_documents/CRMP%20LARGE%20PRINT.pdf",
            "retrieved": "2026-08-17"
          },
          {
            "title": "Postcode NR16 2NB — ONS Postcode Directory via postcodes.io",
            "url": "https://api.postcodes.io/postcodes/NR16%202NB",
            "retrieved": "2026-08-17"
          }
        ],
        "confidence": "high",
        "last_verified": "2026-08-17"
      }
    },
    {
      "type": "Feature",
      "geometry": {
        "type": "Point",
        "coordinates": [
          1.29799,
          52.4025
        ]
      },
      "properties": {
        "id": "nfrs-harleston",
        "name": "Harleston Fire Station",
        "category": "fire",
        "subtype": "career",
        "subregion_id": "south-norfolk",
        "status": "active",
        "agency": {
          "name": "Norfolk Fire and Rescue Service",
          "type": "fire_department",
          "level": "county",
          "parent": "Norfolk County Council"
        },
        "address": {
          "street": "Swan Lane",
          "city": "Harleston",
          "county": "Norfolk",
          "postal_code": "IP20 9AN",
          "country": "GB"
        },
        "staffing_model": "career",
        "operating_hours": "on_call",
        "units": [
          {
            "type": "engine",
            "designation": "Pumping appliance",
            "count": 1,
            "attributes": {
              "crewing": "on-call"
            }
          }
        ],
        "attributes": {
          "on_call_crew_establishment": "1 watch manager, 2 crew managers and 9 firefighters"
        },
        "game": {
          "building_types": [
            "Fire Station"
          ],
          "recommended": false,
          "notes": "Mirror with one pumping appliance per appliance listed. NFRS publishes crewing but not per-station aerial/specialist allocations, so build specials at the wholetime houses."
        },
        "significance": "On-call station: no crew is at the station when the call comes in — firefighters are alerted and must be within five minutes of the station.",
        "sources": [
          {
            "title": "Harleston Fire Station — Norfolk Fire and Rescue Service (archived 2023)",
            "url": "https://web.archive.org/web/20231001123726/https://www.norfolk.gov.uk/safety/norfolk-fire-and-rescue-service/in-your-community/find-your-local-station/southern-area/harleston",
            "retrieved": "2026-08-17"
          },
          {
            "title": "Norfolk Fire & Rescue Service Community Risk Plan 2023-2026 (consultation document)",
            "url": "https://norfolk.citizenspace.com/fire-and-rescue-services/crmp2022/supporting_documents/CRMP%20LARGE%20PRINT.pdf",
            "retrieved": "2026-08-17"
          },
          {
            "title": "Postcode IP20 9AN — ONS Postcode Directory via postcodes.io",
            "url": "https://api.postcodes.io/postcodes/IP20%209AN",
            "retrieved": "2026-08-17"
          }
        ],
        "confidence": "high",
        "last_verified": "2026-08-17"
      }
    },
    {
      "type": "Feature",
      "geometry": {
        "type": "Point",
        "coordinates": [
          1.17982,
          52.59671
        ]
      },
      "properties": {
        "id": "nfrs-hethersett",
        "name": "Hethersett (Whitegates) Fire Station",
        "category": "fire",
        "subtype": "career",
        "subregion_id": "south-norfolk",
        "status": "active",
        "agency": {
          "name": "Norfolk Fire and Rescue Service",
          "type": "fire_department",
          "level": "county",
          "parent": "Norfolk County Council"
        },
        "address": {
          "street": "Whitegates",
          "city": "Hethersett",
          "county": "Norfolk",
          "postal_code": "NR9 3DN",
          "country": "GB"
        },
        "staffing_model": "career",
        "operating_hours": "on_call",
        "units": [
          {
            "type": "engine",
            "designation": "Pumping appliance",
            "count": 1,
            "attributes": {
              "crewing": "on-call"
            }
          }
        ],
        "attributes": {
          "on_call_crew_establishment": "1 watch manager, 2 crew managers and 9 firefighters"
        },
        "game": {
          "building_types": [
            "Fire Station"
          ],
          "recommended": false,
          "notes": "Mirror with one pumping appliance per appliance listed. NFRS publishes crewing but not per-station aerial/specialist allocations, so build specials at the wholetime houses."
        },
        "significance": "On-call station: no crew is at the station when the call comes in — firefighters are alerted and must be within five minutes of the station. Whitegates was built as a house in the late eighteenth century, commandeered by the National Fire Service in the Second World War and bought by the county in 1950.",
        "sources": [
          {
            "title": "Hethersett (Whitegates) Fire Station — Norfolk Fire and Rescue Service (archived 2023)",
            "url": "https://web.archive.org/web/20230929012632/https://www.norfolk.gov.uk/safety/norfolk-fire-and-rescue-service/in-your-community/find-your-local-station/southern-area/hethersett-whitegates",
            "retrieved": "2026-08-17"
          },
          {
            "title": "Norfolk Fire & Rescue Service Community Risk Plan 2023-2026 (consultation document)",
            "url": "https://norfolk.citizenspace.com/fire-and-rescue-services/crmp2022/supporting_documents/CRMP%20LARGE%20PRINT.pdf",
            "retrieved": "2026-08-17"
          },
          {
            "title": "Postcode NR9 3DN — ONS Postcode Directory via postcodes.io",
            "url": "https://api.postcodes.io/postcodes/NR9%203DN",
            "retrieved": "2026-08-17"
          }
        ],
        "confidence": "high",
        "last_verified": "2026-08-17"
      }
    },
    {
      "type": "Feature",
      "geometry": {
        "type": "Point",
        "coordinates": [
          0.99268,
          52.57994
        ]
      },
      "properties": {
        "id": "nfrs-hingham",
        "name": "Hingham Fire Station",
        "category": "fire",
        "subtype": "career",
        "subregion_id": "south-norfolk",
        "status": "active",
        "agency": {
          "name": "Norfolk Fire and Rescue Service",
          "type": "fire_department",
          "level": "county",
          "parent": "Norfolk County Council"
        },
        "address": {
          "street": "Norwich Road",
          "city": "Hingham",
          "county": "Norfolk",
          "postal_code": "NR9 4LS",
          "country": "GB"
        },
        "staffing_model": "career",
        "operating_hours": "on_call",
        "units": [
          {
            "type": "engine",
            "designation": "Pumping appliance",
            "count": 1,
            "attributes": {
              "crewing": "on-call"
            }
          }
        ],
        "attributes": {
          "on_call_crew_establishment": "1 watch manager, 2 crew managers and 9 firefighters"
        },
        "game": {
          "building_types": [
            "Fire Station"
          ],
          "recommended": false,
          "notes": "Mirror with one pumping appliance per appliance listed. NFRS publishes crewing but not per-station aerial/specialist allocations, so build specials at the wholetime houses."
        },
        "significance": "On-call station: no crew is at the station when the call comes in — firefighters are alerted and must be within five minutes of the station.",
        "sources": [
          {
            "title": "Hingham Fire Station — Norfolk Fire and Rescue Service (archived 2023)",
            "url": "https://web.archive.org/web/20231001125107/https://www.norfolk.gov.uk/safety/norfolk-fire-and-rescue-service/in-your-community/find-your-local-station/southern-area/hingham",
            "retrieved": "2026-08-17"
          },
          {
            "title": "Norfolk Fire & Rescue Service Community Risk Plan 2023-2026 (consultation document)",
            "url": "https://norfolk.citizenspace.com/fire-and-rescue-services/crmp2022/supporting_documents/CRMP%20LARGE%20PRINT.pdf",
            "retrieved": "2026-08-17"
          },
          {
            "title": "Postcode NR9 4LS — ONS Postcode Directory via postcodes.io",
            "url": "https://api.postcodes.io/postcodes/NR9%204LS",
            "retrieved": "2026-08-17"
          }
        ],
        "confidence": "high",
        "last_verified": "2026-08-17"
      }
    },
    {
      "type": "Feature",
      "geometry": {
        "type": "Point",
        "coordinates": [
          1.48216,
          52.53388
        ]
      },
      "properties": {
        "id": "nfrs-loddon",
        "name": "Loddon Fire Station",
        "category": "fire",
        "subtype": "career",
        "subregion_id": "south-norfolk",
        "status": "active",
        "agency": {
          "name": "Norfolk Fire and Rescue Service",
          "type": "fire_department",
          "level": "county",
          "parent": "Norfolk County Council"
        },
        "address": {
          "street": "High Street",
          "city": "Loddon",
          "county": "Norfolk",
          "postal_code": "NR14 6ET",
          "country": "GB"
        },
        "staffing_model": "career",
        "operating_hours": "on_call",
        "units": [
          {
            "type": "engine",
            "designation": "Pumping appliance",
            "count": 1,
            "attributes": {
              "crewing": "on-call"
            }
          }
        ],
        "attributes": {
          "on_call_crew_establishment": "1 watch manager, 2 crew managers and 9 firefighters"
        },
        "game": {
          "building_types": [
            "Fire Station"
          ],
          "recommended": false,
          "notes": "Mirror with one pumping appliance per appliance listed. NFRS publishes crewing but not per-station aerial/specialist allocations, so build specials at the wholetime houses."
        },
        "significance": "On-call station: no crew is at the station when the call comes in — firefighters are alerted and must be within five minutes of the station. Loddon Fire Station is listed in the constabulary estate as a new Safer Neighbourhood Team base.",
        "sources": [
          {
            "title": "Loddon Fire Station — Norfolk Fire and Rescue Service (archived 2023)",
            "url": "https://web.archive.org/web/20231001120114/https://www.norfolk.gov.uk/safety/norfolk-fire-and-rescue-service/in-your-community/find-your-local-station/southern-area/loddon",
            "retrieved": "2026-08-17"
          },
          {
            "title": "Norfolk Fire & Rescue Service Community Risk Plan 2023-2026 (consultation document)",
            "url": "https://norfolk.citizenspace.com/fire-and-rescue-services/crmp2022/supporting_documents/CRMP%20LARGE%20PRINT.pdf",
            "retrieved": "2026-08-17"
          },
          {
            "title": "Postcode NR14 6ET — ONS Postcode Directory via postcodes.io",
            "url": "https://api.postcodes.io/postcodes/NR14%206ET",
            "retrieved": "2026-08-17"
          },
          {
            "title": "Norfolk Constabulary Estates Plan 2022-2025 — List of Sites (archived)",
            "url": "https://web.archive.org/web/20250126173827/https://www.norfolk-pcc.gov.uk/assets/documents/Norfolk-Constabulary-Estates-Plan-2022-2025.pdf",
            "retrieved": "2026-08-17"
          }
        ],
        "confidence": "high",
        "last_verified": "2026-08-17"
      }
    },
    {
      "type": "Feature",
      "geometry": {
        "type": "Point",
        "coordinates": [
          1.23316,
          52.48949
        ]
      },
      "properties": {
        "id": "nfrs-long-stratton",
        "name": "Long Stratton Fire Station",
        "category": "fire",
        "subtype": "career",
        "subregion_id": "south-norfolk",
        "status": "active",
        "agency": {
          "name": "Norfolk Fire and Rescue Service",
          "type": "fire_department",
          "level": "county",
          "parent": "Norfolk County Council"
        },
        "address": {
          "street": "Swan Lane",
          "city": "Long Stratton",
          "county": "Norfolk",
          "postal_code": "NR15 2XN",
          "country": "GB"
        },
        "staffing_model": "career",
        "operating_hours": "on_call",
        "units": [
          {
            "type": "engine",
            "designation": "Pumping appliance",
            "count": 1,
            "attributes": {
              "crewing": "on-call"
            }
          }
        ],
        "attributes": {
          "on_call_crew_establishment": "1 watch manager, 2 crew managers and 9 firefighters"
        },
        "game": {
          "building_types": [
            "Fire Station"
          ],
          "recommended": false,
          "notes": "Mirror with one pumping appliance per appliance listed. NFRS publishes crewing but not per-station aerial/specialist allocations, so build specials at the wholetime houses."
        },
        "significance": "On-call station: no crew is at the station when the call comes in — firefighters are alerted and must be within five minutes of the station.",
        "sources": [
          {
            "title": "Long Stratton Fire Station — Norfolk Fire and Rescue Service (archived 2023)",
            "url": "https://web.archive.org/web/20231001120315/https://www.norfolk.gov.uk/safety/norfolk-fire-and-rescue-service/in-your-community/find-your-local-station/southern-area/long-stratton",
            "retrieved": "2026-08-17"
          },
          {
            "title": "Norfolk Fire & Rescue Service Community Risk Plan 2023-2026 (consultation document)",
            "url": "https://norfolk.citizenspace.com/fire-and-rescue-services/crmp2022/supporting_documents/CRMP%20LARGE%20PRINT.pdf",
            "retrieved": "2026-08-17"
          },
          {
            "title": "Postcode NR15 2XN — ONS Postcode Directory via postcodes.io",
            "url": "https://api.postcodes.io/postcodes/NR15%202XN",
            "retrieved": "2026-08-17"
          }
        ],
        "confidence": "high",
        "last_verified": "2026-08-17"
      }
    },
    {
      "type": "Feature",
      "geometry": {
        "type": "Point",
        "coordinates": [
          0.68232,
          52.65165
        ]
      },
      "properties": {
        "id": "nfrs-swaffham",
        "name": "Swaffham Fire Station",
        "category": "fire",
        "subtype": "career",
        "subregion_id": "breckland",
        "status": "active",
        "agency": {
          "name": "Norfolk Fire and Rescue Service",
          "type": "fire_department",
          "level": "county",
          "parent": "Norfolk County Council"
        },
        "address": {
          "street": "West Acre Road",
          "city": "Swaffham",
          "county": "Norfolk",
          "postal_code": "PE37 7NG",
          "country": "GB"
        },
        "staffing_model": "career",
        "operating_hours": "on_call",
        "units": [
          {
            "type": "engine",
            "designation": "Pumping appliance",
            "count": 1,
            "attributes": {
              "crewing": "on-call"
            }
          }
        ],
        "attributes": {
          "on_call_crew_establishment": "1 watch manager, 2 crew managers and 9 firefighters"
        },
        "game": {
          "building_types": [
            "Fire Station"
          ],
          "recommended": false,
          "notes": "Mirror with one pumping appliance per appliance listed. NFRS publishes crewing but not per-station aerial/specialist allocations, so build specials at the wholetime houses."
        },
        "significance": "On-call station: no crew is at the station when the call comes in — firefighters are alerted and must be within five minutes of the station.",
        "sources": [
          {
            "title": "Swaffham Fire Station — Norfolk Fire and Rescue Service (archived 2023)",
            "url": "https://web.archive.org/web/20231001120237/https://www.norfolk.gov.uk/safety/norfolk-fire-and-rescue-service/in-your-community/find-your-local-station/southern-area/swaffham",
            "retrieved": "2026-08-17"
          },
          {
            "title": "Norfolk Fire & Rescue Service Community Risk Plan 2023-2026 (consultation document)",
            "url": "https://norfolk.citizenspace.com/fire-and-rescue-services/crmp2022/supporting_documents/CRMP%20LARGE%20PRINT.pdf",
            "retrieved": "2026-08-17"
          },
          {
            "title": "Postcode PE37 7NG — ONS Postcode Directory via postcodes.io",
            "url": "https://api.postcodes.io/postcodes/PE37%207NG",
            "retrieved": "2026-08-17"
          }
        ],
        "confidence": "high",
        "last_verified": "2026-08-17"
      }
    },
    {
      "type": "Feature",
      "geometry": {
        "type": "Point",
        "coordinates": [
          0.75049,
          52.41597
        ]
      },
      "properties": {
        "id": "nfrs-thetford",
        "name": "Thetford Fire Station",
        "category": "fire",
        "subtype": "career",
        "subregion_id": "breckland",
        "status": "active",
        "agency": {
          "name": "Norfolk Fire and Rescue Service",
          "type": "fire_department",
          "level": "county",
          "parent": "Norfolk County Council"
        },
        "address": {
          "street": "Norwich Road",
          "city": "Thetford",
          "county": "Norfolk",
          "postal_code": "IP24 2HT",
          "country": "GB"
        },
        "staffing_model": "career",
        "operating_hours": "daytime",
        "units": [
          {
            "type": "engine",
            "designation": "Pumping appliance",
            "count": 1,
            "attributes": {
              "crewing": "on-call"
            }
          }
        ],
        "attributes": {
          "on_call_crew_establishment": "1 watch manager, 3 crew managers and 12 firefighters"
        },
        "game": {
          "building_types": [
            "Fire Station"
          ],
          "recommended": false,
          "notes": "Mirror with one pumping appliance per appliance listed. NFRS publishes crewing but not per-station aerial/specialist allocations, so build specials at the wholetime houses."
        },
        "significance": "The Community Risk Plan lists Thetford as one of two day-crewed stations (firefighters on site during the day, on-call at other times); the station page describes on-call crewing only, so the duty system here is the less certain of the two. The same plan consulted on moving the Technical Rescue Unit (water and large-animal rescue) from Thetford to Great Yarmouth — treat its current base as unconfirmed.",
        "sources": [
          {
            "title": "Thetford Fire Station — Norfolk Fire and Rescue Service (archived 2023)",
            "url": "https://web.archive.org/web/20230929000037/https://www.norfolk.gov.uk/safety/norfolk-fire-and-rescue-service/in-your-community/find-your-local-station/southern-area/thetford",
            "retrieved": "2026-08-17"
          },
          {
            "title": "Norfolk Fire & Rescue Service Community Risk Plan 2023-2026 (consultation document)",
            "url": "https://norfolk.citizenspace.com/fire-and-rescue-services/crmp2022/supporting_documents/CRMP%20LARGE%20PRINT.pdf",
            "retrieved": "2026-08-17"
          },
          {
            "title": "Postcode IP24 2HT — ONS Postcode Directory via postcodes.io",
            "url": "https://api.postcodes.io/postcodes/IP24%202HT",
            "retrieved": "2026-08-17"
          }
        ],
        "confidence": "medium",
        "last_verified": "2026-08-17"
      }
    },
    {
      "type": "Feature",
      "geometry": {
        "type": "Point",
        "coordinates": [
          0.82909,
          52.56745
        ]
      },
      "properties": {
        "id": "nfrs-watton",
        "name": "Watton Fire Station",
        "category": "fire",
        "subtype": "career",
        "subregion_id": "breckland",
        "status": "active",
        "agency": {
          "name": "Norfolk Fire and Rescue Service",
          "type": "fire_department",
          "level": "county",
          "parent": "Norfolk County Council"
        },
        "address": {
          "street": "Thetford Road",
          "city": "Watton",
          "county": "Norfolk",
          "postal_code": "IP25 6BX",
          "country": "GB"
        },
        "staffing_model": "career",
        "operating_hours": "on_call",
        "units": [
          {
            "type": "engine",
            "designation": "Pumping appliance",
            "count": 1,
            "attributes": {
              "crewing": "on-call"
            }
          }
        ],
        "attributes": {
          "on_call_crew_establishment": "1 watch manager, 2 crew managers and 9 firefighters"
        },
        "game": {
          "building_types": [
            "Fire Station"
          ],
          "recommended": false,
          "notes": "Mirror with one pumping appliance per appliance listed. NFRS publishes crewing but not per-station aerial/specialist allocations, so build specials at the wholetime houses."
        },
        "significance": "On-call station: no crew is at the station when the call comes in — firefighters are alerted and must be within five minutes of the station.",
        "sources": [
          {
            "title": "Watton Fire Station — Norfolk Fire and Rescue Service (archived 2023)",
            "url": "https://web.archive.org/web/20230929012312/https://www.norfolk.gov.uk/safety/norfolk-fire-and-rescue-service/in-your-community/find-your-local-station/southern-area/watton",
            "retrieved": "2026-08-17"
          },
          {
            "title": "Norfolk Fire & Rescue Service Community Risk Plan 2023-2026 (consultation document)",
            "url": "https://norfolk.citizenspace.com/fire-and-rescue-services/crmp2022/supporting_documents/CRMP%20LARGE%20PRINT.pdf",
            "retrieved": "2026-08-17"
          },
          {
            "title": "Postcode IP25 6BX — ONS Postcode Directory via postcodes.io",
            "url": "https://api.postcodes.io/postcodes/IP25%206BX",
            "retrieved": "2026-08-17"
          }
        ],
        "confidence": "high",
        "last_verified": "2026-08-17"
      }
    },
    {
      "type": "Feature",
      "geometry": {
        "type": "Point",
        "coordinates": [
          1.10788,
          52.56584
        ]
      },
      "properties": {
        "id": "nfrs-wymondham",
        "name": "Wymondham Fire Station",
        "category": "fire",
        "subtype": "career",
        "subregion_id": "south-norfolk",
        "status": "active",
        "agency": {
          "name": "Norfolk Fire and Rescue Service",
          "type": "fire_department",
          "level": "county",
          "parent": "Norfolk County Council"
        },
        "address": {
          "street": "London Road",
          "city": "Wymondham",
          "county": "Norfolk",
          "postal_code": "NR18 9AW",
          "country": "GB"
        },
        "staffing_model": "career",
        "operating_hours": "on_call",
        "units": [
          {
            "type": "engine",
            "designation": "Pumping appliance",
            "count": 1,
            "attributes": {
              "crewing": "on-call"
            }
          }
        ],
        "attributes": {
          "on_call_crew_establishment": "1 watch manager, 2 crew managers and 9 firefighters"
        },
        "game": {
          "building_types": [
            "Fire Station"
          ],
          "recommended": false,
          "notes": "Mirror with one pumping appliance per appliance listed. NFRS publishes crewing but not per-station aerial/specialist allocations, so build specials at the wholetime houses."
        },
        "significance": "On-call station: no crew is at the station when the call comes in — firefighters are alerted and must be within five minutes of the station.",
        "sources": [
          {
            "title": "Wymondham Fire Station — Norfolk Fire and Rescue Service (archived 2023)",
            "url": "https://web.archive.org/web/20231001131705/https://www.norfolk.gov.uk/safety/norfolk-fire-and-rescue-service/in-your-community/find-your-local-station/southern-area/wymondham",
            "retrieved": "2026-08-17"
          },
          {
            "title": "Norfolk Fire & Rescue Service Community Risk Plan 2023-2026 (consultation document)",
            "url": "https://norfolk.citizenspace.com/fire-and-rescue-services/crmp2022/supporting_documents/CRMP%20LARGE%20PRINT.pdf",
            "retrieved": "2026-08-17"
          },
          {
            "title": "Postcode NR18 9AW — ONS Postcode Directory via postcodes.io",
            "url": "https://api.postcodes.io/postcodes/NR18%209AW",
            "retrieved": "2026-08-17"
          }
        ],
        "confidence": "high",
        "last_verified": "2026-08-17"
      }
    },
    {
      "type": "Feature",
      "geometry": {
        "type": "Point",
        "coordinates": [
          0.38014,
          52.59722
        ]
      },
      "properties": {
        "id": "nfrs-downham-market",
        "name": "Downham Market Fire Station",
        "category": "fire",
        "subtype": "career",
        "subregion_id": "kings-lynn-west-norfolk",
        "status": "active",
        "agency": {
          "name": "Norfolk Fire and Rescue Service",
          "type": "fire_department",
          "level": "county",
          "parent": "Norfolk County Council"
        },
        "address": {
          "street": "Ryston Close",
          "city": "Downham Market",
          "county": "Norfolk",
          "postal_code": "PE38 9BD",
          "country": "GB"
        },
        "staffing_model": "career",
        "operating_hours": "on_call",
        "units": [
          {
            "type": "engine",
            "designation": "Pumping appliance",
            "count": 1,
            "attributes": {
              "crewing": "on-call"
            }
          }
        ],
        "attributes": {
          "on_call_crew_establishment": "1 watch manager, 2 crew managers and 9 firefighters"
        },
        "game": {
          "building_types": [
            "Fire Station"
          ],
          "recommended": false,
          "notes": "Mirror with one pumping appliance per appliance listed. NFRS publishes crewing but not per-station aerial/specialist allocations, so build specials at the wholetime houses."
        },
        "significance": "On-call station: no crew is at the station when the call comes in — firefighters are alerted and must be within five minutes of the station.",
        "sources": [
          {
            "title": "Downham Market Fire Station — Norfolk Fire and Rescue Service (archived 2022)",
            "url": "https://web.archive.org/web/20220922075929/https://www.norfolk.gov.uk/safety/norfolk-fire-and-rescue-service/in-your-community/find-your-local-station/western-area/downham-market",
            "retrieved": "2026-08-17"
          },
          {
            "title": "Norfolk Fire & Rescue Service Community Risk Plan 2023-2026 (consultation document)",
            "url": "https://norfolk.citizenspace.com/fire-and-rescue-services/crmp2022/supporting_documents/CRMP%20LARGE%20PRINT.pdf",
            "retrieved": "2026-08-17"
          },
          {
            "title": "Postcode PE38 9BD — ONS Postcode Directory via postcodes.io",
            "url": "https://api.postcodes.io/postcodes/PE38%209BD",
            "retrieved": "2026-08-17"
          }
        ],
        "confidence": "high",
        "last_verified": "2026-08-17"
      }
    },
    {
      "type": "Feature",
      "geometry": {
        "type": "Point",
        "coordinates": [
          0.4912,
          52.9099
        ]
      },
      "properties": {
        "id": "nfrs-heacham",
        "name": "Heacham Fire Station",
        "category": "fire",
        "subtype": "career",
        "subregion_id": "kings-lynn-west-norfolk",
        "status": "active",
        "agency": {
          "name": "Norfolk Fire and Rescue Service",
          "type": "fire_department",
          "level": "county",
          "parent": "Norfolk County Council"
        },
        "address": {
          "street": "Station Road",
          "city": "Heacham",
          "county": "Norfolk",
          "postal_code": "PE31 7EX",
          "country": "GB"
        },
        "staffing_model": "career",
        "operating_hours": "on_call",
        "units": [
          {
            "type": "engine",
            "designation": "Pumping appliance",
            "count": 1,
            "attributes": {
              "crewing": "on-call"
            }
          }
        ],
        "attributes": {
          "on_call_crew_establishment": "1 watch manager, 2 crew managers and 9 firefighters"
        },
        "game": {
          "building_types": [
            "Fire Station"
          ],
          "recommended": false,
          "notes": "Mirror with one pumping appliance per appliance listed. NFRS publishes crewing but not per-station aerial/specialist allocations, so build specials at the wholetime houses."
        },
        "significance": "On-call station: no crew is at the station when the call comes in — firefighters are alerted and must be within five minutes of the station.",
        "sources": [
          {
            "title": "Heacham Fire Station — Norfolk Fire and Rescue Service (archived 2022)",
            "url": "https://web.archive.org/web/20220921220139/https://www.norfolk.gov.uk/safety/norfolk-fire-and-rescue-service/in-your-community/find-your-local-station/western-area/heacham",
            "retrieved": "2026-08-17"
          },
          {
            "title": "Norfolk Fire & Rescue Service Community Risk Plan 2023-2026 (consultation document)",
            "url": "https://norfolk.citizenspace.com/fire-and-rescue-services/crmp2022/supporting_documents/CRMP%20LARGE%20PRINT.pdf",
            "retrieved": "2026-08-17"
          },
          {
            "title": "Postcode PE31 7EX — ONS Postcode Directory via postcodes.io",
            "url": "https://api.postcodes.io/postcodes/PE31%207EX",
            "retrieved": "2026-08-17"
          }
        ],
        "confidence": "high",
        "last_verified": "2026-08-17"
      }
    },
    {
      "type": "Feature",
      "geometry": {
        "type": "Point",
        "coordinates": [
          0.49387,
          52.93734
        ]
      },
      "properties": {
        "id": "nfrs-hunstanton",
        "name": "Hunstanton Fire Station",
        "category": "fire",
        "subtype": "career",
        "subregion_id": "kings-lynn-west-norfolk",
        "status": "active",
        "agency": {
          "name": "Norfolk Fire and Rescue Service",
          "type": "fire_department",
          "level": "county",
          "parent": "Norfolk County Council"
        },
        "address": {
          "street": "Kings Lynn Road",
          "city": "Hunstanton",
          "county": "Norfolk",
          "postal_code": "PE36 5HP",
          "country": "GB"
        },
        "staffing_model": "career",
        "operating_hours": "on_call",
        "units": [
          {
            "type": "engine",
            "designation": "Pumping appliance",
            "count": 1,
            "attributes": {
              "crewing": "on-call"
            }
          }
        ],
        "attributes": {
          "on_call_crew_establishment": "1 watch manager, 2 crew managers and 9 firefighters"
        },
        "game": {
          "building_types": [
            "Fire Station"
          ],
          "recommended": false,
          "notes": "Mirror with one pumping appliance per appliance listed. NFRS publishes crewing but not per-station aerial/specialist allocations, so build specials at the wholetime houses."
        },
        "significance": "On-call station: no crew is at the station when the call comes in — firefighters are alerted and must be within five minutes of the station.",
        "sources": [
          {
            "title": "Hunstanton Fire Station — Norfolk Fire and Rescue Service (archived 2022)",
            "url": "https://web.archive.org/web/20220922070331/https://www.norfolk.gov.uk/safety/norfolk-fire-and-rescue-service/in-your-community/find-your-local-station/western-area/hunstanton",
            "retrieved": "2026-08-17"
          },
          {
            "title": "Norfolk Fire & Rescue Service Community Risk Plan 2023-2026 (consultation document)",
            "url": "https://norfolk.citizenspace.com/fire-and-rescue-services/crmp2022/supporting_documents/CRMP%20LARGE%20PRINT.pdf",
            "retrieved": "2026-08-17"
          },
          {
            "title": "Postcode PE36 5HP — ONS Postcode Directory via postcodes.io",
            "url": "https://api.postcodes.io/postcodes/PE36%205HP",
            "retrieved": "2026-08-17"
          }
        ],
        "confidence": "high",
        "last_verified": "2026-08-17"
      }
    },
    {
      "type": "Feature",
      "geometry": {
        "type": "Point",
        "coordinates": [
          0.40226,
          52.76791
        ]
      },
      "properties": {
        "id": "nfrs-kings-lynn-north",
        "name": "King's Lynn North Fire Station",
        "category": "fire",
        "subtype": "combination",
        "subregion_id": "kings-lynn-west-norfolk",
        "status": "active",
        "agency": {
          "name": "Norfolk Fire and Rescue Service",
          "type": "fire_department",
          "level": "county",
          "parent": "Norfolk County Council"
        },
        "address": {
          "street": "Kilhams Way",
          "city": "King's Lynn",
          "county": "Norfolk",
          "postal_code": "PE30 2HY",
          "country": "GB"
        },
        "staffing_model": "combination",
        "operating_hours": "24_7",
        "units": [
          {
            "type": "engine",
            "designation": "Pumping appliance (wholetime)",
            "count": 1,
            "attributes": {
              "crewing": "wholetime"
            }
          },
          {
            "type": "engine",
            "designation": "Pumping appliance (on-call)",
            "count": 1,
            "attributes": {
              "crewing": "on-call"
            }
          }
        ],
        "attributes": {
          "watches": "four (red, white, blue, green)",
          "on_call_crew_establishment": "1 watch manager, 2 crew managers and 9 firefighters"
        },
        "game": {
          "building_types": [
            "Fire Station"
          ],
          "recommended": true,
          "notes": "Mirror with one pumping appliance per appliance listed. NFRS publishes crewing but not per-station aerial/specialist allocations, so build specials at the wholetime houses."
        },
        "significance": "Two pumping appliances: one crewed round the clock by wholetime watches, the second by an on-call crew — one of the busiest houses in the county.",
        "sources": [
          {
            "title": "King's Lynn North Fire Station — Norfolk Fire and Rescue Service (archived 2023)",
            "url": "https://web.archive.org/web/20231001112406/https://www.norfolk.gov.uk/safety/norfolk-fire-and-rescue-service/in-your-community/find-your-local-station/western-area/kings-lynn-north",
            "retrieved": "2026-08-17"
          },
          {
            "title": "Norfolk Fire & Rescue Service Community Risk Plan 2023-2026 (consultation document)",
            "url": "https://norfolk.citizenspace.com/fire-and-rescue-services/crmp2022/supporting_documents/CRMP%20LARGE%20PRINT.pdf",
            "retrieved": "2026-08-17"
          },
          {
            "title": "Postcode PE30 2HY — ONS Postcode Directory via postcodes.io",
            "url": "https://api.postcodes.io/postcodes/PE30%202HY",
            "retrieved": "2026-08-17"
          }
        ],
        "confidence": "high",
        "last_verified": "2026-08-17"
      }
    },
    {
      "type": "Feature",
      "geometry": {
        "type": "Point",
        "coordinates": [
          0.40343,
          52.74212
        ]
      },
      "properties": {
        "id": "nfrs-kings-lynn-south",
        "name": "King's Lynn South Fire Station",
        "category": "fire",
        "subtype": "career",
        "subregion_id": "kings-lynn-west-norfolk",
        "status": "active",
        "agency": {
          "name": "Norfolk Fire and Rescue Service",
          "type": "fire_department",
          "level": "county",
          "parent": "Norfolk County Council"
        },
        "address": {
          "street": "Horsleys Fields",
          "city": "King's Lynn",
          "county": "Norfolk",
          "postal_code": "PE30 5DD",
          "country": "GB"
        },
        "staffing_model": "career",
        "operating_hours": "24_7",
        "units": [
          {
            "type": "engine",
            "designation": "Pumping appliance",
            "count": 1,
            "attributes": {
              "crewing": "wholetime"
            }
          }
        ],
        "attributes": {
          "watches": "four (red, white, blue, green)"
        },
        "game": {
          "building_types": [
            "Fire Station"
          ],
          "recommended": true,
          "notes": "Mirror with one pumping appliance per appliance listed. NFRS publishes crewing but not per-station aerial/specialist allocations, so build specials at the wholetime houses."
        },
        "significance": "Wholetime station: one pumping appliance crewed round the clock by four watches.",
        "sources": [
          {
            "title": "King's Lynn South Fire Station — Norfolk Fire and Rescue Service (archived 2023)",
            "url": "https://web.archive.org/web/20230929000806/https://www.norfolk.gov.uk/safety/norfolk-fire-and-rescue-service/in-your-community/find-your-local-station/western-area/kings-lynn-south",
            "retrieved": "2026-08-17"
          },
          {
            "title": "Norfolk Fire & Rescue Service Community Risk Plan 2023-2026 (consultation document)",
            "url": "https://norfolk.citizenspace.com/fire-and-rescue-services/crmp2022/supporting_documents/CRMP%20LARGE%20PRINT.pdf",
            "retrieved": "2026-08-17"
          },
          {
            "title": "Postcode PE30 5DD — ONS Postcode Directory via postcodes.io",
            "url": "https://api.postcodes.io/postcodes/PE30%205DD",
            "retrieved": "2026-08-17"
          }
        ],
        "confidence": "high",
        "last_verified": "2026-08-17"
      }
    },
    {
      "type": "Feature",
      "geometry": {
        "type": "Point",
        "coordinates": [
          0.66129,
          52.78017
        ]
      },
      "properties": {
        "id": "nfrs-massingham",
        "name": "Massingham Fire Station",
        "category": "fire",
        "subtype": "career",
        "subregion_id": "kings-lynn-west-norfolk",
        "status": "active",
        "agency": {
          "name": "Norfolk Fire and Rescue Service",
          "type": "fire_department",
          "level": "county",
          "parent": "Norfolk County Council"
        },
        "address": {
          "street": "Station Road",
          "city": "Great Massingham",
          "county": "Norfolk",
          "postal_code": "PE32 2JJ",
          "country": "GB"
        },
        "staffing_model": "career",
        "operating_hours": "on_call",
        "units": [
          {
            "type": "engine",
            "designation": "Pumping appliance",
            "count": 1,
            "attributes": {
              "crewing": "on-call"
            }
          }
        ],
        "attributes": {
          "on_call_crew_establishment": "1 watch manager, 2 crew managers and 9 firefighters"
        },
        "game": {
          "building_types": [
            "Fire Station"
          ],
          "recommended": false,
          "notes": "Mirror with one pumping appliance per appliance listed. NFRS publishes crewing but not per-station aerial/specialist allocations, so build specials at the wholetime houses."
        },
        "significance": "On-call station: no crew is at the station when the call comes in — firefighters are alerted and must be within five minutes of the station.",
        "sources": [
          {
            "title": "Massingham Fire Station — Norfolk Fire and Rescue Service (archived 2023)",
            "url": "https://web.archive.org/web/20231001130030/https://www.norfolk.gov.uk/safety/norfolk-fire-and-rescue-service/in-your-community/find-your-local-station/western-area/massingham",
            "retrieved": "2026-08-17"
          },
          {
            "title": "Norfolk Fire & Rescue Service Community Risk Plan 2023-2026 (consultation document)",
            "url": "https://norfolk.citizenspace.com/fire-and-rescue-services/crmp2022/supporting_documents/CRMP%20LARGE%20PRINT.pdf",
            "retrieved": "2026-08-17"
          },
          {
            "title": "Postcode PE32 2JJ — ONS Postcode Directory via postcodes.io",
            "url": "https://api.postcodes.io/postcodes/PE32%202JJ",
            "retrieved": "2026-08-17"
          }
        ],
        "confidence": "high",
        "last_verified": "2026-08-17"
      }
    },
    {
      "type": "Feature",
      "geometry": {
        "type": "Point",
        "coordinates": [
          0.55423,
          52.5231
        ]
      },
      "properties": {
        "id": "nfrs-methwold",
        "name": "Methwold Fire Station",
        "category": "fire",
        "subtype": "career",
        "subregion_id": "kings-lynn-west-norfolk",
        "status": "active",
        "agency": {
          "name": "Norfolk Fire and Rescue Service",
          "type": "fire_department",
          "level": "county",
          "parent": "Norfolk County Council"
        },
        "address": {
          "street": "High Street",
          "city": "Methwold",
          "county": "Norfolk",
          "postal_code": "IP26 4NT",
          "country": "GB"
        },
        "staffing_model": "career",
        "operating_hours": "on_call",
        "units": [
          {
            "type": "engine",
            "designation": "Pumping appliance",
            "count": 1,
            "attributes": {
              "crewing": "on-call"
            }
          }
        ],
        "attributes": {
          "on_call_crew_establishment": "1 watch manager, 2 crew managers and 9 firefighters"
        },
        "game": {
          "building_types": [
            "Fire Station"
          ],
          "recommended": false,
          "notes": "Mirror with one pumping appliance per appliance listed. NFRS publishes crewing but not per-station aerial/specialist allocations, so build specials at the wholetime houses."
        },
        "significance": "On-call station: no crew is at the station when the call comes in — firefighters are alerted and must be within five minutes of the station.",
        "sources": [
          {
            "title": "Methwold Fire Station — Norfolk Fire and Rescue Service (archived 2023)",
            "url": "https://web.archive.org/web/20230929013354/https://www.norfolk.gov.uk/safety/norfolk-fire-and-rescue-service/in-your-community/find-your-local-station/western-area/methwold",
            "retrieved": "2026-08-17"
          },
          {
            "title": "Norfolk Fire & Rescue Service Community Risk Plan 2023-2026 (consultation document)",
            "url": "https://norfolk.citizenspace.com/fire-and-rescue-services/crmp2022/supporting_documents/CRMP%20LARGE%20PRINT.pdf",
            "retrieved": "2026-08-17"
          },
          {
            "title": "Postcode IP26 4NT — ONS Postcode Directory via postcodes.io",
            "url": "https://api.postcodes.io/postcodes/IP26%204NT",
            "retrieved": "2026-08-17"
          }
        ],
        "confidence": "high",
        "last_verified": "2026-08-17"
      }
    },
    {
      "type": "Feature",
      "geometry": {
        "type": "Point",
        "coordinates": [
          0.23414,
          52.60702
        ]
      },
      "properties": {
        "id": "nfrs-outwell",
        "name": "Outwell Fire Station",
        "category": "fire",
        "subtype": "career",
        "subregion_id": "kings-lynn-west-norfolk",
        "status": "active",
        "agency": {
          "name": "Norfolk Fire and Rescue Service",
          "type": "fire_department",
          "level": "county",
          "parent": "Norfolk County Council"
        },
        "address": {
          "street": "Churchfield Road",
          "city": "Outwell",
          "county": "Norfolk",
          "postal_code": "PE14 8RL",
          "country": "GB"
        },
        "staffing_model": "career",
        "operating_hours": "on_call",
        "units": [
          {
            "type": "engine",
            "designation": "Pumping appliance",
            "count": 1,
            "attributes": {
              "crewing": "on-call"
            }
          }
        ],
        "attributes": {
          "on_call_crew_establishment": "1 watch manager, 2 crew managers and 9 firefighters"
        },
        "game": {
          "building_types": [
            "Fire Station"
          ],
          "recommended": false,
          "notes": "Mirror with one pumping appliance per appliance listed. NFRS publishes crewing but not per-station aerial/specialist allocations, so build specials at the wholetime houses."
        },
        "significance": "On-call station: no crew is at the station when the call comes in — firefighters are alerted and must be within five minutes of the station.",
        "sources": [
          {
            "title": "Outwell Fire Station — Norfolk Fire and Rescue Service (archived 2023)",
            "url": "https://web.archive.org/web/20230607050824/https://www.norfolk.gov.uk/safety/norfolk-fire-and-rescue-service/in-your-community/find-your-local-station/western-area/outwell",
            "retrieved": "2026-08-17"
          },
          {
            "title": "Norfolk Fire & Rescue Service Community Risk Plan 2023-2026 (consultation document)",
            "url": "https://norfolk.citizenspace.com/fire-and-rescue-services/crmp2022/supporting_documents/CRMP%20LARGE%20PRINT.pdf",
            "retrieved": "2026-08-17"
          },
          {
            "title": "Postcode PE14 8RL — ONS Postcode Directory via postcodes.io",
            "url": "https://api.postcodes.io/postcodes/PE14%208RL",
            "retrieved": "2026-08-17"
          }
        ],
        "confidence": "high",
        "last_verified": "2026-08-17"
      }
    },
    {
      "type": "Feature",
      "geometry": {
        "type": "Point",
        "coordinates": [
          0.52058,
          52.8419
        ]
      },
      "properties": {
        "id": "nfrs-sandringham",
        "name": "Sandringham Fire Station",
        "category": "fire",
        "subtype": "career",
        "subregion_id": "kings-lynn-west-norfolk",
        "status": "active",
        "agency": {
          "name": "Norfolk Fire and Rescue Service",
          "type": "fire_department",
          "level": "county",
          "parent": "Norfolk County Council"
        },
        "address": {
          "street": "Dodds Hill",
          "city": "Sandringham",
          "county": "Norfolk",
          "postal_code": "PE31 6LP",
          "country": "GB"
        },
        "staffing_model": "career",
        "operating_hours": "on_call",
        "units": [
          {
            "type": "engine",
            "designation": "Pumping appliance",
            "count": 1,
            "attributes": {
              "crewing": "on-call"
            }
          }
        ],
        "attributes": {
          "on_call_crew_establishment": "1 watch manager, 3 crew managers and 12 firefighters"
        },
        "game": {
          "building_types": [
            "Fire Station"
          ],
          "recommended": false,
          "notes": "Mirror with one pumping appliance per appliance listed. NFRS publishes crewing but not per-station aerial/specialist allocations, so build specials at the wholetime houses."
        },
        "significance": "On-call station: no crew is at the station when the call comes in — firefighters are alerted and must be within five minutes of the station.",
        "sources": [
          {
            "title": "Sandringham Fire Station — Norfolk Fire and Rescue Service (archived 2023)",
            "url": "https://web.archive.org/web/20231001110935/https://www.norfolk.gov.uk/safety/norfolk-fire-and-rescue-service/in-your-community/find-your-local-station/western-area/sandringham",
            "retrieved": "2026-08-17"
          },
          {
            "title": "Norfolk Fire & Rescue Service Community Risk Plan 2023-2026 (consultation document)",
            "url": "https://norfolk.citizenspace.com/fire-and-rescue-services/crmp2022/supporting_documents/CRMP%20LARGE%20PRINT.pdf",
            "retrieved": "2026-08-17"
          },
          {
            "title": "Postcode PE31 6LP — ONS Postcode Directory via postcodes.io",
            "url": "https://api.postcodes.io/postcodes/PE31%206LP",
            "retrieved": "2026-08-17"
          }
        ],
        "confidence": "high",
        "last_verified": "2026-08-17"
      }
    },
    {
      "type": "Feature",
      "geometry": {
        "type": "Point",
        "coordinates": [
          0.30541,
          52.76236
        ]
      },
      "properties": {
        "id": "nfrs-terrington",
        "name": "Terrington Fire Station",
        "category": "fire",
        "subtype": "career",
        "subregion_id": "kings-lynn-west-norfolk",
        "status": "active",
        "agency": {
          "name": "Norfolk Fire and Rescue Service",
          "type": "fire_department",
          "level": "county",
          "parent": "Norfolk County Council"
        },
        "address": {
          "street": "Benns Lane",
          "city": "Terrington",
          "county": "Norfolk",
          "postal_code": "PE34 4LL",
          "country": "GB"
        },
        "staffing_model": "career",
        "operating_hours": "on_call",
        "units": [
          {
            "type": "engine",
            "designation": "Pumping appliance",
            "count": 1,
            "attributes": {
              "crewing": "on-call"
            }
          }
        ],
        "attributes": {
          "on_call_crew_establishment": "1 watch manager, 2 crew managers and 9 firefighters"
        },
        "game": {
          "building_types": [
            "Fire Station"
          ],
          "recommended": false,
          "notes": "Mirror with one pumping appliance per appliance listed. NFRS publishes crewing but not per-station aerial/specialist allocations, so build specials at the wholetime houses."
        },
        "significance": "On-call station: no crew is at the station when the call comes in — firefighters are alerted and must be within five minutes of the station.",
        "sources": [
          {
            "title": "Terrington Fire Station — Norfolk Fire and Rescue Service (archived 2023)",
            "url": "https://web.archive.org/web/20230928235615/https://www.norfolk.gov.uk/safety/norfolk-fire-and-rescue-service/in-your-community/find-your-local-station/western-area/terrington",
            "retrieved": "2026-08-17"
          },
          {
            "title": "Norfolk Fire & Rescue Service Community Risk Plan 2023-2026 (consultation document)",
            "url": "https://norfolk.citizenspace.com/fire-and-rescue-services/crmp2022/supporting_documents/CRMP%20LARGE%20PRINT.pdf",
            "retrieved": "2026-08-17"
          },
          {
            "title": "Postcode PE34 4LL — ONS Postcode Directory via postcodes.io",
            "url": "https://api.postcodes.io/postcodes/PE34%204LL",
            "retrieved": "2026-08-17"
          }
        ],
        "confidence": "high",
        "last_verified": "2026-08-17"
      }
    },
    {
      "type": "Feature",
      "geometry": {
        "type": "Point",
        "coordinates": [
          0.1776,
          52.70936
        ]
      },
      "properties": {
        "id": "nfrs-west-walton",
        "name": "West Walton Fire Station",
        "category": "fire",
        "subtype": "career",
        "subregion_id": "kings-lynn-west-norfolk",
        "status": "active",
        "agency": {
          "name": "Norfolk Fire and Rescue Service",
          "type": "fire_department",
          "level": "county",
          "parent": "Norfolk County Council"
        },
        "address": {
          "street": "1 Ingleborough Farm",
          "city": "West Walton",
          "county": "Norfolk",
          "postal_code": "PE14 7EU",
          "country": "GB"
        },
        "staffing_model": "career",
        "operating_hours": "on_call",
        "units": [
          {
            "type": "engine",
            "designation": "Pumping appliance",
            "count": 1,
            "attributes": {
              "crewing": "on-call"
            }
          }
        ],
        "attributes": {
          "on_call_crew_establishment": "1 watch manager, 2 crew managers and 9 firefighters"
        },
        "game": {
          "building_types": [
            "Fire Station"
          ],
          "recommended": false,
          "notes": "Mirror with one pumping appliance per appliance listed. NFRS publishes crewing but not per-station aerial/specialist allocations, so build specials at the wholetime houses."
        },
        "significance": "On-call station: no crew is at the station when the call comes in — firefighters are alerted and must be within five minutes of the station.",
        "sources": [
          {
            "title": "West Walton Fire Station — Norfolk Fire and Rescue Service (archived 2023)",
            "url": "https://web.archive.org/web/20231001130557/https://www.norfolk.gov.uk/safety/norfolk-fire-and-rescue-service/in-your-community/find-your-local-station/western-area/west-walton",
            "retrieved": "2026-08-17"
          },
          {
            "title": "Norfolk Fire & Rescue Service Community Risk Plan 2023-2026 (consultation document)",
            "url": "https://norfolk.citizenspace.com/fire-and-rescue-services/crmp2022/supporting_documents/CRMP%20LARGE%20PRINT.pdf",
            "retrieved": "2026-08-17"
          },
          {
            "title": "Postcode PE14 7EU — ONS Postcode Directory via postcodes.io",
            "url": "https://api.postcodes.io/postcodes/PE14%207EU",
            "retrieved": "2026-08-17"
          }
        ],
        "confidence": "high",
        "last_verified": "2026-08-17"
      }
    },
    {
      "type": "Feature",
      "geometry": {
        "type": "Point",
        "coordinates": [
          1.13727,
          52.57811
        ]
      },
      "properties": {
        "id": "nfrs-hq-wymondham",
        "name": "Norfolk Fire and Rescue Service Headquarters (OCC Wymondham, Building 8)",
        "category": "fire",
        "subtype": "headquarters",
        "subregion_id": "south-norfolk",
        "status": "active",
        "agency": {
          "name": "Norfolk Fire and Rescue Service",
          "type": "fire_department",
          "level": "county",
          "parent": "Norfolk County Council"
        },
        "address": {
          "street": "Falconers Chase",
          "city": "Wymondham",
          "county": "Norfolk",
          "postal_code": "NR18 0WW",
          "country": "GB"
        },
        "units": [],
        "game": {
          "building_types": [
            "Fire Station"
          ],
          "recommended": false,
          "notes": "Command and support site rather than a responding house — useful as the map anchor for county-wide specials, not as a build."
        },
        "significance": "The Chief Fire Officer and the service’s support functions sit in Building 8 of the Operational and Command Centre, the joint headquarters shared with Norfolk Constabulary at Jubilee House.",
        "sources": [
          {
            "title": "OCC Wymondham — Building 8, Norfolk Fire and Rescue Service (archived)",
            "url": "https://web.archive.org/web/20231001114657/https://www.norfolk.gov.uk/safety/norfolk-fire-and-rescue-service/in-your-community/find-your-local-station/headquarters/occ-wymondham---building-8",
            "retrieved": "2026-08-17"
          },
          {
            "title": "Norfolk Fire and Rescue Service — Wikipedia",
            "url": "https://en.wikipedia.org/wiki/Norfolk_Fire_and_Rescue_Service",
            "retrieved": "2026-08-17"
          },
          {
            "title": "Postcode NR18 0WW — ONS Postcode Directory via postcodes.io",
            "url": "https://api.postcodes.io/postcodes/NR18%200WW",
            "retrieved": "2026-08-17"
          }
        ],
        "confidence": "high",
        "last_verified": "2026-08-17"
      }
    },
    {
      "type": "Feature",
      "geometry": {
        "type": "Point",
        "coordinates": [
          1.13727,
          52.57811
        ]
      },
      "properties": {
        "id": "nfrs-control-wymondham",
        "name": "Norfolk Fire and Rescue Service Communications and Control Centre",
        "category": "dispatch",
        "subtype": "service_control",
        "subregion_id": "south-norfolk",
        "status": "active",
        "agency": {
          "name": "Norfolk Fire and Rescue Service",
          "type": "fire_department",
          "level": "county",
          "parent": "Norfolk County Council"
        },
        "address": {
          "street": "Falconers Chase",
          "city": "Wymondham",
          "county": "Norfolk",
          "postal_code": "NR18 0WW",
          "country": "GB"
        },
        "staffing_model": "career",
        "operating_hours": "24_7",
        "units": [],
        "attributes": {
          "watches": "four (red, white, blue, green)",
          "watch_establishment": "1 watch manager, 1 crew manager and 3 control operators per watch",
          "target": "answer 95% of calls within five seconds, mobilise within 60 seconds"
        },
        "game": {
          "building_types": [
            "Dispatch Center"
          ],
          "recommended": false,
          "notes": "999 fire calls for the whole county are taken here. The UK has no consolidated PSAP — each service runs its own control room."
        },
        "significance": "The service’s only control room, staffed 24/7/365, mobilising all Norfolk fire appliances and tracking them to find the nearest.",
        "sources": [
          {
            "title": "OCC Wymondham — Command and Control, Norfolk Fire and Rescue Service (archived)",
            "url": "https://web.archive.org/web/20231001121423/https://www.norfolk.gov.uk/safety/norfolk-fire-and-rescue-service/in-your-community/find-your-local-station/headquarters/occ-wymondham---command-and-control",
            "retrieved": "2026-08-17"
          },
          {
            "title": "Postcode NR18 0WW — ONS Postcode Directory via postcodes.io",
            "url": "https://api.postcodes.io/postcodes/NR18%200WW",
            "retrieved": "2026-08-17"
          }
        ],
        "confidence": "high",
        "last_verified": "2026-08-17"
      }
    },
    {
      "type": "Feature",
      "geometry": {
        "type": "Point",
        "coordinates": [
          1.13727,
          52.57811
        ]
      },
      "properties": {
        "id": "norfolk-police-hq-wymondham",
        "name": "Norfolk Constabulary Headquarters (Jubilee House, OCC Wymondham)",
        "category": "police_local",
        "subtype": "headquarters",
        "subregion_id": "south-norfolk",
        "status": "active",
        "agency": {
          "name": "Norfolk Constabulary",
          "type": "police_department",
          "level": "county",
          "parent": null
        },
        "designation": "Strategic Command Station",
        "address": {
          "street": "Jubilee House, Falconers Chase",
          "city": "Wymondham",
          "county": "Norfolk",
          "postal_code": "NR18 0WW",
          "country": "GB"
        },
        "staffing_model": "career",
        "units": [],
        "game": {
          "building_types": [
            "Police Station"
          ],
          "recommended": true,
          "notes": "There is no sheriff or state tier in England — Norfolk Constabulary is the single territorial force for the whole county. UK firearms cover is vehicle-based (armed response vehicles), not a standing building."
        },
        "significance": "Force headquarters and Operations and Communications Centre, shared with Norfolk Fire and Rescue Service. The force’s specialist capabilities are directed from here, including Broads Beat — the UK’s only inland waterways police unit, covering 120 miles of navigable water in the Broads National Park — and the standing unit that protects the Sandringham estate. Firearms, dog and roads-policing vehicle allocations are not published per station, so they are recorded here rather than guessed at a house.",
        "sources": [
          {
            "title": "Norfolk Constabulary Estates Plan 2022-2025 — List of Sites (archived)",
            "url": "https://web.archive.org/web/20250126173827/https://www.norfolk-pcc.gov.uk/assets/documents/Norfolk-Constabulary-Estates-Plan-2022-2025.pdf",
            "retrieved": "2026-08-17"
          },
          {
            "title": "How to find us — Norfolk Constabulary (archived)",
            "url": "https://web.archive.org/web/20230926044323/https://www.norfolk.police.uk/about-us/5-other-contact-options/how-find-us",
            "retrieved": "2026-08-17"
          },
          {
            "title": "Norfolk Constabulary — Wikipedia",
            "url": "https://en.wikipedia.org/wiki/Norfolk_Constabulary",
            "retrieved": "2026-08-17"
          },
          {
            "title": "Postcode NR18 0WW — ONS Postcode Directory via postcodes.io",
            "url": "https://api.postcodes.io/postcodes/NR18%200WW",
            "retrieved": "2026-08-17"
          }
        ],
        "confidence": "high",
        "last_verified": "2026-08-17"
      }
    },
    {
      "type": "Feature",
      "geometry": {
        "type": "Point",
        "coordinates": [
          1.29101,
          52.62829
        ]
      },
      "properties": {
        "id": "norfolk-police-norwich-bethel-street",
        "name": "Norwich City Police Station (Bethel Street)",
        "category": "police_local",
        "subtype": "station",
        "subregion_id": "norwich",
        "status": "active",
        "agency": {
          "name": "Norfolk Constabulary",
          "type": "police_department",
          "level": "county",
          "parent": null
        },
        "designation": "Strategic Command Station",
        "address": {
          "street": "Bethel Street",
          "city": "Norwich",
          "county": "Norfolk",
          "postal_code": "NR2 1NN",
          "country": "GB"
        },
        "staffing_model": "career",
        "units": [],
        "game": {
          "building_types": [
            "Police Station"
          ],
          "recommended": true,
          "notes": "There is no sheriff or state tier in England — Norfolk Constabulary is the single territorial force for the whole county. UK firearms cover is vehicle-based (armed response vehicles), not a standing building."
        },
        "significance": "The city’s main station and one of four strategic command stations in the county; the estates plan has it retained and refurbished.",
        "sources": [
          {
            "title": "Norfolk Constabulary Estates Plan 2022-2025 — List of Sites (archived)",
            "url": "https://web.archive.org/web/20250126173827/https://www.norfolk-pcc.gov.uk/assets/documents/Norfolk-Constabulary-Estates-Plan-2022-2025.pdf",
            "retrieved": "2026-08-17"
          },
          {
            "title": "Postcode NR2 1NN — ONS Postcode Directory via postcodes.io",
            "url": "https://api.postcodes.io/postcodes/NR2%201NN",
            "retrieved": "2026-08-17"
          }
        ],
        "confidence": "high",
        "last_verified": "2026-08-17"
      }
    },
    {
      "type": "Feature",
      "geometry": {
        "type": "Point",
        "coordinates": [
          1.72517,
          52.60932
        ]
      },
      "properties": {
        "id": "norfolk-police-great-yarmouth",
        "name": "Great Yarmouth Police Station",
        "category": "police_local",
        "subtype": "station",
        "subregion_id": "great-yarmouth",
        "status": "active",
        "agency": {
          "name": "Norfolk Constabulary",
          "type": "police_department",
          "level": "county",
          "parent": null
        },
        "designation": "Strategic Command Station",
        "address": {
          "street": "Howard Street North",
          "city": "Great Yarmouth",
          "county": "Norfolk",
          "postal_code": "NR30 1PH",
          "country": "GB"
        },
        "staffing_model": "career",
        "units": [],
        "game": {
          "building_types": [
            "Police Station"
          ],
          "recommended": true,
          "notes": "There is no sheriff or state tier in England — Norfolk Constabulary is the single territorial force for the whole county. UK firearms cover is vehicle-based (armed response vehicles), not a standing building."
        },
        "significance": "Strategic command station for the borough. The estates plan marks it \"review\" rather than retain, so its long-term future is open.",
        "sources": [
          {
            "title": "Norfolk Constabulary Estates Plan 2022-2025 — List of Sites (archived)",
            "url": "https://web.archive.org/web/20250126173827/https://www.norfolk-pcc.gov.uk/assets/documents/Norfolk-Constabulary-Estates-Plan-2022-2025.pdf",
            "retrieved": "2026-08-17"
          },
          {
            "title": "Postcode NR30 1PH — ONS Postcode Directory via postcodes.io",
            "url": "https://api.postcodes.io/postcodes/NR30%201PH",
            "retrieved": "2026-08-17"
          }
        ],
        "confidence": "high",
        "last_verified": "2026-08-17"
      }
    },
    {
      "type": "Feature",
      "geometry": {
        "type": "Point",
        "coordinates": [
          0.39998,
          52.75175
        ]
      },
      "properties": {
        "id": "norfolk-police-kings-lynn",
        "name": "King's Lynn Police Station",
        "category": "police_local",
        "subtype": "station",
        "subregion_id": "kings-lynn-west-norfolk",
        "status": "active",
        "agency": {
          "name": "Norfolk Constabulary",
          "type": "police_department",
          "level": "county",
          "parent": null
        },
        "designation": "Strategic Command Station",
        "address": {
          "street": "St James Street",
          "city": "King's Lynn",
          "county": "Norfolk",
          "postal_code": "PE30 5DE",
          "country": "GB"
        },
        "staffing_model": "career",
        "units": [],
        "game": {
          "building_types": [
            "Police Station"
          ],
          "recommended": true,
          "notes": "There is no sheriff or state tier in England — Norfolk Constabulary is the single territorial force for the whole county. UK firearms cover is vehicle-based (armed response vehicles), not a standing building."
        },
        "significance": "Strategic command station for west Norfolk.",
        "sources": [
          {
            "title": "Norfolk Constabulary Estates Plan 2022-2025 — List of Sites (archived)",
            "url": "https://web.archive.org/web/20250126173827/https://www.norfolk-pcc.gov.uk/assets/documents/Norfolk-Constabulary-Estates-Plan-2022-2025.pdf",
            "retrieved": "2026-08-17"
          },
          {
            "title": "Postcode PE30 5DE — ONS Postcode Directory via postcodes.io",
            "url": "https://api.postcodes.io/postcodes/PE30%205DE",
            "retrieved": "2026-08-17"
          }
        ],
        "confidence": "high",
        "last_verified": "2026-08-17"
      }
    },
    {
      "type": "Feature",
      "geometry": {
        "type": "Point",
        "coordinates": [
          0.75033,
          52.41639
        ]
      },
      "properties": {
        "id": "norfolk-police-thetford",
        "name": "Thetford Police Station",
        "category": "police_local",
        "subtype": "station",
        "subregion_id": "breckland",
        "status": "active",
        "agency": {
          "name": "Norfolk Constabulary",
          "type": "police_department",
          "level": "county",
          "parent": null
        },
        "designation": "Strategic Command Station",
        "address": {
          "street": "Norwich Road",
          "city": "Thetford",
          "county": "Norfolk",
          "postal_code": "IP24 2HU",
          "country": "GB"
        },
        "staffing_model": "career",
        "units": [],
        "game": {
          "building_types": [
            "Police Station"
          ],
          "recommended": true,
          "notes": "There is no sheriff or state tier in England — Norfolk Constabulary is the single territorial force for the whole county. UK firearms cover is vehicle-based (armed response vehicles), not a standing building."
        },
        "significance": "Strategic command station for Breckland, sharing a site with Thetford fire and ambulance stations.",
        "sources": [
          {
            "title": "Norfolk Constabulary Estates Plan 2022-2025 — List of Sites (archived)",
            "url": "https://web.archive.org/web/20250126173827/https://www.norfolk-pcc.gov.uk/assets/documents/Norfolk-Constabulary-Estates-Plan-2022-2025.pdf",
            "retrieved": "2026-08-17"
          },
          {
            "title": "Postcode IP24 2HU — ONS Postcode Directory via postcodes.io",
            "url": "https://api.postcodes.io/postcodes/IP24%202HU",
            "retrieved": "2026-08-17"
          }
        ],
        "confidence": "high",
        "last_verified": "2026-08-17"
      }
    },
    {
      "type": "Feature",
      "geometry": {
        "type": "Point",
        "coordinates": [
          1.38277,
          52.62894
        ]
      },
      "properties": {
        "id": "norfolk-police-broadland",
        "name": "Broadland Police Station",
        "category": "police_local",
        "subtype": "station",
        "subregion_id": "broadland",
        "status": "active",
        "agency": {
          "name": "Norfolk Constabulary",
          "type": "police_department",
          "level": "county",
          "parent": null
        },
        "designation": "Detective and Investigation Hub",
        "address": {
          "street": "Mapel Way, Postwick",
          "city": "Norwich",
          "county": "Norfolk",
          "postal_code": "NR13 5HB",
          "country": "GB"
        },
        "staffing_model": "career",
        "units": [],
        "game": {
          "building_types": [
            "Police Station"
          ],
          "recommended": false,
          "notes": "There is no sheriff or state tier in England — Norfolk Constabulary is the single territorial force for the whole county. UK firearms cover is vehicle-based (armed response vehicles), not a standing building."
        },
        "significance": "Built in 2022 at Broadland Gate business park east of Norwich as a detective and investigation hub, replacing the Acle and Sprowston stations.",
        "sources": [
          {
            "title": "Norfolk Constabulary Estates Plan 2022-2025 — List of Sites (archived)",
            "url": "https://web.archive.org/web/20250126173827/https://www.norfolk-pcc.gov.uk/assets/documents/Norfolk-Constabulary-Estates-Plan-2022-2025.pdf",
            "retrieved": "2026-08-17"
          },
          {
            "title": "Postcode NR13 5HB — ONS Postcode Directory via postcodes.io",
            "url": "https://api.postcodes.io/postcodes/NR13%205HB",
            "retrieved": "2026-08-17"
          }
        ],
        "confidence": "high",
        "last_verified": "2026-08-17"
      }
    },
    {
      "type": "Feature",
      "geometry": {
        "type": "Point",
        "coordinates": [
          0.68554,
          52.65466
        ]
      },
      "properties": {
        "id": "norfolk-police-swaffham",
        "name": "Swaffham Police Station",
        "category": "police_local",
        "subtype": "station",
        "subregion_id": "breckland",
        "status": "active",
        "agency": {
          "name": "Norfolk Constabulary",
          "type": "police_department",
          "level": "county",
          "parent": null
        },
        "designation": "Detective and Investigation Hub",
        "address": {
          "street": "Turbine Way",
          "city": "Swaffham",
          "county": "Norfolk",
          "postal_code": "PE37 7XD",
          "country": "GB"
        },
        "staffing_model": "career",
        "units": [],
        "game": {
          "building_types": [
            "Police Station"
          ],
          "recommended": false,
          "notes": "There is no sheriff or state tier in England — Norfolk Constabulary is the single territorial force for the whole county. UK firearms cover is vehicle-based (armed response vehicles), not a standing building."
        },
        "significance": "Detective and investigation hub; the former Swaffham station is separately listed for disposal.",
        "sources": [
          {
            "title": "Norfolk Constabulary Estates Plan 2022-2025 — List of Sites (archived)",
            "url": "https://web.archive.org/web/20250126173827/https://www.norfolk-pcc.gov.uk/assets/documents/Norfolk-Constabulary-Estates-Plan-2022-2025.pdf",
            "retrieved": "2026-08-17"
          },
          {
            "title": "Postcode PE37 7XD — ONS Postcode Directory via postcodes.io",
            "url": "https://api.postcodes.io/postcodes/PE37%207XD",
            "retrieved": "2026-08-17"
          }
        ],
        "confidence": "high",
        "last_verified": "2026-08-17"
      }
    },
    {
      "type": "Feature",
      "geometry": {
        "type": "Point",
        "coordinates": [
          1.54346,
          52.63698
        ]
      },
      "properties": {
        "id": "norfolk-police-acle",
        "name": "Acle Police Station",
        "category": "police_local",
        "subtype": "station",
        "subregion_id": "broadland",
        "status": "unknown",
        "agency": {
          "name": "Norfolk Constabulary",
          "type": "police_department",
          "level": "county",
          "parent": null
        },
        "designation": "Operational Deployment Station",
        "address": {
          "street": "Norwich Road",
          "city": "Acle",
          "county": "Norfolk",
          "postal_code": "NR13 3BU",
          "country": "GB"
        },
        "staffing_model": "career",
        "units": [],
        "game": {
          "building_types": [
            "Police Station"
          ],
          "recommended": false,
          "notes": "There is no sheriff or state tier in England — Norfolk Constabulary is the single territorial force for the whole county. UK firearms cover is vehicle-based (armed response vehicles), not a standing building."
        },
        "significance": "The 2022–2025 estates plan marks Acle \"replace and dispose\", with services relocating to the new Broadland Police Station — treat as probably closed; no source confirms the date.",
        "sources": [
          {
            "title": "Norfolk Constabulary Estates Plan 2022-2025 — List of Sites (archived)",
            "url": "https://web.archive.org/web/20250126173827/https://www.norfolk-pcc.gov.uk/assets/documents/Norfolk-Constabulary-Estates-Plan-2022-2025.pdf",
            "retrieved": "2026-08-17"
          },
          {
            "title": "Postcode NR13 3BU — ONS Postcode Directory via postcodes.io",
            "url": "https://api.postcodes.io/postcodes/NR13%203BU",
            "retrieved": "2026-08-17"
          }
        ],
        "confidence": "medium",
        "last_verified": "2026-08-17"
      }
    },
    {
      "type": "Feature",
      "geometry": {
        "type": "Point",
        "coordinates": [
          1.32235,
          52.65686
        ]
      },
      "properties": {
        "id": "norfolk-police-sprowston",
        "name": "Sprowston Police Station",
        "category": "police_local",
        "subtype": "station",
        "subregion_id": "broadland",
        "status": "unknown",
        "agency": {
          "name": "Norfolk Constabulary",
          "type": "police_department",
          "level": "county",
          "parent": null
        },
        "designation": "Operational Deployment Station",
        "address": {
          "street": "107 Wroxham Road",
          "city": "Norwich",
          "county": "Norfolk",
          "postal_code": "NR7 8EY",
          "country": "GB"
        },
        "staffing_model": "career",
        "units": [],
        "game": {
          "building_types": [
            "Police Station"
          ],
          "recommended": false,
          "notes": "There is no sheriff or state tier in England — Norfolk Constabulary is the single territorial force for the whole county. UK firearms cover is vehicle-based (armed response vehicles), not a standing building."
        },
        "significance": "The 2022–2025 estates plan marks Sprowston \"replace and dispose\", with services relocating to the new Broadland Police Station — treat as probably closed; no source confirms the date.",
        "sources": [
          {
            "title": "Norfolk Constabulary Estates Plan 2022-2025 — List of Sites (archived)",
            "url": "https://web.archive.org/web/20250126173827/https://www.norfolk-pcc.gov.uk/assets/documents/Norfolk-Constabulary-Estates-Plan-2022-2025.pdf",
            "retrieved": "2026-08-17"
          },
          {
            "title": "Postcode NR7 8EY — ONS Postcode Directory via postcodes.io",
            "url": "https://api.postcodes.io/postcodes/NR7%208EY",
            "retrieved": "2026-08-17"
          }
        ],
        "confidence": "medium",
        "last_verified": "2026-08-17"
      }
    },
    {
      "type": "Feature",
      "geometry": {
        "type": "Point",
        "coordinates": [
          1.27674,
          52.81024
        ]
      },
      "properties": {
        "id": "norfolk-police-aylsham",
        "name": "Aylsham Police Station",
        "category": "police_local",
        "subtype": "station",
        "subregion_id": "broadland",
        "status": "active",
        "agency": {
          "name": "Norfolk Constabulary",
          "type": "police_department",
          "level": "county",
          "parent": null
        },
        "designation": "Operational Deployment Station",
        "address": {
          "street": "Richard Oakes Road",
          "city": "Aylsham",
          "county": "Norfolk",
          "postal_code": "NR11 6LS",
          "country": "GB"
        },
        "staffing_model": "career",
        "units": [],
        "game": {
          "building_types": [
            "Police Station"
          ],
          "recommended": false,
          "notes": "There is no sheriff or state tier in England — Norfolk Constabulary is the single territorial force for the whole county. UK firearms cover is vehicle-based (armed response vehicles), not a standing building."
        },
        "significance": "Shares the Richard Oakes Road site with the Aylsham Police Investigation Centre.",
        "sources": [
          {
            "title": "Norfolk Constabulary Estates Plan 2022-2025 — List of Sites (archived)",
            "url": "https://web.archive.org/web/20250126173827/https://www.norfolk-pcc.gov.uk/assets/documents/Norfolk-Constabulary-Estates-Plan-2022-2025.pdf",
            "retrieved": "2026-08-17"
          },
          {
            "title": "Postcode NR11 6LS — ONS Postcode Directory via postcodes.io",
            "url": "https://api.postcodes.io/postcodes/NR11%206LS",
            "retrieved": "2026-08-17"
          }
        ],
        "confidence": "high",
        "last_verified": "2026-08-17"
      }
    },
    {
      "type": "Feature",
      "geometry": {
        "type": "Point",
        "coordinates": [
          1.28483,
          52.92488
        ]
      },
      "properties": {
        "id": "norfolk-police-cromer",
        "name": "Cromer Police Station",
        "category": "police_local",
        "subtype": "station",
        "subregion_id": "north-norfolk",
        "status": "active",
        "agency": {
          "name": "Norfolk Constabulary",
          "type": "police_department",
          "level": "county",
          "parent": null
        },
        "designation": "Operational Deployment Station",
        "address": {
          "street": "Holt Road",
          "city": "Cromer",
          "county": "Norfolk",
          "postal_code": "NR27 9GH",
          "country": "GB"
        },
        "staffing_model": "career",
        "units": [],
        "game": {
          "building_types": [
            "Police Station"
          ],
          "recommended": false,
          "notes": "There is no sheriff or state tier in England — Norfolk Constabulary is the single territorial force for the whole county. UK firearms cover is vehicle-based (armed response vehicles), not a standing building."
        },
        "sources": [
          {
            "title": "Norfolk Constabulary Estates Plan 2022-2025 — List of Sites (archived)",
            "url": "https://web.archive.org/web/20250126173827/https://www.norfolk-pcc.gov.uk/assets/documents/Norfolk-Constabulary-Estates-Plan-2022-2025.pdf",
            "retrieved": "2026-08-17"
          },
          {
            "title": "Postcode NR27 9GH — ONS Postcode Directory via postcodes.io",
            "url": "https://api.postcodes.io/postcodes/NR27%209GH",
            "retrieved": "2026-08-17"
          }
        ],
        "confidence": "high",
        "last_verified": "2026-08-17"
      }
    },
    {
      "type": "Feature",
      "geometry": {
        "type": "Point",
        "coordinates": [
          0.9442,
          52.67833
        ]
      },
      "properties": {
        "id": "norfolk-police-dereham",
        "name": "Dereham Police Station",
        "category": "police_local",
        "subtype": "station",
        "subregion_id": "breckland",
        "status": "active",
        "agency": {
          "name": "Norfolk Constabulary",
          "type": "police_department",
          "level": "county",
          "parent": null
        },
        "designation": "Operational Deployment Station",
        "address": {
          "street": "Commercial Road",
          "city": "Dereham",
          "county": "Norfolk",
          "postal_code": "NR19 1AE",
          "country": "GB"
        },
        "staffing_model": "career",
        "units": [],
        "game": {
          "building_types": [
            "Police Station"
          ],
          "recommended": false,
          "notes": "There is no sheriff or state tier in England — Norfolk Constabulary is the single territorial force for the whole county. UK firearms cover is vehicle-based (armed response vehicles), not a standing building."
        },
        "sources": [
          {
            "title": "Norfolk Constabulary Estates Plan 2022-2025 — List of Sites (archived)",
            "url": "https://web.archive.org/web/20250126173827/https://www.norfolk-pcc.gov.uk/assets/documents/Norfolk-Constabulary-Estates-Plan-2022-2025.pdf",
            "retrieved": "2026-08-17"
          },
          {
            "title": "Postcode NR19 1AE — ONS Postcode Directory via postcodes.io",
            "url": "https://api.postcodes.io/postcodes/NR19%201AE",
            "retrieved": "2026-08-17"
          }
        ],
        "confidence": "high",
        "last_verified": "2026-08-17"
      }
    },
    {
      "type": "Feature",
      "geometry": {
        "type": "Point",
        "coordinates": [
          0.50806,
          52.83984
        ]
      },
      "properties": {
        "id": "norfolk-police-dersingham",
        "name": "Dersingham Police Station",
        "category": "police_local",
        "subtype": "station",
        "subregion_id": "kings-lynn-west-norfolk",
        "status": "active",
        "agency": {
          "name": "Norfolk Constabulary",
          "type": "police_department",
          "level": "county",
          "parent": null
        },
        "designation": "Operational Deployment Station",
        "address": {
          "street": "43 Manor Road",
          "city": "Dersingham",
          "county": "Norfolk",
          "postal_code": "PE31 6LH",
          "country": "GB"
        },
        "staffing_model": "career",
        "units": [],
        "game": {
          "building_types": [
            "Police Station"
          ],
          "recommended": false,
          "notes": "There is no sheriff or state tier in England — Norfolk Constabulary is the single territorial force for the whole county. UK firearms cover is vehicle-based (armed response vehicles), not a standing building."
        },
        "significance": "Covers the Sandringham estate area of west Norfolk.",
        "sources": [
          {
            "title": "Norfolk Constabulary Estates Plan 2022-2025 — List of Sites (archived)",
            "url": "https://web.archive.org/web/20250126173827/https://www.norfolk-pcc.gov.uk/assets/documents/Norfolk-Constabulary-Estates-Plan-2022-2025.pdf",
            "retrieved": "2026-08-17"
          },
          {
            "title": "Postcode PE31 6LH — ONS Postcode Directory via postcodes.io",
            "url": "https://api.postcodes.io/postcodes/PE31%206LH",
            "retrieved": "2026-08-17"
          }
        ],
        "confidence": "high",
        "last_verified": "2026-08-17"
      }
    },
    {
      "type": "Feature",
      "geometry": {
        "type": "Point",
        "coordinates": [
          1.10092,
          52.37427
        ]
      },
      "properties": {
        "id": "norfolk-police-diss",
        "name": "Diss Police Station",
        "category": "police_local",
        "subtype": "station",
        "subregion_id": "south-norfolk",
        "status": "active",
        "agency": {
          "name": "Norfolk Constabulary",
          "type": "police_department",
          "level": "county",
          "parent": null
        },
        "designation": "Operational Deployment Station",
        "address": {
          "street": "Stanley Road",
          "city": "Diss",
          "county": "Norfolk",
          "postal_code": "IP22 4BP",
          "country": "GB"
        },
        "staffing_model": "career",
        "units": [],
        "game": {
          "building_types": [
            "Police Station"
          ],
          "recommended": false,
          "notes": "There is no sheriff or state tier in England — Norfolk Constabulary is the single territorial force for the whole county. UK firearms cover is vehicle-based (armed response vehicles), not a standing building."
        },
        "sources": [
          {
            "title": "Norfolk Constabulary Estates Plan 2022-2025 — List of Sites (archived)",
            "url": "https://web.archive.org/web/20250126173827/https://www.norfolk-pcc.gov.uk/assets/documents/Norfolk-Constabulary-Estates-Plan-2022-2025.pdf",
            "retrieved": "2026-08-17"
          },
          {
            "title": "Postcode IP22 4BP — ONS Postcode Directory via postcodes.io",
            "url": "https://api.postcodes.io/postcodes/IP22%204BP",
            "retrieved": "2026-08-17"
          }
        ],
        "confidence": "high",
        "last_verified": "2026-08-17"
      }
    },
    {
      "type": "Feature",
      "geometry": {
        "type": "Point",
        "coordinates": [
          0.37881,
          52.59751
        ]
      },
      "properties": {
        "id": "norfolk-police-downham-market",
        "name": "Downham Market Police Station",
        "category": "police_local",
        "subtype": "station",
        "subregion_id": "kings-lynn-west-norfolk",
        "status": "active",
        "agency": {
          "name": "Norfolk Constabulary",
          "type": "police_department",
          "level": "county",
          "parent": null
        },
        "designation": "Operational Deployment Station",
        "address": {
          "street": "63 London Road",
          "city": "Downham Market",
          "county": "Norfolk",
          "postal_code": "PE38 9AT",
          "country": "GB"
        },
        "staffing_model": "career",
        "units": [],
        "game": {
          "building_types": [
            "Police Station"
          ],
          "recommended": false,
          "notes": "There is no sheriff or state tier in England — Norfolk Constabulary is the single territorial force for the whole county. UK firearms cover is vehicle-based (armed response vehicles), not a standing building."
        },
        "sources": [
          {
            "title": "Norfolk Constabulary Estates Plan 2022-2025 — List of Sites (archived)",
            "url": "https://web.archive.org/web/20250126173827/https://www.norfolk-pcc.gov.uk/assets/documents/Norfolk-Constabulary-Estates-Plan-2022-2025.pdf",
            "retrieved": "2026-08-17"
          },
          {
            "title": "Postcode PE38 9AT — ONS Postcode Directory via postcodes.io",
            "url": "https://api.postcodes.io/postcodes/PE38%209AT",
            "retrieved": "2026-08-17"
          }
        ],
        "confidence": "high",
        "last_verified": "2026-08-17"
      }
    },
    {
      "type": "Feature",
      "geometry": {
        "type": "Point",
        "coordinates": [
          1.26267,
          52.62928
        ]
      },
      "properties": {
        "id": "norfolk-police-earlham",
        "name": "Earlham Police Station",
        "category": "police_local",
        "subtype": "station",
        "subregion_id": "norwich",
        "status": "active",
        "agency": {
          "name": "Norfolk Constabulary",
          "type": "police_department",
          "level": "county",
          "parent": null
        },
        "designation": "Operational Deployment Station",
        "address": {
          "street": "Earlham Road",
          "city": "Norwich",
          "county": "Norfolk",
          "postal_code": "NR2 3RH",
          "country": "GB"
        },
        "staffing_model": "career",
        "units": [],
        "game": {
          "building_types": [
            "Police Station"
          ],
          "recommended": false,
          "notes": "There is no sheriff or state tier in England — Norfolk Constabulary is the single territorial force for the whole county. UK firearms cover is vehicle-based (armed response vehicles), not a standing building."
        },
        "significance": "West Norwich deployment base.",
        "sources": [
          {
            "title": "Norfolk Constabulary Estates Plan 2022-2025 — List of Sites (archived)",
            "url": "https://web.archive.org/web/20250126173827/https://www.norfolk-pcc.gov.uk/assets/documents/Norfolk-Constabulary-Estates-Plan-2022-2025.pdf",
            "retrieved": "2026-08-17"
          },
          {
            "title": "Postcode NR2 3RH — ONS Postcode Directory via postcodes.io",
            "url": "https://api.postcodes.io/postcodes/NR2%203RH",
            "retrieved": "2026-08-17"
          }
        ],
        "confidence": "high",
        "last_verified": "2026-08-17"
      }
    },
    {
      "type": "Feature",
      "geometry": {
        "type": "Point",
        "coordinates": [
          0.85461,
          52.83023
        ]
      },
      "properties": {
        "id": "norfolk-police-fakenham",
        "name": "Fakenham Police Station",
        "category": "police_local",
        "subtype": "station",
        "subregion_id": "north-norfolk",
        "status": "active",
        "agency": {
          "name": "Norfolk Constabulary",
          "type": "police_department",
          "level": "county",
          "parent": null
        },
        "designation": "Operational Deployment Station",
        "address": {
          "street": "30 Norwich Road",
          "city": "Fakenham",
          "county": "Norfolk",
          "postal_code": "NR21 8BB",
          "country": "GB"
        },
        "staffing_model": "career",
        "units": [],
        "game": {
          "building_types": [
            "Police Station"
          ],
          "recommended": false,
          "notes": "There is no sheriff or state tier in England — Norfolk Constabulary is the single territorial force for the whole county. UK firearms cover is vehicle-based (armed response vehicles), not a standing building."
        },
        "significance": "Shares the Norwich Road site with Fakenham fire station.",
        "sources": [
          {
            "title": "Norfolk Constabulary Estates Plan 2022-2025 — List of Sites (archived)",
            "url": "https://web.archive.org/web/20250126173827/https://www.norfolk-pcc.gov.uk/assets/documents/Norfolk-Constabulary-Estates-Plan-2022-2025.pdf",
            "retrieved": "2026-08-17"
          },
          {
            "title": "Postcode NR21 8BB — ONS Postcode Directory via postcodes.io",
            "url": "https://api.postcodes.io/postcodes/NR21%208BB",
            "retrieved": "2026-08-17"
          }
        ],
        "confidence": "high",
        "last_verified": "2026-08-17"
      }
    },
    {
      "type": "Feature",
      "geometry": {
        "type": "Point",
        "coordinates": [
          1.72553,
          52.57504
        ]
      },
      "properties": {
        "id": "norfolk-police-gorleston",
        "name": "Gorleston Police Station",
        "category": "police_local",
        "subtype": "station",
        "subregion_id": "great-yarmouth",
        "status": "active",
        "agency": {
          "name": "Norfolk Constabulary",
          "type": "police_department",
          "level": "county",
          "parent": null
        },
        "designation": "Operational Deployment Station",
        "address": {
          "street": "Suffield Road",
          "city": "Gorleston",
          "county": "Norfolk",
          "postal_code": "NR31 7AW",
          "country": "GB"
        },
        "staffing_model": "career",
        "units": [],
        "game": {
          "building_types": [
            "Police Station"
          ],
          "recommended": false,
          "notes": "There is no sheriff or state tier in England — Norfolk Constabulary is the single territorial force for the whole county. UK firearms cover is vehicle-based (armed response vehicles), not a standing building."
        },
        "significance": "Marked \"review\" in the estates plan as part of the wider Great Yarmouth review.",
        "sources": [
          {
            "title": "Norfolk Constabulary Estates Plan 2022-2025 — List of Sites (archived)",
            "url": "https://web.archive.org/web/20250126173827/https://www.norfolk-pcc.gov.uk/assets/documents/Norfolk-Constabulary-Estates-Plan-2022-2025.pdf",
            "retrieved": "2026-08-17"
          },
          {
            "title": "Postcode NR31 7AW — ONS Postcode Directory via postcodes.io",
            "url": "https://api.postcodes.io/postcodes/NR31%207AW",
            "retrieved": "2026-08-17"
          }
        ],
        "confidence": "high",
        "last_verified": "2026-08-17"
      }
    },
    {
      "type": "Feature",
      "geometry": {
        "type": "Point",
        "coordinates": [
          0.49451,
          52.93803
        ]
      },
      "properties": {
        "id": "norfolk-police-hunstanton",
        "name": "Hunstanton Police Station",
        "category": "police_local",
        "subtype": "station",
        "subregion_id": "kings-lynn-west-norfolk",
        "status": "active",
        "agency": {
          "name": "Norfolk Constabulary",
          "type": "police_department",
          "level": "county",
          "parent": null
        },
        "designation": "Operational Deployment Station",
        "address": {
          "street": "Lynn Road",
          "city": "Hunstanton",
          "county": "Norfolk",
          "postal_code": "PE36 5HR",
          "country": "GB"
        },
        "staffing_model": "career",
        "units": [],
        "game": {
          "building_types": [
            "Police Station"
          ],
          "recommended": false,
          "notes": "There is no sheriff or state tier in England — Norfolk Constabulary is the single territorial force for the whole county. UK firearms cover is vehicle-based (armed response vehicles), not a standing building."
        },
        "sources": [
          {
            "title": "Norfolk Constabulary Estates Plan 2022-2025 — List of Sites (archived)",
            "url": "https://web.archive.org/web/20250126173827/https://www.norfolk-pcc.gov.uk/assets/documents/Norfolk-Constabulary-Estates-Plan-2022-2025.pdf",
            "retrieved": "2026-08-17"
          },
          {
            "title": "Postcode PE36 5HR — ONS Postcode Directory via postcodes.io",
            "url": "https://api.postcodes.io/postcodes/PE36%205HR",
            "retrieved": "2026-08-17"
          }
        ],
        "confidence": "high",
        "last_verified": "2026-08-17"
      }
    },
    {
      "type": "Feature",
      "geometry": {
        "type": "Point",
        "coordinates": [
          1.28493,
          52.66651
        ]
      },
      "properties": {
        "id": "norfolk-police-hurricane-way",
        "name": "North Norwich Police Station (Hurricane Way)",
        "category": "police_local",
        "subtype": "station",
        "subregion_id": "norwich",
        "status": "active",
        "agency": {
          "name": "Norfolk Constabulary",
          "type": "police_department",
          "level": "county",
          "parent": null
        },
        "designation": "Operational Deployment Station",
        "address": {
          "street": "24 Hurricane Way, Airport Industrial Estate",
          "city": "Norwich",
          "county": "Norfolk",
          "postal_code": "NR6 6EY",
          "country": "GB"
        },
        "staffing_model": "career",
        "units": [],
        "game": {
          "building_types": [
            "Police Station"
          ],
          "recommended": false,
          "notes": "There is no sheriff or state tier in England — Norfolk Constabulary is the single territorial force for the whole county. UK firearms cover is vehicle-based (armed response vehicles), not a standing building."
        },
        "significance": "Leasehold north-Norwich base; the estates plan flags a review of provision across north Norwich and south Broadland in response to housing growth.",
        "sources": [
          {
            "title": "Norfolk Constabulary Estates Plan 2022-2025 — List of Sites (archived)",
            "url": "https://web.archive.org/web/20250126173827/https://www.norfolk-pcc.gov.uk/assets/documents/Norfolk-Constabulary-Estates-Plan-2022-2025.pdf",
            "retrieved": "2026-08-17"
          },
          {
            "title": "Postcode NR6 6EY — ONS Postcode Directory via postcodes.io",
            "url": "https://api.postcodes.io/postcodes/NR6%206EY",
            "retrieved": "2026-08-17"
          }
        ],
        "confidence": "high",
        "last_verified": "2026-08-17"
      }
    },
    {
      "type": "Feature",
      "geometry": {
        "type": "Point",
        "coordinates": [
          1.38878,
          52.81726
        ]
      },
      "properties": {
        "id": "norfolk-police-north-walsham",
        "name": "North Walsham Police Station",
        "category": "police_local",
        "subtype": "station",
        "subregion_id": "north-norfolk",
        "status": "active",
        "agency": {
          "name": "Norfolk Constabulary",
          "type": "police_department",
          "level": "county",
          "parent": null
        },
        "designation": "Operational Deployment Station",
        "address": {
          "street": "Yarmouth Road",
          "city": "North Walsham",
          "county": "Norfolk",
          "postal_code": "NR28 9AW",
          "country": "GB"
        },
        "staffing_model": "career",
        "units": [],
        "game": {
          "building_types": [
            "Police Station"
          ],
          "recommended": false,
          "notes": "There is no sheriff or state tier in England — Norfolk Constabulary is the single territorial force for the whole county. UK firearms cover is vehicle-based (armed response vehicles), not a standing building."
        },
        "sources": [
          {
            "title": "Norfolk Constabulary Estates Plan 2022-2025 — List of Sites (archived)",
            "url": "https://web.archive.org/web/20250126173827/https://www.norfolk-pcc.gov.uk/assets/documents/Norfolk-Constabulary-Estates-Plan-2022-2025.pdf",
            "retrieved": "2026-08-17"
          },
          {
            "title": "Postcode NR28 9AW — ONS Postcode Directory via postcodes.io",
            "url": "https://api.postcodes.io/postcodes/NR28%209AW",
            "retrieved": "2026-08-17"
          }
        ],
        "confidence": "high",
        "last_verified": "2026-08-17"
      }
    },
    {
      "type": "Feature",
      "geometry": {
        "type": "Point",
        "coordinates": [
          1.00523,
          52.51227
        ]
      },
      "properties": {
        "id": "norfolk-police-attleborough",
        "name": "Attleborough Police Station",
        "category": "police_local",
        "subtype": "station",
        "subregion_id": "breckland",
        "status": "active",
        "agency": {
          "name": "Norfolk Constabulary",
          "type": "police_department",
          "level": "county",
          "parent": null
        },
        "designation": "Safer Neighbourhood Team base",
        "address": {
          "street": "London Road",
          "city": "Attleborough",
          "county": "Norfolk",
          "postal_code": "NR17 2DW",
          "country": "GB"
        },
        "staffing_model": "career",
        "units": [],
        "game": {
          "building_types": [
            "Police Station"
          ],
          "recommended": false,
          "notes": "There is no sheriff or state tier in England — Norfolk Constabulary is the single territorial force for the whole county. UK firearms cover is vehicle-based (armed response vehicles), not a standing building."
        },
        "significance": "Shares the London Road site with Attleborough ambulance station.",
        "sources": [
          {
            "title": "Norfolk Constabulary Estates Plan 2022-2025 — List of Sites (archived)",
            "url": "https://web.archive.org/web/20250126173827/https://www.norfolk-pcc.gov.uk/assets/documents/Norfolk-Constabulary-Estates-Plan-2022-2025.pdf",
            "retrieved": "2026-08-17"
          },
          {
            "title": "Postcode NR17 2DW — ONS Postcode Directory via postcodes.io",
            "url": "https://api.postcodes.io/postcodes/NR17%202DW",
            "retrieved": "2026-08-17"
          }
        ],
        "confidence": "high",
        "last_verified": "2026-08-17"
      }
    },
    {
      "type": "Feature",
      "geometry": {
        "type": "Point",
        "coordinates": [
          1.29574,
          52.40307
        ]
      },
      "properties": {
        "id": "norfolk-police-harleston",
        "name": "Harleston Police Station",
        "category": "police_local",
        "subtype": "station",
        "subregion_id": "south-norfolk",
        "status": "active",
        "agency": {
          "name": "Norfolk Constabulary",
          "type": "police_department",
          "level": "county",
          "parent": null
        },
        "designation": "Safer Neighbourhood Team base",
        "address": {
          "street": "Swan Lane",
          "city": "Harleston",
          "county": "Norfolk",
          "postal_code": "IP20 9AW",
          "country": "GB"
        },
        "staffing_model": "career",
        "units": [],
        "game": {
          "building_types": [
            "Police Station"
          ],
          "recommended": false,
          "notes": "There is no sheriff or state tier in England — Norfolk Constabulary is the single territorial force for the whole county. UK firearms cover is vehicle-based (armed response vehicles), not a standing building."
        },
        "significance": "Next door to Harleston fire station on Swan Lane.",
        "sources": [
          {
            "title": "Norfolk Constabulary Estates Plan 2022-2025 — List of Sites (archived)",
            "url": "https://web.archive.org/web/20250126173827/https://www.norfolk-pcc.gov.uk/assets/documents/Norfolk-Constabulary-Estates-Plan-2022-2025.pdf",
            "retrieved": "2026-08-17"
          },
          {
            "title": "Postcode IP20 9AW — ONS Postcode Directory via postcodes.io",
            "url": "https://api.postcodes.io/postcodes/IP20%209AW",
            "retrieved": "2026-08-17"
          }
        ],
        "confidence": "high",
        "last_verified": "2026-08-17"
      }
    },
    {
      "type": "Feature",
      "geometry": {
        "type": "Point",
        "coordinates": [
          1.41225,
          52.71284
        ]
      },
      "properties": {
        "id": "norfolk-police-hoveton",
        "name": "Hoveton Police Station",
        "category": "police_local",
        "subtype": "station",
        "subregion_id": "north-norfolk",
        "status": "active",
        "agency": {
          "name": "Norfolk Constabulary",
          "type": "police_department",
          "level": "county",
          "parent": null
        },
        "designation": "Safer Neighbourhood Team base",
        "address": {
          "street": "12 Stalham Road",
          "city": "Hoveton",
          "county": "Norfolk",
          "postal_code": "NR12 8DG",
          "country": "GB"
        },
        "staffing_model": "career",
        "units": [],
        "game": {
          "building_types": [
            "Police Station"
          ],
          "recommended": false,
          "notes": "There is no sheriff or state tier in England — Norfolk Constabulary is the single territorial force for the whole county. UK firearms cover is vehicle-based (armed response vehicles), not a standing building."
        },
        "significance": "The Broads station, at Hoveton across the river from Wroxham.",
        "sources": [
          {
            "title": "Norfolk Constabulary Estates Plan 2022-2025 — List of Sites (archived)",
            "url": "https://web.archive.org/web/20250126173827/https://www.norfolk-pcc.gov.uk/assets/documents/Norfolk-Constabulary-Estates-Plan-2022-2025.pdf",
            "retrieved": "2026-08-17"
          },
          {
            "title": "Postcode NR12 8DG — ONS Postcode Directory via postcodes.io",
            "url": "https://api.postcodes.io/postcodes/NR12%208DG",
            "retrieved": "2026-08-17"
          }
        ],
        "confidence": "high",
        "last_verified": "2026-08-17"
      }
    },
    {
      "type": "Feature",
      "geometry": {
        "type": "Point",
        "coordinates": [
          1.23357,
          52.48323
        ]
      },
      "properties": {
        "id": "norfolk-police-long-stratton",
        "name": "Long Stratton Police Station",
        "category": "police_local",
        "subtype": "station",
        "subregion_id": "south-norfolk",
        "status": "active",
        "agency": {
          "name": "Norfolk Constabulary",
          "type": "police_department",
          "level": "county",
          "parent": null
        },
        "designation": "Safer Neighbourhood Team base",
        "address": {
          "street": "Ipswich Road",
          "city": "Long Stratton",
          "county": "Norfolk",
          "postal_code": "NR15 2TB",
          "country": "GB"
        },
        "staffing_model": "career",
        "units": [],
        "game": {
          "building_types": [
            "Police Station"
          ],
          "recommended": false,
          "notes": "There is no sheriff or state tier in England — Norfolk Constabulary is the single territorial force for the whole county. UK firearms cover is vehicle-based (armed response vehicles), not a standing building."
        },
        "sources": [
          {
            "title": "Norfolk Constabulary Estates Plan 2022-2025 — List of Sites (archived)",
            "url": "https://web.archive.org/web/20250126173827/https://www.norfolk-pcc.gov.uk/assets/documents/Norfolk-Constabulary-Estates-Plan-2022-2025.pdf",
            "retrieved": "2026-08-17"
          },
          {
            "title": "Postcode NR15 2TB — ONS Postcode Directory via postcodes.io",
            "url": "https://api.postcodes.io/postcodes/NR15%202TB",
            "retrieved": "2026-08-17"
          }
        ],
        "confidence": "high",
        "last_verified": "2026-08-17"
      }
    },
    {
      "type": "Feature",
      "geometry": {
        "type": "Point",
        "coordinates": [
          1.34366,
          52.5701
        ]
      },
      "properties": {
        "id": "norfolk-police-poringland",
        "name": "Poringland Police Station",
        "category": "police_local",
        "subtype": "station",
        "subregion_id": "south-norfolk",
        "status": "active",
        "agency": {
          "name": "Norfolk Constabulary",
          "type": "police_department",
          "level": "county",
          "parent": null
        },
        "designation": "Safer Neighbourhood Team base",
        "address": {
          "street": "Overtons Way",
          "city": "Poringland",
          "county": "Norfolk",
          "postal_code": "NR14 7WB",
          "country": "GB"
        },
        "staffing_model": "career",
        "units": [],
        "game": {
          "building_types": [
            "Police Station"
          ],
          "recommended": false,
          "notes": "There is no sheriff or state tier in England — Norfolk Constabulary is the single territorial force for the whole county. UK firearms cover is vehicle-based (armed response vehicles), not a standing building."
        },
        "sources": [
          {
            "title": "Norfolk Constabulary Estates Plan 2022-2025 — List of Sites (archived)",
            "url": "https://web.archive.org/web/20250126173827/https://www.norfolk-pcc.gov.uk/assets/documents/Norfolk-Constabulary-Estates-Plan-2022-2025.pdf",
            "retrieved": "2026-08-17"
          },
          {
            "title": "Postcode NR14 7WB — ONS Postcode Directory via postcodes.io",
            "url": "https://api.postcodes.io/postcodes/NR14%207WB",
            "retrieved": "2026-08-17"
          }
        ],
        "confidence": "high",
        "last_verified": "2026-08-17"
      }
    },
    {
      "type": "Feature",
      "geometry": {
        "type": "Point",
        "coordinates": [
          1.2091,
          52.68298
        ]
      },
      "properties": {
        "id": "norfolk-police-taverham",
        "name": "Taverham Police Station",
        "category": "police_local",
        "subtype": "station",
        "subregion_id": "broadland",
        "status": "active",
        "agency": {
          "name": "Norfolk Constabulary",
          "type": "police_department",
          "level": "county",
          "parent": null
        },
        "designation": "Safer Neighbourhood Team base",
        "address": {
          "street": "6 Windsor Chase",
          "city": "Taverham",
          "county": "Norfolk",
          "postal_code": "NR8 6LW",
          "country": "GB"
        },
        "staffing_model": "career",
        "units": [],
        "game": {
          "building_types": [
            "Police Station"
          ],
          "recommended": false,
          "notes": "There is no sheriff or state tier in England — Norfolk Constabulary is the single territorial force for the whole county. UK firearms cover is vehicle-based (armed response vehicles), not a standing building."
        },
        "significance": "Marked \"review\" in the estates plan as part of the north Norwich and south Broadland review.",
        "sources": [
          {
            "title": "Norfolk Constabulary Estates Plan 2022-2025 — List of Sites (archived)",
            "url": "https://web.archive.org/web/20250126173827/https://www.norfolk-pcc.gov.uk/assets/documents/Norfolk-Constabulary-Estates-Plan-2022-2025.pdf",
            "retrieved": "2026-08-17"
          },
          {
            "title": "Postcode NR8 6LW — ONS Postcode Directory via postcodes.io",
            "url": "https://api.postcodes.io/postcodes/NR8%206LW",
            "retrieved": "2026-08-17"
          }
        ],
        "confidence": "high",
        "last_verified": "2026-08-17"
      }
    },
    {
      "type": "Feature",
      "geometry": {
        "type": "Point",
        "coordinates": [
          0.27437,
          52.70732
        ]
      },
      "properties": {
        "id": "norfolk-police-terrington-st-john",
        "name": "Terrington St John Police Station",
        "category": "police_local",
        "subtype": "station",
        "subregion_id": "kings-lynn-west-norfolk",
        "status": "active",
        "agency": {
          "name": "Norfolk Constabulary",
          "type": "police_department",
          "level": "county",
          "parent": null
        },
        "designation": "Safer Neighbourhood Team base",
        "address": {
          "street": "Old Church Road",
          "city": "Terrington St John",
          "county": "Norfolk",
          "postal_code": "PE14 7XA",
          "country": "GB"
        },
        "staffing_model": "career",
        "units": [],
        "game": {
          "building_types": [
            "Police Station"
          ],
          "recommended": false,
          "notes": "There is no sheriff or state tier in England — Norfolk Constabulary is the single territorial force for the whole county. UK firearms cover is vehicle-based (armed response vehicles), not a standing building."
        },
        "sources": [
          {
            "title": "Norfolk Constabulary Estates Plan 2022-2025 — List of Sites (archived)",
            "url": "https://web.archive.org/web/20250126173827/https://www.norfolk-pcc.gov.uk/assets/documents/Norfolk-Constabulary-Estates-Plan-2022-2025.pdf",
            "retrieved": "2026-08-17"
          },
          {
            "title": "Postcode PE14 7XA — ONS Postcode Directory via postcodes.io",
            "url": "https://api.postcodes.io/postcodes/PE14%207XA",
            "retrieved": "2026-08-17"
          }
        ],
        "confidence": "high",
        "last_verified": "2026-08-17"
      }
    },
    {
      "type": "Feature",
      "geometry": {
        "type": "Point",
        "coordinates": [
          0.82079,
          52.57109
        ]
      },
      "properties": {
        "id": "norfolk-police-watton",
        "name": "Watton Police Station",
        "category": "police_local",
        "subtype": "station",
        "subregion_id": "breckland",
        "status": "active",
        "agency": {
          "name": "Norfolk Constabulary",
          "type": "police_department",
          "level": "county",
          "parent": null
        },
        "designation": "Safer Neighbourhood Team base",
        "address": {
          "street": "High Street",
          "city": "Watton",
          "county": "Norfolk",
          "postal_code": "IP25 6AR",
          "country": "GB"
        },
        "staffing_model": "career",
        "units": [],
        "game": {
          "building_types": [
            "Police Station"
          ],
          "recommended": false,
          "notes": "There is no sheriff or state tier in England — Norfolk Constabulary is the single territorial force for the whole county. UK firearms cover is vehicle-based (armed response vehicles), not a standing building."
        },
        "sources": [
          {
            "title": "Norfolk Constabulary Estates Plan 2022-2025 — List of Sites (archived)",
            "url": "https://web.archive.org/web/20250126173827/https://www.norfolk-pcc.gov.uk/assets/documents/Norfolk-Constabulary-Estates-Plan-2022-2025.pdf",
            "retrieved": "2026-08-17"
          },
          {
            "title": "Postcode IP25 6AR — ONS Postcode Directory via postcodes.io",
            "url": "https://api.postcodes.io/postcodes/IP25%206AR",
            "retrieved": "2026-08-17"
          }
        ],
        "confidence": "high",
        "last_verified": "2026-08-17"
      }
    },
    {
      "type": "Feature",
      "geometry": {
        "type": "Point",
        "coordinates": [
          0.85511,
          52.95408
        ]
      },
      "properties": {
        "id": "norfolk-police-wells",
        "name": "Wells-next-the-Sea Police Station",
        "category": "police_local",
        "subtype": "station",
        "subregion_id": "north-norfolk",
        "status": "active",
        "agency": {
          "name": "Norfolk Constabulary",
          "type": "police_department",
          "level": "county",
          "parent": null
        },
        "designation": "Safer Neighbourhood Team base",
        "address": {
          "street": "Polka Road",
          "city": "Wells-next-the-Sea",
          "county": "Norfolk",
          "postal_code": "NR23 1ED",
          "country": "GB"
        },
        "staffing_model": "career",
        "units": [],
        "game": {
          "building_types": [
            "Police Station"
          ],
          "recommended": false,
          "notes": "There is no sheriff or state tier in England — Norfolk Constabulary is the single territorial force for the whole county. UK firearms cover is vehicle-based (armed response vehicles), not a standing building."
        },
        "sources": [
          {
            "title": "Norfolk Constabulary Estates Plan 2022-2025 — List of Sites (archived)",
            "url": "https://web.archive.org/web/20250126173827/https://www.norfolk-pcc.gov.uk/assets/documents/Norfolk-Constabulary-Estates-Plan-2022-2025.pdf",
            "retrieved": "2026-08-17"
          },
          {
            "title": "Postcode NR23 1ED — ONS Postcode Directory via postcodes.io",
            "url": "https://api.postcodes.io/postcodes/NR23%201ED",
            "retrieved": "2026-08-17"
          }
        ],
        "confidence": "high",
        "last_verified": "2026-08-17"
      }
    },
    {
      "type": "Feature",
      "geometry": {
        "type": "Point",
        "coordinates": [
          1.30685,
          52.62682
        ]
      },
      "properties": {
        "id": "btp-norwich",
        "name": "British Transport Police — Norwich",
        "category": "police_national",
        "subtype": "station",
        "subregion_id": "norwich",
        "status": "active",
        "agency": {
          "name": "British Transport Police",
          "type": "national_police",
          "level": "national",
          "parent": "British Transport Police Authority"
        },
        "address": {
          "street": "Norwich railway station, Thorpe Road",
          "city": "Norwich",
          "county": "Norfolk",
          "postal_code": "NR1 1EG",
          "country": "GB"
        },
        "units": [],
        "game": {
          "building_types": [
            "Police Station"
          ],
          "recommended": false,
          "notes": "National force covering the railway. Useful for rail-incident missions rather than general patrol coverage."
        },
        "significance": "BTP’s Norfolk post, on the platform side of Norwich railway station. Establishment and vehicle allocation are not published.",
        "sources": [
          {
            "title": "British Transport Police Norwich — OpenStreetMap node 2969607869",
            "url": "https://www.openstreetmap.org/node/2969607869",
            "retrieved": "2026-08-17"
          },
          {
            "title": "Postcode NR1 1EG — ONS Postcode Directory via postcodes.io",
            "url": "https://api.postcodes.io/postcodes/NR1%201EG",
            "retrieved": "2026-08-17"
          }
        ],
        "confidence": "medium",
        "last_verified": "2026-08-17"
      }
    },
    {
      "type": "Feature",
      "geometry": {
        "type": "Point",
        "coordinates": [
          1.26985,
          52.80358
        ]
      },
      "properties": {
        "id": "norfolk-pic-aylsham",
        "name": "Aylsham Police Investigation Centre",
        "category": "jail",
        "subtype": "custody",
        "subregion_id": "broadland",
        "status": "active",
        "agency": {
          "name": "Norfolk Constabulary",
          "type": "police_department",
          "level": "county",
          "parent": null
        },
        "address": {
          "street": "Richard Oakes Road",
          "city": "Aylsham",
          "county": "Norfolk",
          "postal_code": "NR11 6FD",
          "country": "GB"
        },
        "staffing_model": "career",
        "operating_hours": "24_7",
        "units": [],
        "specialties": [
          "booking"
        ],
        "game": {
          "building_types": [
            "Police Station"
          ],
          "recommended": false,
          "notes": "UK custody is attached to the police estate rather than a separate buildable — treat as prisoner-handling capacity behind the nearest station."
        },
        "significance": "One of four Police Investigation Centres shared across Norfolk and Suffolk custody arrangements and built under a PFI scheme; all four Norfolk centres are retained under the estates plan. England has no county-jail tier — short-term detention sits in these custody suites and sentenced prisoners go to the national prison estate.",
        "sources": [
          {
            "title": "Norfolk Constabulary Estates Plan 2022-2025 — List of Sites (archived)",
            "url": "https://web.archive.org/web/20250126173827/https://www.norfolk-pcc.gov.uk/assets/documents/Norfolk-Constabulary-Estates-Plan-2022-2025.pdf",
            "retrieved": "2026-08-17"
          },
          {
            "title": "Postcode NR11 6FD — ONS Postcode Directory via postcodes.io",
            "url": "https://api.postcodes.io/postcodes/NR11%206FD",
            "retrieved": "2026-08-17"
          }
        ],
        "confidence": "high",
        "last_verified": "2026-08-17"
      }
    },
    {
      "type": "Feature",
      "geometry": {
        "type": "Point",
        "coordinates": [
          1.71864,
          52.60481
        ]
      },
      "properties": {
        "id": "norfolk-pic-great-yarmouth",
        "name": "Great Yarmouth Police Investigation Centre",
        "category": "jail",
        "subtype": "custody",
        "subregion_id": "great-yarmouth",
        "status": "active",
        "agency": {
          "name": "Norfolk Constabulary",
          "type": "police_department",
          "level": "county",
          "parent": null
        },
        "address": {
          "street": "Yarmouth Business Park, Thamesfield Way",
          "city": "Great Yarmouth",
          "county": "Norfolk",
          "postal_code": "NR31 0DW",
          "country": "GB"
        },
        "staffing_model": "career",
        "operating_hours": "24_7",
        "units": [],
        "specialties": [
          "booking"
        ],
        "game": {
          "building_types": [
            "Police Station"
          ],
          "recommended": false,
          "notes": "UK custody is attached to the police estate rather than a separate buildable — treat as prisoner-handling capacity behind the nearest station."
        },
        "significance": "One of four Police Investigation Centres shared across Norfolk and Suffolk custody arrangements and built under a PFI scheme; all four Norfolk centres are retained under the estates plan. England has no county-jail tier — short-term detention sits in these custody suites and sentenced prisoners go to the national prison estate.",
        "sources": [
          {
            "title": "Norfolk Constabulary Estates Plan 2022-2025 — List of Sites (archived)",
            "url": "https://web.archive.org/web/20250126173827/https://www.norfolk-pcc.gov.uk/assets/documents/Norfolk-Constabulary-Estates-Plan-2022-2025.pdf",
            "retrieved": "2026-08-17"
          },
          {
            "title": "Postcode NR31 0DW — ONS Postcode Directory via postcodes.io",
            "url": "https://api.postcodes.io/postcodes/NR31%200DW",
            "retrieved": "2026-08-17"
          }
        ],
        "confidence": "high",
        "last_verified": "2026-08-17"
      }
    },
    {
      "type": "Feature",
      "geometry": {
        "type": "Point",
        "coordinates": [
          0.38525,
          52.72772
        ]
      },
      "properties": {
        "id": "norfolk-pic-kings-lynn",
        "name": "King's Lynn Police Investigation Centre (Willows Business Park)",
        "category": "jail",
        "subtype": "custody",
        "subregion_id": "kings-lynn-west-norfolk",
        "status": "active",
        "agency": {
          "name": "Norfolk Constabulary",
          "type": "police_department",
          "level": "county",
          "parent": null
        },
        "address": {
          "street": "Willows Business Park, High Road, South Lynn",
          "city": "King's Lynn",
          "county": "Norfolk",
          "postal_code": "PE34 3RD",
          "country": "GB"
        },
        "staffing_model": "career",
        "operating_hours": "24_7",
        "units": [],
        "specialties": [
          "booking"
        ],
        "game": {
          "building_types": [
            "Police Station"
          ],
          "recommended": false,
          "notes": "UK custody is attached to the police estate rather than a separate buildable — treat as prisoner-handling capacity behind the nearest station."
        },
        "significance": "One of four Police Investigation Centres shared across Norfolk and Suffolk custody arrangements and built under a PFI scheme; all four Norfolk centres are retained under the estates plan. England has no county-jail tier — short-term detention sits in these custody suites and sentenced prisoners go to the national prison estate.",
        "sources": [
          {
            "title": "Norfolk Constabulary Estates Plan 2022-2025 — List of Sites (archived)",
            "url": "https://web.archive.org/web/20250126173827/https://www.norfolk-pcc.gov.uk/assets/documents/Norfolk-Constabulary-Estates-Plan-2022-2025.pdf",
            "retrieved": "2026-08-17"
          },
          {
            "title": "Postcode PE34 3RD — ONS Postcode Directory via postcodes.io",
            "url": "https://api.postcodes.io/postcodes/PE34%203RD",
            "retrieved": "2026-08-17"
          }
        ],
        "confidence": "high",
        "last_verified": "2026-08-17"
      }
    },
    {
      "type": "Feature",
      "geometry": {
        "type": "Point",
        "coordinates": [
          1.12375,
          52.57522
        ]
      },
      "properties": {
        "id": "norfolk-pic-wymondham",
        "name": "Wymondham Police Investigation Centre",
        "category": "jail",
        "subtype": "custody",
        "subregion_id": "south-norfolk",
        "status": "active",
        "agency": {
          "name": "Norfolk Constabulary",
          "type": "police_department",
          "level": "county",
          "parent": null
        },
        "address": {
          "street": "Plot 704, Gateway 11",
          "city": "Wymondham",
          "county": "Norfolk",
          "postal_code": "NR18 0SH",
          "country": "GB"
        },
        "staffing_model": "career",
        "operating_hours": "24_7",
        "units": [],
        "specialties": [
          "booking"
        ],
        "game": {
          "building_types": [
            "Police Station"
          ],
          "recommended": false,
          "notes": "UK custody is attached to the police estate rather than a separate buildable — treat as prisoner-handling capacity behind the nearest station."
        },
        "significance": "One of four Police Investigation Centres shared across Norfolk and Suffolk custody arrangements and built under a PFI scheme; all four Norfolk centres are retained under the estates plan. England has no county-jail tier — short-term detention sits in these custody suites and sentenced prisoners go to the national prison estate.",
        "sources": [
          {
            "title": "Norfolk Constabulary Estates Plan 2022-2025 — List of Sites (archived)",
            "url": "https://web.archive.org/web/20250126173827/https://www.norfolk-pcc.gov.uk/assets/documents/Norfolk-Constabulary-Estates-Plan-2022-2025.pdf",
            "retrieved": "2026-08-17"
          },
          {
            "title": "Postcode NR18 0SH — ONS Postcode Directory via postcodes.io",
            "url": "https://api.postcodes.io/postcodes/NR18%200SH",
            "retrieved": "2026-08-17"
          }
        ],
        "confidence": "high",
        "last_verified": "2026-08-17"
      }
    },
    {
      "type": "Feature",
      "geometry": {
        "type": "Point",
        "coordinates": [
          1.30863,
          52.62241
        ]
      },
      "properties": {
        "id": "norfolk-police-carrow-road-cells",
        "name": "Norwich City Football Club Holding Cells (Carrow Road)",
        "category": "jail",
        "subtype": "booking",
        "subregion_id": "norwich",
        "status": "active",
        "agency": {
          "name": "Norfolk Constabulary",
          "type": "police_department",
          "level": "county",
          "parent": null
        },
        "address": {
          "street": "Carrow Road",
          "city": "Norwich",
          "county": "Norfolk",
          "postal_code": "NR1 1JE",
          "country": "GB"
        },
        "operating_hours": "unknown",
        "units": [],
        "game": {
          "building_types": [
            "Police Station"
          ],
          "recommended": false,
          "notes": "Matchday-only detention space — the sort of event-policing detail that explains a spike in public-order calls without being a standing build."
        },
        "significance": "A room in a stand at Carrow Road held under agreement by Norfolk Constabulary as matchday holding cells. Listed in the constabulary estate; capacity is not published.",
        "sources": [
          {
            "title": "Norfolk Constabulary Estates Plan 2022-2025 — List of Sites (archived)",
            "url": "https://web.archive.org/web/20250126173827/https://www.norfolk-pcc.gov.uk/assets/documents/Norfolk-Constabulary-Estates-Plan-2022-2025.pdf",
            "retrieved": "2026-08-17"
          },
          {
            "title": "Postcode NR1 1JE — ONS Postcode Directory via postcodes.io",
            "url": "https://api.postcodes.io/postcodes/NR1%201JE",
            "retrieved": "2026-08-17"
          }
        ],
        "confidence": "medium",
        "last_verified": "2026-08-17"
      }
    },
    {
      "type": "Feature",
      "geometry": {
        "type": "Point",
        "coordinates": [
          1.31761,
          52.6376
        ]
      },
      "properties": {
        "id": "hmp-norwich",
        "name": "HMP/YOI Norwich",
        "category": "prison",
        "subtype": "national",
        "subregion_id": "norwich",
        "status": "active",
        "agency": {
          "name": "His Majesty’s Prison and Probation Service",
          "type": "corrections",
          "level": "national",
          "parent": "Ministry of Justice"
        },
        "address": {
          "street": "Knox Road",
          "city": "Norwich",
          "county": "Norfolk",
          "postal_code": "NR1 4LU",
          "country": "GB"
        },
        "staffing_model": "career",
        "operating_hours": "24_7",
        "units": [],
        "attributes": {
          "inmate_capacity": 750,
          "security_level": "Category B local / Category C",
          "population": "men aged 18 and over"
        },
        "game": {
          "building_types": [
            "Prison"
          ],
          "recommended": true,
          "notes": "The prison estate in England is national, so there is no county-jail tier to build alongside it — prisoner transport and disturbance missions run from here."
        },
        "significance": "Norwich’s local prison: a mixed-role site taking remand and trial prisoners on B and C wings, induction and drug treatment on A wing, resettlement in Britannia House on D wing and vulnerable or elderly prisoners on E, L and M wings. Around 750 prisoners.",
        "sources": [
          {
            "title": "HMP/YOI Norwich — GOV.UK",
            "url": "https://www.gov.uk/guidance/norwich-prison",
            "retrieved": "2026-08-17"
          },
          {
            "title": "Postcode NR1 4LU — ONS Postcode Directory via postcodes.io",
            "url": "https://api.postcodes.io/postcodes/NR1%204LU",
            "retrieved": "2026-08-17"
          }
        ],
        "confidence": "high",
        "last_verified": "2026-08-17"
      }
    },
    {
      "type": "Feature",
      "geometry": {
        "type": "Point",
        "coordinates": [
          1.34703,
          52.75904
        ]
      },
      "properties": {
        "id": "hmp-bure",
        "name": "HMP Bure",
        "category": "prison",
        "subtype": "national",
        "subregion_id": "north-norfolk",
        "status": "active",
        "agency": {
          "name": "His Majesty’s Prison and Probation Service",
          "type": "corrections",
          "level": "national",
          "parent": "Ministry of Justice"
        },
        "address": {
          "street": "Jaguar Drive, Badersfield",
          "city": "Norwich",
          "county": "Norfolk",
          "postal_code": "NR10 5GB",
          "country": "GB"
        },
        "staffing_model": "career",
        "operating_hours": "24_7",
        "units": [],
        "attributes": {
          "inmate_capacity": 650,
          "security_level": "Category C",
          "population": "men convicted of a sex offence"
        },
        "game": {
          "building_types": [
            "Prison"
          ],
          "recommended": true,
          "notes": "The prison estate in England is national, so there is no county-jail tier to build alongside it — prisoner transport and disturbance missions run from here."
        },
        "significance": "Built on the former RAF Coltishall site north of Norwich; around 650 prisoners across seven units, holding men convicted of a sex offence.",
        "sources": [
          {
            "title": "HMP Bure — GOV.UK",
            "url": "https://www.gov.uk/guidance/bure-prison",
            "retrieved": "2026-08-17"
          },
          {
            "title": "Postcode NR10 5GB — ONS Postcode Directory via postcodes.io",
            "url": "https://api.postcodes.io/postcodes/NR10%205GB",
            "retrieved": "2026-08-17"
          }
        ],
        "confidence": "high",
        "last_verified": "2026-08-17"
      }
    },
    {
      "type": "Feature",
      "geometry": {
        "type": "Point",
        "coordinates": [
          0.85875,
          52.55251
        ]
      },
      "properties": {
        "id": "hmp-wayland",
        "name": "HMP Wayland",
        "category": "prison",
        "subtype": "national",
        "subregion_id": "breckland",
        "status": "active",
        "agency": {
          "name": "His Majesty’s Prison and Probation Service",
          "type": "corrections",
          "level": "national",
          "parent": "Ministry of Justice"
        },
        "address": {
          "street": "Griston",
          "city": "Thetford",
          "county": "Norfolk",
          "postal_code": "IP25 6RL",
          "country": "GB"
        },
        "staffing_model": "career",
        "operating_hours": "24_7",
        "units": [],
        "attributes": {
          "inmate_capacity": 1000,
          "security_level": "Category C",
          "population": "men"
        },
        "game": {
          "building_types": [
            "Prison"
          ],
          "recommended": true,
          "notes": "The prison estate in England is national, so there is no county-jail tier to build alongside it — prisoner transport and disturbance missions run from here."
        },
        "significance": "A category C training and resettlement prison near Watton — around 1,000 prisoners across 13 units, the largest prison population in the county.",
        "sources": [
          {
            "title": "HMP Wayland — GOV.UK",
            "url": "https://www.gov.uk/guidance/wayland-prison",
            "retrieved": "2026-08-17"
          },
          {
            "title": "Postcode IP25 6RL — ONS Postcode Directory via postcodes.io",
            "url": "https://api.postcodes.io/postcodes/IP25%206RL",
            "retrieved": "2026-08-17"
          }
        ],
        "confidence": "high",
        "last_verified": "2026-08-17"
      }
    },
    {
      "type": "Feature",
      "geometry": {
        "type": "Point",
        "coordinates": [
          1.24925,
          52.65669
        ]
      },
      "properties": {
        "id": "eeast-hellesdon",
        "name": "Hellesdon Ambulance Station (EEAST Norwich site)",
        "category": "ems",
        "subtype": "third_service",
        "subregion_id": "broadland",
        "status": "active",
        "agency": {
          "name": "East of England Ambulance Service NHS Trust",
          "type": "ems_agency",
          "level": "regional",
          "parent": "NHS England"
        },
        "address": {
          "street": "Hospital Lane, Hellesdon",
          "city": "Norwich",
          "county": "Norfolk",
          "postal_code": "NR6 5NA",
          "country": "GB"
        },
        "staffing_model": "career",
        "operating_hours": "24_7",
        "units": [],
        "attributes": {
          "sector_hub": "Central Norfolk"
        },
        "game": {
          "building_types": [
            "Ambulance Station"
          ],
          "recommended": true,
          "notes": "UK double-crewed ambulances map to ALS/BLS by crew skill mix and rapid response vehicles to a chase car; EEAST does not publish either per station, so stock to taste."
        },
        "significance": "The trust’s Norwich site: response post, training centre and vehicle workshop alongside the ambulance operations centre. EEAST does not publish vehicle allocations per station, so the fleet here is unknown.",
        "sources": [
          {
            "title": "Where are our stations? — EEAST (Norwich office)",
            "url": "https://www.eastamb.nhs.uk/join-the-team/working-for-us/our-stations",
            "retrieved": "2026-08-17"
          },
          {
            "title": "East of England Ambulance Service station list — EEAST",
            "url": "https://www.eastamb.nhs.uk/join-the-team/working-for-us/EEAST-station-list",
            "retrieved": "2026-08-17"
          },
          {
            "title": "Postcode NR6 5NA — ONS Postcode Directory via postcodes.io",
            "url": "https://api.postcodes.io/postcodes/NR6%205NA",
            "retrieved": "2026-08-17"
          }
        ],
        "confidence": "high",
        "last_verified": "2026-08-17"
      }
    },
    {
      "type": "Feature",
      "geometry": {
        "type": "Point",
        "coordinates": [
          1.1803,
          52.65533
        ]
      },
      "properties": {
        "id": "eeast-longwater",
        "name": "Longwater Ambulance Station",
        "category": "ems",
        "subtype": "third_service",
        "subregion_id": "south-norfolk",
        "status": "active",
        "agency": {
          "name": "East of England Ambulance Service NHS Trust",
          "type": "ems_agency",
          "level": "regional",
          "parent": "NHS England"
        },
        "address": {
          "city": "Norwich",
          "county": "Norfolk",
          "country": "GB"
        },
        "staffing_model": "career",
        "operating_hours": "24_7",
        "units": [],
        "attributes": {
          "sector_hub": "Central Norfolk"
        },
        "game": {
          "building_types": [
            "Ambulance Station"
          ],
          "recommended": true,
          "notes": "UK double-crewed ambulances map to ALS/BLS by crew skill mix and rapid response vehicles to a chase car; EEAST does not publish either per station, so stock to taste."
        },
        "significance": "EEAST names Longwater as the hub for the Central Norfolk sector (Cromer, Dereham, Diss, Attleborough, Hellesdon and North Walsham report to it). The name comes from the trust’s station list and the position from an unnamed OpenStreetMap ambulance-station building at Longwater — no official address is published, so no street or postcode is recorded.",
        "sources": [
          {
            "title": "East of England Ambulance Service station list — EEAST",
            "url": "https://www.eastamb.nhs.uk/join-the-team/working-for-us/EEAST-station-list",
            "retrieved": "2026-08-17"
          },
          {
            "title": "Longwater Ambulance Station — OpenStreetMap way 32561202",
            "url": "https://www.openstreetmap.org/way/32561202",
            "retrieved": "2026-08-17"
          }
        ],
        "confidence": "medium",
        "last_verified": "2026-08-17"
      }
    },
    {
      "type": "Feature",
      "geometry": {
        "type": "Point",
        "coordinates": [
          1.28506,
          52.92835
        ]
      },
      "properties": {
        "id": "eeast-cromer",
        "name": "Cromer Ambulance Station",
        "category": "ems",
        "subtype": "third_service",
        "subregion_id": "north-norfolk",
        "status": "active",
        "agency": {
          "name": "East of England Ambulance Service NHS Trust",
          "type": "ems_agency",
          "level": "regional",
          "parent": "NHS England"
        },
        "address": {
          "city": "Cromer",
          "county": "Norfolk",
          "country": "GB"
        },
        "staffing_model": "career",
        "operating_hours": "24_7",
        "units": [],
        "attributes": {
          "sector_hub": "Central Norfolk"
        },
        "game": {
          "building_types": [
            "Ambulance Station"
          ],
          "recommended": false,
          "notes": "UK double-crewed ambulances map to ALS/BLS by crew skill mix and rapid response vehicles to a chase car; EEAST does not publish either per station, so stock to taste."
        },
        "sources": [
          {
            "title": "East of England Ambulance Service station list — EEAST",
            "url": "https://www.eastamb.nhs.uk/join-the-team/working-for-us/EEAST-station-list",
            "retrieved": "2026-08-17"
          },
          {
            "title": "Cromer Ambulance Station — OpenStreetMap way 345723571",
            "url": "https://www.openstreetmap.org/way/345723571",
            "retrieved": "2026-08-17"
          }
        ],
        "confidence": "medium",
        "last_verified": "2026-08-17"
      }
    },
    {
      "type": "Feature",
      "geometry": {
        "type": "Point",
        "coordinates": [
          0.93893,
          52.67598
        ]
      },
      "properties": {
        "id": "eeast-dereham",
        "name": "Dereham Ambulance Station",
        "category": "ems",
        "subtype": "third_service",
        "subregion_id": "breckland",
        "status": "active",
        "agency": {
          "name": "East of England Ambulance Service NHS Trust",
          "type": "ems_agency",
          "level": "regional",
          "parent": "NHS England"
        },
        "address": {
          "city": "Dereham",
          "county": "Norfolk",
          "country": "GB"
        },
        "staffing_model": "career",
        "operating_hours": "24_7",
        "units": [],
        "attributes": {
          "sector_hub": "Central Norfolk"
        },
        "game": {
          "building_types": [
            "Ambulance Station"
          ],
          "recommended": false,
          "notes": "UK double-crewed ambulances map to ALS/BLS by crew skill mix and rapid response vehicles to a chase car; EEAST does not publish either per station, so stock to taste."
        },
        "significance": "Position from an unnamed OpenStreetMap ambulance-station building; the station name is from the EEAST station list.",
        "sources": [
          {
            "title": "East of England Ambulance Service station list — EEAST",
            "url": "https://www.eastamb.nhs.uk/join-the-team/working-for-us/EEAST-station-list",
            "retrieved": "2026-08-17"
          },
          {
            "title": "Dereham Ambulance Station — OpenStreetMap way 394956999",
            "url": "https://www.openstreetmap.org/way/394956999",
            "retrieved": "2026-08-17"
          }
        ],
        "confidence": "medium",
        "last_verified": "2026-08-17"
      }
    },
    {
      "type": "Feature",
      "geometry": {
        "type": "Point",
        "coordinates": [
          1.12322,
          52.37509
        ]
      },
      "properties": {
        "id": "eeast-diss",
        "name": "Diss Ambulance Station",
        "category": "ems",
        "subtype": "third_service",
        "subregion_id": "south-norfolk",
        "status": "active",
        "agency": {
          "name": "East of England Ambulance Service NHS Trust",
          "type": "ems_agency",
          "level": "regional",
          "parent": "NHS England"
        },
        "address": {
          "street": "Owen Road",
          "city": "Diss",
          "county": "Norfolk",
          "postal_code": "IP22 4ER",
          "country": "GB"
        },
        "staffing_model": "career",
        "operating_hours": "24_7",
        "units": [],
        "attributes": {
          "sector_hub": "Central Norfolk"
        },
        "game": {
          "building_types": [
            "Ambulance Station"
          ],
          "recommended": false,
          "notes": "UK double-crewed ambulances map to ALS/BLS by crew skill mix and rapid response vehicles to a chase car; EEAST does not publish either per station, so stock to taste."
        },
        "sources": [
          {
            "title": "East of England Ambulance Service station list — EEAST",
            "url": "https://www.eastamb.nhs.uk/join-the-team/working-for-us/EEAST-station-list",
            "retrieved": "2026-08-17"
          },
          {
            "title": "Diss Ambulance Station — OpenStreetMap way 713151531",
            "url": "https://www.openstreetmap.org/way/713151531",
            "retrieved": "2026-08-17"
          },
          {
            "title": "Postcode IP22 4ER — ONS Postcode Directory via postcodes.io",
            "url": "https://api.postcodes.io/postcodes/IP22%204ER",
            "retrieved": "2026-08-17"
          }
        ],
        "confidence": "high",
        "last_verified": "2026-08-17"
      }
    },
    {
      "type": "Feature",
      "geometry": {
        "type": "Point",
        "coordinates": [
          1.0048,
          52.51201
        ]
      },
      "properties": {
        "id": "eeast-attleborough",
        "name": "Attleborough Ambulance Station",
        "category": "ems",
        "subtype": "third_service",
        "subregion_id": "breckland",
        "status": "active",
        "agency": {
          "name": "East of England Ambulance Service NHS Trust",
          "type": "ems_agency",
          "level": "regional",
          "parent": "NHS England"
        },
        "address": {
          "street": "London Road",
          "city": "Attleborough",
          "county": "Norfolk",
          "postal_code": "NR17 2DW",
          "country": "GB"
        },
        "staffing_model": "career",
        "operating_hours": "24_7",
        "units": [],
        "attributes": {
          "sector_hub": "Central Norfolk"
        },
        "game": {
          "building_types": [
            "Ambulance Station"
          ],
          "recommended": false,
          "notes": "UK double-crewed ambulances map to ALS/BLS by crew skill mix and rapid response vehicles to a chase car; EEAST does not publish either per station, so stock to taste."
        },
        "significance": "Shares the London Road site with Attleborough police station.",
        "sources": [
          {
            "title": "East of England Ambulance Service station list — EEAST",
            "url": "https://www.eastamb.nhs.uk/join-the-team/working-for-us/EEAST-station-list",
            "retrieved": "2026-08-17"
          },
          {
            "title": "Attleborough Ambulance Station — OpenStreetMap way 1365577491",
            "url": "https://www.openstreetmap.org/way/1365577491",
            "retrieved": "2026-08-17"
          },
          {
            "title": "Postcode NR17 2DW — ONS Postcode Directory via postcodes.io",
            "url": "https://api.postcodes.io/postcodes/NR17%202DW",
            "retrieved": "2026-08-17"
          }
        ],
        "confidence": "high",
        "last_verified": "2026-08-17"
      }
    },
    {
      "type": "Feature",
      "geometry": {
        "type": "Point",
        "coordinates": [
          0.68822,
          52.65228
        ]
      },
      "properties": {
        "id": "eeast-swaffham",
        "name": "Swaffham Ambulance Station",
        "category": "ems",
        "subtype": "third_service",
        "subregion_id": "breckland",
        "status": "active",
        "agency": {
          "name": "East of England Ambulance Service NHS Trust",
          "type": "ems_agency",
          "level": "regional",
          "parent": "NHS England"
        },
        "address": {
          "city": "Swaffham",
          "county": "Norfolk",
          "postal_code": "PE37 7HX",
          "country": "GB"
        },
        "staffing_model": "career",
        "operating_hours": "24_7",
        "units": [],
        "attributes": {
          "sector_hub": "West Norfolk"
        },
        "game": {
          "building_types": [
            "Ambulance Station"
          ],
          "recommended": false,
          "notes": "UK double-crewed ambulances map to ALS/BLS by crew skill mix and rapid response vehicles to a chase car; EEAST does not publish either per station, so stock to taste."
        },
        "sources": [
          {
            "title": "East of England Ambulance Service station list — EEAST",
            "url": "https://www.eastamb.nhs.uk/join-the-team/working-for-us/EEAST-station-list",
            "retrieved": "2026-08-17"
          },
          {
            "title": "Swaffham Ambulance Station — OpenStreetMap way 133626751",
            "url": "https://www.openstreetmap.org/way/133626751",
            "retrieved": "2026-08-17"
          },
          {
            "title": "Postcode PE37 7HX — ONS Postcode Directory via postcodes.io",
            "url": "https://api.postcodes.io/postcodes/PE37%207HX",
            "retrieved": "2026-08-17"
          }
        ],
        "confidence": "high",
        "last_verified": "2026-08-17"
      }
    },
    {
      "type": "Feature",
      "geometry": {
        "type": "Point",
        "coordinates": [
          1.57724,
          52.71458
        ]
      },
      "properties": {
        "id": "eeast-potter-heigham",
        "name": "Potter Heigham Ambulance Station",
        "category": "ems",
        "subtype": "third_service",
        "subregion_id": "north-norfolk",
        "status": "active",
        "agency": {
          "name": "East of England Ambulance Service NHS Trust",
          "type": "ems_agency",
          "level": "regional",
          "parent": "NHS England"
        },
        "address": {
          "city": "Potter Heigham",
          "county": "Norfolk",
          "postal_code": "NR29 5HS",
          "country": "GB"
        },
        "staffing_model": "career",
        "operating_hours": "24_7",
        "units": [],
        "attributes": {
          "sector_hub": "Waveney"
        },
        "game": {
          "building_types": [
            "Ambulance Station"
          ],
          "recommended": false,
          "notes": "UK double-crewed ambulances map to ALS/BLS by crew skill mix and rapid response vehicles to a chase car; EEAST does not publish either per station, so stock to taste."
        },
        "significance": "The Broads-side station in the Waveney sector, covering the eastern rivers and the Yarmouth hinterland.",
        "sources": [
          {
            "title": "East of England Ambulance Service station list — EEAST",
            "url": "https://www.eastamb.nhs.uk/join-the-team/working-for-us/EEAST-station-list",
            "retrieved": "2026-08-17"
          },
          {
            "title": "Potter Heigham Ambulance Station — OpenStreetMap way 387224430",
            "url": "https://www.openstreetmap.org/way/387224430",
            "retrieved": "2026-08-17"
          },
          {
            "title": "Postcode NR29 5HS — ONS Postcode Directory via postcodes.io",
            "url": "https://api.postcodes.io/postcodes/NR29%205HS",
            "retrieved": "2026-08-17"
          }
        ],
        "confidence": "high",
        "last_verified": "2026-08-17"
      }
    },
    {
      "type": "Feature",
      "geometry": {
        "type": "Point",
        "coordinates": [
          1.71029,
          52.55794
        ]
      },
      "properties": {
        "id": "eeast-waveney-depot",
        "name": "Waveney Depot (EEAST)",
        "category": "ems",
        "subtype": "third_service",
        "subregion_id": "great-yarmouth",
        "status": "active",
        "agency": {
          "name": "East of England Ambulance Service NHS Trust",
          "type": "ems_agency",
          "level": "regional",
          "parent": "NHS England"
        },
        "address": {
          "city": "Great Yarmouth",
          "county": "Norfolk",
          "country": "GB"
        },
        "staffing_model": "career",
        "operating_hours": "24_7",
        "units": [],
        "attributes": {
          "sector_hub": "Waveney"
        },
        "game": {
          "building_types": [
            "Ambulance Station"
          ],
          "recommended": false,
          "notes": "UK double-crewed ambulances map to ALS/BLS by crew skill mix and rapid response vehicles to a chase car; EEAST does not publish either per station, so stock to taste."
        },
        "significance": "Tagged as an East of England Ambulance Service depot south of Gorleston. EEAST’s published station list names Gorleston as the Waveney hub, so whether this depot is that hub is unconfirmed.",
        "sources": [
          {
            "title": "East of England Ambulance Service station list — EEAST",
            "url": "https://www.eastamb.nhs.uk/join-the-team/working-for-us/EEAST-station-list",
            "retrieved": "2026-08-17"
          },
          {
            "title": "Waveney Depot (EEAST) — OpenStreetMap way 220776102",
            "url": "https://www.openstreetmap.org/way/220776102",
            "retrieved": "2026-08-17"
          }
        ],
        "confidence": "medium",
        "last_verified": "2026-08-17"
      }
    },
    {
      "type": "Feature",
      "geometry": {
        "type": "Point",
        "coordinates": [
          0.74835,
          52.41717
        ]
      },
      "properties": {
        "id": "eeast-thetford",
        "name": "Thetford Ambulance Station",
        "category": "ems",
        "subtype": "third_service",
        "subregion_id": "breckland",
        "status": "unknown",
        "agency": {
          "name": "East of England Ambulance Service NHS Trust",
          "type": "ems_agency",
          "level": "regional",
          "parent": "NHS England"
        },
        "address": {
          "city": "Thetford",
          "county": "Norfolk",
          "country": "GB"
        },
        "staffing_model": "career",
        "operating_hours": "24_7",
        "units": [],
        "game": {
          "building_types": [
            "Ambulance Station"
          ],
          "recommended": false,
          "notes": "UK double-crewed ambulances map to ALS/BLS by crew skill mix and rapid response vehicles to a chase car; EEAST does not publish either per station, so stock to taste."
        },
        "significance": "Mapped as an ambulance station beside Thetford police and fire stations, but it does not appear on EEAST’s published station list — recorded with unknown status rather than dropped or asserted.",
        "sources": [
          {
            "title": "Thetford Ambulance Station — OpenStreetMap way 96682616",
            "url": "https://www.openstreetmap.org/way/96682616",
            "retrieved": "2026-08-17"
          }
        ],
        "confidence": "low",
        "last_verified": "2026-08-17"
      }
    },
    {
      "type": "Feature",
      "geometry": {
        "type": "Point",
        "coordinates": [
          1.26939,
          52.67318
        ]
      },
      "properties": {
        "id": "eaaa-norwich",
        "name": "East Anglian Air Ambulance — Norwich Base (Anglia One)",
        "category": "ems",
        "subtype": "air_ambulance",
        "subregion_id": "norwich",
        "status": "active",
        "agency": {
          "name": "East Anglian Air Ambulance",
          "type": "aid_organization",
          "level": "private",
          "parent": null
        },
        "address": {
          "street": "Gambling Close, Norwich Airport",
          "city": "Norwich",
          "county": "Norfolk",
          "postal_code": "NR6 6EG",
          "country": "GB"
        },
        "staffing_model": "career",
        "operating_hours": "24_7",
        "units": [
          {
            "type": "air_support",
            "designation": "Anglia One (G-RESU)",
            "count": 1,
            "attributes": {
              "airframe": "Airbus H145",
              "crew": "two flight crew and three clinicians",
              "operator": "Babcock Mission Critical Services Onshore"
            }
          }
        ],
        "specialties": [
          "air_support"
        ],
        "attributes": {
          "charity_number": "1083876",
          "coverage": "Norfolk and Suffolk"
        },
        "game": {
          "building_types": [
            "Ambulance Station",
            "Helicopter Base"
          ],
          "recommended": true,
          "notes": "A charity air ambulance, not part of the NHS trust — the county’s only rotary HEMS asset and the reason a helipad matters at the Norfolk and Norwich."
        },
        "significance": "Anglia One flies from Norwich Airport covering Norfolk and Suffolk 365 days a year; the charity’s second aircraft, Anglia Two, is based at Cambridge Airport outside this region.",
        "sources": [
          {
            "title": "East Anglian Air Ambulance — Wikipedia",
            "url": "https://en.wikipedia.org/wiki/East_Anglian_Air_Ambulance",
            "retrieved": "2026-08-17"
          },
          {
            "title": "East Anglian Air Ambulance — Norwich Base — OpenStreetMap node 6855478875",
            "url": "https://www.openstreetmap.org/node/6855478875",
            "retrieved": "2026-08-17"
          },
          {
            "title": "Postcode NR6 6EG — ONS Postcode Directory via postcodes.io",
            "url": "https://api.postcodes.io/postcodes/NR6%206EG",
            "retrieved": "2026-08-17"
          }
        ],
        "confidence": "high",
        "last_verified": "2026-08-17"
      }
    },
    {
      "type": "Feature",
      "geometry": {
        "type": "Point",
        "coordinates": [
          1.24925,
          52.65669
        ]
      },
      "properties": {
        "id": "eeast-aoc-norwich",
        "name": "EEAST Norwich Ambulance Operations Centre",
        "category": "dispatch",
        "subtype": "service_control",
        "subregion_id": "broadland",
        "status": "active",
        "agency": {
          "name": "East of England Ambulance Service NHS Trust",
          "type": "ems_agency",
          "level": "regional",
          "parent": "NHS England"
        },
        "address": {
          "street": "Hospital Lane, Hellesdon",
          "city": "Norwich",
          "county": "Norfolk",
          "postal_code": "NR6 5NA",
          "country": "GB"
        },
        "staffing_model": "career",
        "operating_hours": "24_7",
        "units": [],
        "game": {
          "building_types": [
            "Dispatch Center"
          ],
          "recommended": false,
          "notes": "Ambulance 999 calls for Norfolk are taken here, separately from the fire and police control rooms — the UK has no single consolidated PSAP."
        },
        "significance": "One of the trust’s ambulance operations centres, on the Norwich site at Hellesdon alongside the response post, training centre and workshop.",
        "sources": [
          {
            "title": "Where are our stations? — EEAST (Norwich office)",
            "url": "https://www.eastamb.nhs.uk/join-the-team/working-for-us/our-stations",
            "retrieved": "2026-08-17"
          },
          {
            "title": "Postcode NR6 5NA — ONS Postcode Directory via postcodes.io",
            "url": "https://api.postcodes.io/postcodes/NR6%205NA",
            "retrieved": "2026-08-17"
          }
        ],
        "confidence": "medium",
        "last_verified": "2026-08-17"
      }
    },
    {
      "type": "Feature",
      "geometry": {
        "type": "Point",
        "coordinates": [
          1.13727,
          52.57811
        ]
      },
      "properties": {
        "id": "norfolk-police-occ",
        "name": "Norfolk Constabulary Operations and Communications Centre",
        "category": "dispatch",
        "subtype": "service_control",
        "subregion_id": "south-norfolk",
        "status": "active",
        "agency": {
          "name": "Norfolk Constabulary",
          "type": "police_department",
          "level": "county",
          "parent": null
        },
        "address": {
          "street": "Jubilee House, Falconers Chase",
          "city": "Wymondham",
          "county": "Norfolk",
          "postal_code": "NR18 0WW",
          "country": "GB"
        },
        "staffing_model": "career",
        "operating_hours": "24_7",
        "units": [],
        "game": {
          "building_types": [
            "Dispatch Center"
          ],
          "recommended": false,
          "notes": "Police 999 and 101 calls for the county land here. Co-located with the fire control room at the same joint site, but a separate room and a separate service."
        },
        "significance": "The force control room at the joint Wymondham headquarters, handling calls across a 2,079 square-mile county including 90 miles of coast and the Broads.",
        "sources": [
          {
            "title": "How to find us — Norfolk Constabulary (archived)",
            "url": "https://web.archive.org/web/20230926044323/https://www.norfolk.police.uk/about-us/5-other-contact-options/how-find-us",
            "retrieved": "2026-08-17"
          },
          {
            "title": "Norfolk Constabulary Estates Plan 2022-2025 — List of Sites (archived)",
            "url": "https://web.archive.org/web/20250126173827/https://www.norfolk-pcc.gov.uk/assets/documents/Norfolk-Constabulary-Estates-Plan-2022-2025.pdf",
            "retrieved": "2026-08-17"
          },
          {
            "title": "Norfolk Constabulary — Wikipedia",
            "url": "https://en.wikipedia.org/wiki/Norfolk_Constabulary",
            "retrieved": "2026-08-17"
          },
          {
            "title": "Postcode NR18 0WW — ONS Postcode Directory via postcodes.io",
            "url": "https://api.postcodes.io/postcodes/NR18%200WW",
            "retrieved": "2026-08-17"
          }
        ],
        "confidence": "high",
        "last_verified": "2026-08-17"
      }
    },
    {
      "type": "Feature",
      "geometry": {
        "type": "Point",
        "coordinates": [
          1.2212,
          52.61757
        ]
      },
      "properties": {
        "id": "nnuh",
        "name": "Norfolk and Norwich University Hospital",
        "category": "hospital",
        "subtype": "trauma_center",
        "subregion_id": "south-norfolk",
        "status": "active",
        "agency": {
          "name": "Norfolk and Norwich University Hospitals NHS Foundation Trust",
          "type": "hospital_system",
          "level": "regional",
          "parent": "NHS England"
        },
        "address": {
          "street": "Colney Lane, Colney",
          "city": "Norwich",
          "county": "Norfolk",
          "postal_code": "NR4 7UY",
          "country": "GB"
        },
        "staffing_model": "career",
        "operating_hours": "24_7",
        "units": [],
        "specialties": [
          "trauma_unit"
        ],
        "attributes": {
          "emergency_department": true,
          "trauma_designation": {
            "system": "nhs_mtn",
            "label": "Trauma Unit"
          }
        },
        "game": {
          "building_types": [
            "Hospital"
          ],
          "recommended": true,
          "notes": "A Trauma Unit receives and resuscitates major trauma; the network’s Major Trauma Centre is Addenbrooke’s in Cambridge, outside this region, so long transfers are part of the picture here."
        },
        "significance": "The region’s biggest hospital and the receiving A&E for Norwich. Designated a Trauma Unit, not a Major Trauma Centre: seriously injured patients are stabilised here and transferred to Addenbrooke’s in Cambridge, roughly 60 miles away. An upgrade to Major Trauma Centre status was consulted on in 2023–24; the trust’s own page still says Trauma Unit.",
        "sources": [
          {
            "title": "Acute Care — East of England Trauma Network (Major Trauma Centre and Trauma Units)",
            "url": "https://www.eoetraumanetwork.nhs.uk/acute-care",
            "retrieved": "2026-08-17"
          },
          {
            "title": "Trauma Services — Norfolk and Norwich University Hospitals NHS Foundation Trust",
            "url": "https://www.nnuh.nhs.uk/our-services/emergency-care/trauma-services/",
            "retrieved": "2026-08-17"
          },
          {
            "title": "Postcode NR4 7UY — ONS Postcode Directory via postcodes.io",
            "url": "https://api.postcodes.io/postcodes/NR4%207UY",
            "retrieved": "2026-08-17"
          }
        ],
        "confidence": "high",
        "last_verified": "2026-08-17"
      }
    },
    {
      "type": "Feature",
      "geometry": {
        "type": "Point",
        "coordinates": [
          1.718,
          52.5617
        ]
      },
      "properties": {
        "id": "james-paget",
        "name": "James Paget University Hospital",
        "category": "hospital",
        "subtype": "community",
        "subregion_id": "great-yarmouth",
        "status": "active",
        "agency": {
          "name": "James Paget University Hospitals NHS Foundation Trust",
          "type": "hospital_system",
          "level": "regional",
          "parent": "NHS England"
        },
        "address": {
          "street": "Lowestoft Road",
          "city": "Gorleston-on-Sea",
          "county": "Norfolk",
          "postal_code": "NR31 6LA",
          "country": "GB"
        },
        "staffing_model": "career",
        "operating_hours": "24_7",
        "units": [],
        "specialties": [
          "trauma_unit"
        ],
        "attributes": {
          "beds": 500,
          "emergency_department": true,
          "trauma_designation": {
            "system": "nhs_mtn",
            "label": "Trauma Unit"
          }
        },
        "game": {
          "building_types": [
            "Hospital"
          ],
          "recommended": true,
          "notes": "A Trauma Unit receives and resuscitates major trauma; the network’s Major Trauma Centre is Addenbrooke’s in Cambridge, outside this region, so long transfers are part of the picture here."
        },
        "significance": "The A&E for Great Yarmouth and the Waveney coast, and a Trauma Unit in the East of England network. Around 500 beds.",
        "sources": [
          {
            "title": "Acute Care — East of England Trauma Network (Major Trauma Centre and Trauma Units)",
            "url": "https://www.eoetraumanetwork.nhs.uk/acute-care",
            "retrieved": "2026-08-17"
          },
          {
            "title": "James Paget University Hospital — Wikipedia",
            "url": "https://en.wikipedia.org/wiki/James_Paget_University_Hospital",
            "retrieved": "2026-08-17"
          },
          {
            "title": "Postcode NR31 6LA — ONS Postcode Directory via postcodes.io",
            "url": "https://api.postcodes.io/postcodes/NR31%206LA",
            "retrieved": "2026-08-17"
          }
        ],
        "confidence": "high",
        "last_verified": "2026-08-17"
      }
    },
    {
      "type": "Feature",
      "geometry": {
        "type": "Point",
        "coordinates": [
          0.44669,
          52.75663
        ]
      },
      "properties": {
        "id": "queen-elizabeth-kings-lynn",
        "name": "The Queen Elizabeth Hospital, King's Lynn",
        "category": "hospital",
        "subtype": "community",
        "subregion_id": "kings-lynn-west-norfolk",
        "status": "active",
        "agency": {
          "name": "The Queen Elizabeth Hospital King's Lynn NHS Foundation Trust",
          "type": "hospital_system",
          "level": "regional",
          "parent": "NHS England"
        },
        "address": {
          "street": "Gayton Road",
          "city": "King's Lynn",
          "county": "Norfolk",
          "postal_code": "PE30 4ET",
          "country": "GB"
        },
        "staffing_model": "career",
        "operating_hours": "24_7",
        "units": [],
        "specialties": [
          "trauma_unit"
        ],
        "attributes": {
          "beds": 515,
          "emergency_department": true,
          "trauma_designation": {
            "system": "nhs_mtn",
            "label": "Trauma Unit"
          }
        },
        "game": {
          "building_types": [
            "Hospital"
          ],
          "recommended": true,
          "notes": "A Trauma Unit receives and resuscitates major trauma; the network’s Major Trauma Centre is Addenbrooke’s in Cambridge, outside this region, so long transfers are part of the picture here."
        },
        "significance": "The west Norfolk district general hospital and a Trauma Unit, with a full A&E serving about 250,000 people across west Norfolk, part of Breckland, south Lincolnshire and north Cambridgeshire — a catchment of roughly 1,500 square kilometres.",
        "sources": [
          {
            "title": "Acute Care — East of England Trauma Network (Major Trauma Centre and Trauma Units)",
            "url": "https://www.eoetraumanetwork.nhs.uk/acute-care",
            "retrieved": "2026-08-17"
          },
          {
            "title": "Queen Elizabeth Hospital, King's Lynn — Wikipedia",
            "url": "https://en.wikipedia.org/wiki/Queen_Elizabeth_Hospital,_King%27s_Lynn",
            "retrieved": "2026-08-17"
          },
          {
            "title": "The Queen Elizabeth Hospital — NHS",
            "url": "https://www.nhs.uk/services/hospital/the-queen-elizabeth-hospital/RCX70",
            "retrieved": "2026-08-17"
          },
          {
            "title": "Postcode PE30 4ET — ONS Postcode Directory via postcodes.io",
            "url": "https://api.postcodes.io/postcodes/PE30%204ET",
            "retrieved": "2026-08-17"
          }
        ],
        "confidence": "high",
        "last_verified": "2026-08-17"
      }
    },
    {
      "type": "Feature",
      "geometry": {
        "type": "Point",
        "coordinates": [
          0.50256,
          52.95405
        ]
      },
      "properties": {
        "id": "rnli-hunstanton",
        "name": "Hunstanton Lifeboat Station",
        "category": "sea_rescue",
        "subtype": "inshore",
        "subregion_id": "kings-lynn-west-norfolk",
        "status": "active",
        "agency": {
          "name": "Royal National Lifeboat Institution",
          "type": "rescue_service",
          "level": "private",
          "parent": null
        },
        "address": {
          "city": "Hunstanton",
          "county": "Norfolk",
          "country": "GB"
        },
        "staffing_model": "volunteer",
        "operating_hours": "on_call",
        "units": [
          {
            "type": "marine",
            "designation": "The Hunstanton Flyer (H-003) — hovercraft",
            "count": 1,
            "attributes": {
              "class": "H-class hovercraft"
            }
          },
          {
            "type": "marine",
            "designation": "Spirit of West Norfolk (B-848) — Atlantic 85",
            "count": 1,
            "attributes": {
              "class": "Atlantic 85"
            }
          }
        ],
        "specialties": [
          "marine_rescue"
        ],
        "game": {
          "building_types": [
            "Water Rescue Station"
          ],
          "recommended": false,
          "notes": "The RNLI is a charity, not the state maritime service — HM Coastguard tasks it. All-weather stations are the ones worth an offshore boat."
        },
        "significance": "The only RNLI hovercraft on this coast — the Wash’s tidal sand flats are unreachable by a conventional lifeboat.",
        "sources": [
          {
            "title": "List of RNLI stations — Wikipedia",
            "url": "https://en.wikipedia.org/wiki/List_of_RNLI_stations",
            "retrieved": "2026-08-17"
          },
          {
            "title": "Hunstanton Lifeboat Station — OpenStreetMap relation 5491856",
            "url": "https://www.openstreetmap.org/relation/5491856",
            "retrieved": "2026-08-17"
          }
        ],
        "confidence": "medium",
        "last_verified": "2026-08-17"
      }
    },
    {
      "type": "Feature",
      "geometry": {
        "type": "Point",
        "coordinates": [
          0.85102,
          52.97291
        ]
      },
      "properties": {
        "id": "rnli-wells",
        "name": "Wells Lifeboat Station",
        "category": "sea_rescue",
        "subtype": "all_weather",
        "subregion_id": "north-norfolk",
        "status": "active",
        "agency": {
          "name": "Royal National Lifeboat Institution",
          "type": "rescue_service",
          "level": "private",
          "parent": null
        },
        "address": {
          "city": "Wells-next-the-Sea",
          "county": "Norfolk",
          "postal_code": "NR23 1DR",
          "country": "GB"
        },
        "staffing_model": "volunteer",
        "operating_hours": "on_call",
        "units": [
          {
            "type": "marine",
            "designation": "Duke of Edinburgh (13-46) — Shannon class",
            "count": 1,
            "attributes": {
              "class": "Shannon",
              "all_weather": true
            }
          },
          {
            "type": "marine",
            "designation": "Peter Wilcox (D-797) — D class",
            "count": 1,
            "attributes": {
              "class": "D-class IB1"
            }
          }
        ],
        "specialties": [
          "marine_rescue"
        ],
        "game": {
          "building_types": [
            "Water Rescue Station"
          ],
          "recommended": true,
          "notes": "The RNLI is a charity, not the state maritime service — HM Coastguard tasks it. All-weather stations are the ones worth an offshore boat."
        },
        "significance": "All-weather Shannon launched by SLARS carriage rig from the beach.",
        "sources": [
          {
            "title": "List of RNLI stations — Wikipedia",
            "url": "https://en.wikipedia.org/wiki/List_of_RNLI_stations",
            "retrieved": "2026-08-17"
          },
          {
            "title": "Wells Lifeboat Station — OpenStreetMap relation 16848640",
            "url": "https://www.openstreetmap.org/relation/16848640",
            "retrieved": "2026-08-17"
          },
          {
            "title": "Postcode NR23 1DR — ONS Postcode Directory via postcodes.io",
            "url": "https://api.postcodes.io/postcodes/NR23%201DR",
            "retrieved": "2026-08-17"
          }
        ],
        "confidence": "medium",
        "last_verified": "2026-08-17"
      }
    },
    {
      "type": "Feature",
      "geometry": {
        "type": "Point",
        "coordinates": [
          1.2027,
          52.94597
        ]
      },
      "properties": {
        "id": "rnli-sheringham",
        "name": "Sheringham Lifeboat Station",
        "category": "sea_rescue",
        "subtype": "inshore",
        "subregion_id": "north-norfolk",
        "status": "unknown",
        "agency": {
          "name": "Royal National Lifeboat Institution",
          "type": "rescue_service",
          "level": "private",
          "parent": null
        },
        "address": {
          "city": "Sheringham",
          "county": "Norfolk",
          "country": "GB"
        },
        "staffing_model": "volunteer",
        "operating_hours": "on_call",
        "units": [
          {
            "type": "marine",
            "designation": "The Oddfellows (B-818) — Atlantic 85",
            "count": 1,
            "attributes": {
              "class": "Atlantic 85"
            }
          }
        ],
        "specialties": [
          "marine_rescue"
        ],
        "game": {
          "building_types": [
            "Water Rescue Station"
          ],
          "recommended": false,
          "notes": "The RNLI is a charity, not the state maritime service — HM Coastguard tasks it. All-weather stations are the ones worth an offshore boat."
        },
        "significance": "Listed as temporarily closed for structural repairs to the boathouse, so treat cover here as interrupted rather than certain.",
        "sources": [
          {
            "title": "List of RNLI stations — Wikipedia",
            "url": "https://en.wikipedia.org/wiki/List_of_RNLI_stations",
            "retrieved": "2026-08-17"
          },
          {
            "title": "Sheringham Lifeboat Station — OpenStreetMap way 887620105",
            "url": "https://www.openstreetmap.org/way/887620105",
            "retrieved": "2026-08-17"
          }
        ],
        "confidence": "medium",
        "last_verified": "2026-08-17"
      }
    },
    {
      "type": "Feature",
      "geometry": {
        "type": "Point",
        "coordinates": [
          1.30163,
          52.93431
        ]
      },
      "properties": {
        "id": "rnli-cromer",
        "name": "Cromer Lifeboat Station",
        "category": "sea_rescue",
        "subtype": "all_weather",
        "subregion_id": "north-norfolk",
        "status": "active",
        "agency": {
          "name": "Royal National Lifeboat Institution",
          "type": "rescue_service",
          "level": "private",
          "parent": null
        },
        "address": {
          "city": "Cromer",
          "county": "Norfolk",
          "country": "GB"
        },
        "staffing_model": "volunteer",
        "operating_hours": "on_call",
        "units": [
          {
            "type": "marine",
            "designation": "Lester (16-07) — Tamar class",
            "count": 1,
            "attributes": {
              "class": "Tamar",
              "all_weather": true
            }
          },
          {
            "type": "marine",
            "designation": "Mr Eric Sharpe (D-868) — D class",
            "count": 1,
            "attributes": {
              "class": "D-class IB1"
            }
          }
        ],
        "specialties": [
          "marine_rescue"
        ],
        "game": {
          "building_types": [
            "Water Rescue Station"
          ],
          "recommended": true,
          "notes": "The RNLI is a charity, not the state maritime service — HM Coastguard tasks it. All-weather stations are the ones worth an offshore boat."
        },
        "significance": "Slipway-launched all-weather Tamar at the end of Cromer pier — the heavyweight of the north Norfolk coast, alongside an inshore D class.",
        "sources": [
          {
            "title": "List of RNLI stations — Wikipedia",
            "url": "https://en.wikipedia.org/wiki/List_of_RNLI_stations",
            "retrieved": "2026-08-17"
          },
          {
            "title": "Cromer Lifeboat Station — OpenStreetMap way 345720938",
            "url": "https://www.openstreetmap.org/way/345720938",
            "retrieved": "2026-08-17"
          }
        ],
        "confidence": "medium",
        "last_verified": "2026-08-17"
      }
    },
    {
      "type": "Feature",
      "geometry": {
        "type": "Point",
        "coordinates": [
          1.55621,
          52.81325
        ]
      },
      "properties": {
        "id": "rnli-happisburgh",
        "name": "Happisburgh Lifeboat Station",
        "category": "sea_rescue",
        "subtype": "inshore",
        "subregion_id": "north-norfolk",
        "status": "active",
        "agency": {
          "name": "Royal National Lifeboat Institution",
          "type": "rescue_service",
          "level": "private",
          "parent": null
        },
        "address": {
          "city": "Happisburgh",
          "county": "Norfolk",
          "postal_code": "NR12 0QL",
          "country": "GB"
        },
        "staffing_model": "volunteer",
        "operating_hours": "on_call",
        "units": [
          {
            "type": "marine",
            "designation": "Russell Pickering (D-813) — D class",
            "count": 1,
            "attributes": {
              "class": "D-class IB1"
            }
          }
        ],
        "specialties": [
          "marine_rescue"
        ],
        "game": {
          "building_types": [
            "Water Rescue Station"
          ],
          "recommended": false,
          "notes": "The RNLI is a charity, not the state maritime service — HM Coastguard tasks it. All-weather stations are the ones worth an offshore boat."
        },
        "sources": [
          {
            "title": "List of RNLI stations — Wikipedia",
            "url": "https://en.wikipedia.org/wiki/List_of_RNLI_stations",
            "retrieved": "2026-08-17"
          },
          {
            "title": "Happisburgh Lifeboat Station — OpenStreetMap way 353615512",
            "url": "https://www.openstreetmap.org/way/353615512",
            "retrieved": "2026-08-17"
          },
          {
            "title": "Postcode NR12 0QL — ONS Postcode Directory via postcodes.io",
            "url": "https://api.postcodes.io/postcodes/NR12%200QL",
            "retrieved": "2026-08-17"
          }
        ],
        "confidence": "medium",
        "last_verified": "2026-08-17"
      }
    },
    {
      "type": "Feature",
      "geometry": {
        "type": "Point",
        "coordinates": [
          1.732,
          52.57525
        ]
      },
      "properties": {
        "id": "rnli-great-yarmouth-gorleston",
        "name": "Great Yarmouth and Gorleston Lifeboat Station",
        "category": "sea_rescue",
        "subtype": "all_weather",
        "subregion_id": "great-yarmouth",
        "status": "active",
        "agency": {
          "name": "Royal National Lifeboat Institution",
          "type": "rescue_service",
          "level": "private",
          "parent": null
        },
        "address": {
          "city": "Great Yarmouth",
          "county": "Norfolk",
          "postal_code": "NR31 6PU",
          "country": "GB"
        },
        "staffing_model": "volunteer",
        "operating_hours": "on_call",
        "units": [
          {
            "type": "marine",
            "designation": "George and Frances Phelon (13-44) — Shannon class",
            "count": 1,
            "attributes": {
              "class": "Shannon",
              "all_weather": true
            }
          },
          {
            "type": "marine",
            "designation": "John Rowntree (B-925) — Atlantic 85",
            "count": 1,
            "attributes": {
              "class": "Atlantic 85"
            }
          }
        ],
        "specialties": [
          "marine_rescue"
        ],
        "game": {
          "building_types": [
            "Water Rescue Station"
          ],
          "recommended": true,
          "notes": "The RNLI is a charity, not the state maritime service — HM Coastguard tasks it. All-weather stations are the ones worth an offshore boat."
        },
        "significance": "Moored afloat in the harbour rather than launched, so it can be under way fast — the busiest lifeboat station in the county.",
        "sources": [
          {
            "title": "List of RNLI stations — Wikipedia",
            "url": "https://en.wikipedia.org/wiki/List_of_RNLI_stations",
            "retrieved": "2026-08-17"
          },
          {
            "title": "Great Yarmouth and Gorleston Lifeboat Station — OpenStreetMap way 220517914",
            "url": "https://www.openstreetmap.org/way/220517914",
            "retrieved": "2026-08-17"
          },
          {
            "title": "Postcode NR31 6PU — ONS Postcode Directory via postcodes.io",
            "url": "https://api.postcodes.io/postcodes/NR31%206PU",
            "retrieved": "2026-08-17"
          }
        ],
        "confidence": "medium",
        "last_verified": "2026-08-17"
      }
    },
    {
      "type": "Feature",
      "geometry": {
        "type": "Point",
        "coordinates": [
          1.73491,
          52.64642
        ]
      },
      "properties": {
        "id": "caister-lifeboat",
        "name": "Caister Lifeboat Station",
        "category": "sea_rescue",
        "subtype": "inshore",
        "subregion_id": "great-yarmouth",
        "status": "active",
        "agency": {
          "name": "Caister Volunteer Rescue Service",
          "type": "rescue_service",
          "level": "private",
          "parent": null
        },
        "address": {
          "city": "Caister-on-Sea",
          "county": "Norfolk",
          "postal_code": "NR30 5DJ",
          "country": "GB"
        },
        "staffing_model": "volunteer",
        "operating_hours": "on_call",
        "units": [],
        "specialties": [
          "marine_rescue"
        ],
        "game": {
          "building_types": [
            "Water Rescue Station"
          ],
          "recommended": false,
          "notes": "Independent (non-RNLI) volunteer lifeboat — same in-game role, but it is a separate charity in real life."
        },
        "significance": "An independent volunteer lifeboat, not RNLI — Caister has run its own boat since parting from the RNLI in 1969. Vessel details are not recorded here for want of a source.",
        "sources": [
          {
            "title": "Caister Lifeboat Station — OpenStreetMap way 37803068",
            "url": "https://www.openstreetmap.org/way/37803068",
            "retrieved": "2026-08-17"
          },
          {
            "title": "Postcode NR30 5DJ — ONS Postcode Directory via postcodes.io",
            "url": "https://api.postcodes.io/postcodes/NR30%205DJ",
            "retrieved": "2026-08-17"
          }
        ],
        "confidence": "low",
        "last_verified": "2026-08-17"
      }
    },
    {
      "type": "Feature",
      "geometry": {
        "type": "Point",
        "coordinates": [
          1.60265,
          52.78985
        ]
      },
      "properties": {
        "id": "sea-palling-lifeboat",
        "name": "Sea Palling Independent Lifeboat",
        "category": "sea_rescue",
        "subtype": "inshore",
        "subregion_id": "north-norfolk",
        "status": "active",
        "agency": {
          "name": "Sea Palling Independent Lifeboat",
          "type": "rescue_service",
          "level": "private",
          "parent": null
        },
        "address": {
          "city": "Sea Palling",
          "county": "Norfolk",
          "country": "GB"
        },
        "staffing_model": "volunteer",
        "operating_hours": "on_call",
        "units": [],
        "specialties": [
          "marine_rescue"
        ],
        "game": {
          "building_types": [
            "Water Rescue Station"
          ],
          "recommended": false,
          "notes": "Independent (non-RNLI) volunteer lifeboat — same in-game role, but it is a separate charity in real life."
        },
        "significance": "An independent inshore lifeboat covering the shallow reefs off Sea Palling.",
        "sources": [
          {
            "title": "Sea Palling Independent Lifeboat — OpenStreetMap way 136192459",
            "url": "https://www.openstreetmap.org/way/136192459",
            "retrieved": "2026-08-17"
          }
        ],
        "confidence": "low",
        "last_verified": "2026-08-17"
      }
    },
    {
      "type": "Feature",
      "geometry": {
        "type": "Point",
        "coordinates": [
          1.44137,
          52.87632
        ]
      },
      "properties": {
        "id": "mundesley-lifeboat",
        "name": "Mundesley Inshore Lifeboat",
        "category": "sea_rescue",
        "subtype": "inshore",
        "subregion_id": "north-norfolk",
        "status": "active",
        "agency": {
          "name": "Mundesley Inshore Lifeboat",
          "type": "rescue_service",
          "level": "private",
          "parent": null
        },
        "address": {
          "city": "Mundesley",
          "county": "Norfolk",
          "country": "GB"
        },
        "staffing_model": "volunteer",
        "operating_hours": "on_call",
        "units": [],
        "specialties": [
          "marine_rescue"
        ],
        "game": {
          "building_types": [
            "Water Rescue Station"
          ],
          "recommended": false,
          "notes": "Independent (non-RNLI) volunteer lifeboat — same in-game role, but it is a separate charity in real life."
        },
        "significance": "An independent inshore lifeboat on the north-east coast. Operator and vessel details are not confirmed by an official source.",
        "sources": [
          {
            "title": "Mundesley Inshore Lifeboat — OpenStreetMap way 353682432",
            "url": "https://www.openstreetmap.org/way/353682432",
            "retrieved": "2026-08-17"
          }
        ],
        "confidence": "low",
        "last_verified": "2026-08-17"
      }
    },
    {
      "type": "Feature",
      "geometry": {
        "type": "Point",
        "coordinates": [
          1.72622,
          52.58863
        ]
      },
      "properties": {
        "id": "hmcg-gorleston",
        "name": "Gorleston Coastguard Rescue Team",
        "category": "coast_guard",
        "subtype": "rescue_team",
        "subregion_id": "great-yarmouth",
        "status": "active",
        "agency": {
          "name": "HM Coastguard",
          "type": "state_agency",
          "level": "national",
          "parent": "Maritime and Coastguard Agency"
        },
        "address": {
          "city": "Gorleston",
          "county": "Norfolk",
          "country": "GB"
        },
        "staffing_model": "volunteer",
        "operating_hours": "on_call",
        "units": [],
        "specialties": [
          "marine_rescue"
        ],
        "game": {
          "building_types": [
            "Coast Guard Station"
          ],
          "recommended": false,
          "notes": "HM Coastguard is the state maritime service that tasks the RNLI; its rescue teams do shore-based cliff and mud rescue rather than crewing lifeboats."
        },
        "significance": "The only HM Coastguard rescue team mapped in the county at the time of writing, sharing the Gorleston fire station site. Norfolk has more teams along its 90 miles of coast, but no published list of their station locations was found.",
        "sources": [
          {
            "title": "Gorleston Coastguard Rescue Team — OpenStreetMap node 12114232488",
            "url": "https://www.openstreetmap.org/node/12114232488",
            "retrieved": "2026-08-17"
          }
        ],
        "confidence": "low",
        "last_verified": "2026-08-17"
      }
    }
  ]
}
