{
 "type": "FeatureCollection",
 "metadata": {
  "region_id": "us-ny-buffalo",
  "name": "Buffalo, NY (Erie County)",
  "country": "US",
  "game_edition": "US",
  "center": [
   -78.8,
   42.83
  ],
  "zoom": 9.5,
  "subregions": [
   {
    "id": "alden-town",
    "name": "Alden (town)",
    "level": "township",
    "parent": null,
    "center": [
     -78.5211,
     42.911
    ],
    "zoom": 11.5,
    "bbox": [
     -78.5784,
     42.8673,
     -78.4638,
     42.9547
    ]
   },
   {
    "id": "amherst",
    "name": "Amherst (town)",
    "level": "township",
    "parent": null,
    "center": [
     -78.7647,
     43.0165
    ],
    "zoom": 11.5,
    "bbox": [
     -78.8325,
     42.9458,
     -78.6968,
     43.0871
    ]
   },
   {
    "id": "aurora",
    "name": "Aurora (town)",
    "level": "township",
    "parent": null,
    "center": [
     -78.6372,
     42.7374
    ],
    "zoom": 11.5,
    "bbox": [
     -78.6969,
     42.6929,
     -78.5775,
     42.782
    ]
   },
   {
    "id": "boston",
    "name": "Boston (town)",
    "level": "township",
    "parent": null,
    "center": [
     -78.7557,
     42.6538
    ],
    "zoom": 11.5,
    "bbox": [
     -78.8145,
     42.609,
     -78.6969,
     42.6987
    ]
   },
   {
    "id": "brant",
    "name": "Brant (town)",
    "level": "township",
    "parent": null,
    "center": [
     -79.0408,
     42.5812
    ],
    "zoom": 11.5,
    "bbox": [
     -79.1383,
     42.5519,
     -78.9434,
     42.6105
    ]
   },
   {
    "id": "buffalo",
    "name": "Buffalo",
    "level": "municipality",
    "parent": null,
    "center": [
     -78.8587,
     42.8962
    ],
    "zoom": 12,
    "bbox": [
     -78.9224,
     42.826,
     -78.7951,
     42.9664
    ]
   },
   {
    "id": "cheektowaga",
    "name": "Cheektowaga (town)",
    "level": "township",
    "parent": null,
    "center": [
     -78.7484,
     42.9085
    ],
    "zoom": 11.5,
    "bbox": [
     -78.7999,
     42.8635,
     -78.6969,
     42.9535
    ]
   },
   {
    "id": "clarence",
    "name": "Clarence (town)",
    "level": "township",
    "parent": null,
    "center": [
     -78.6365,
     43.026
    ],
    "zoom": 11.5,
    "bbox": [
     -78.697,
     42.9547,
     -78.5761,
     43.0974
    ]
   },
   {
    "id": "colden",
    "name": "Colden (town)",
    "level": "township",
    "parent": null,
    "center": [
     -78.6382,
     42.6509
    ],
    "zoom": 11.5,
    "bbox": [
     -78.6969,
     42.6058,
     -78.5795,
     42.6959
    ]
   },
   {
    "id": "collins",
    "name": "Collins (town)",
    "level": "township",
    "parent": null,
    "center": [
     -78.9291,
     42.4961
    ],
    "zoom": 11.5,
    "bbox": [
     -79.0883,
     42.438,
     -78.77,
     42.5543
    ]
   },
   {
    "id": "concord",
    "name": "Concord (town)",
    "level": "township",
    "parent": null,
    "center": [
     -78.7048,
     42.5355
    ],
    "zoom": 11.5,
    "bbox": [
     -78.7845,
     42.4614,
     -78.6252,
     42.6096
    ]
   },
   {
    "id": "eden",
    "name": "Eden (town)",
    "level": "township",
    "parent": null,
    "center": [
     -78.8782,
     42.6528
    ],
    "zoom": 11.5,
    "bbox": [
     -78.9435,
     42.6088,
     -78.8129,
     42.6968
    ]
   },
   {
    "id": "elma",
    "name": "Elma (town)",
    "level": "township",
    "parent": null,
    "center": [
     -78.6371,
     42.8232
    ],
    "zoom": 11.5,
    "bbox": [
     -78.697,
     42.7817,
     -78.5772,
     42.8648
    ]
   },
   {
    "id": "evans",
    "name": "Evans (town)",
    "level": "township",
    "parent": null,
    "center": [
     -79.024,
     42.6628
    ],
    "zoom": 11.5,
    "bbox": [
     -79.1118,
     42.6088,
     -78.9362,
     42.7168
    ]
   },
   {
    "id": "grand-island",
    "name": "Grand Island (town)",
    "level": "township",
    "parent": null,
    "center": [
     -78.9569,
     43.0129
    ],
    "zoom": 11.5,
    "bbox": [
     -79.0234,
     42.956,
     -78.8903,
     43.0698
    ]
   },
   {
    "id": "hamburg-town",
    "name": "Hamburg (town)",
    "level": "township",
    "parent": null,
    "center": [
     -78.8774,
     42.751
    ],
    "zoom": 11.5,
    "bbox": [
     -78.9703,
     42.6962,
     -78.7844,
     42.8059
    ]
   },
   {
    "id": "holland",
    "name": "Holland (town)",
    "level": "township",
    "parent": null,
    "center": [
     -78.5214,
     42.6498
    ],
    "zoom": 11.5,
    "bbox": [
     -78.5811,
     42.6058,
     -78.4617,
     42.6939
    ]
   },
   {
    "id": "lackawanna",
    "name": "Lackawanna",
    "level": "municipality",
    "parent": null,
    "center": [
     -78.8331,
     42.8191
    ],
    "zoom": 12,
    "bbox": [
     -78.8732,
     42.8043,
     -78.793,
     42.8339
    ]
   },
   {
    "id": "lancaster-town",
    "name": "Lancaster (town)",
    "level": "township",
    "parent": null,
    "center": [
     -78.6373,
     42.9101
    ],
    "zoom": 11.5,
    "bbox": [
     -78.697,
     42.8638,
     -78.5776,
     42.9564
    ]
   },
   {
    "id": "marilla",
    "name": "Marilla (town)",
    "level": "township",
    "parent": null,
    "center": [
     -78.532,
     42.8251
    ],
    "zoom": 11.5,
    "bbox": [
     -78.5777,
     42.7816,
     -78.4863,
     42.8687
    ]
   },
   {
    "id": "newstead",
    "name": "Newstead (town)",
    "level": "township",
    "parent": null,
    "center": [
     -78.5206,
     43.0265
    ],
    "zoom": 11.5,
    "bbox": [
     -78.578,
     42.9543,
     -78.4632,
     43.0987
    ]
   },
   {
    "id": "north-collins-town",
    "name": "North Collins (town)",
    "level": "township",
    "parent": null,
    "center": [
     -78.8635,
     42.5704
    ],
    "zoom": 11.5,
    "bbox": [
     -78.9438,
     42.5312,
     -78.7831,
     42.6096
    ]
   },
   {
    "id": "orchard-park-town",
    "name": "Orchard Park (town)",
    "level": "township",
    "parent": null,
    "center": [
     -78.7476,
     42.7536
    ],
    "zoom": 11.5,
    "bbox": [
     -78.7983,
     42.6959,
     -78.6969,
     42.8113
    ]
   },
   {
    "id": "sardinia",
    "name": "Sardinia (town)",
    "level": "township",
    "parent": null,
    "center": [
     -78.544,
     42.5533
    ],
    "zoom": 11.5,
    "bbox": [
     -78.6263,
     42.5,
     -78.4617,
     42.6067
    ]
   },
   {
    "id": "tonawanda",
    "name": "Tonawanda",
    "level": "municipality",
    "parent": null,
    "center": [
     -78.8832,
     43.0107
    ],
    "zoom": 12,
    "bbox": [
     -78.9145,
     42.9968,
     -78.8519,
     43.0246
    ]
   },
   {
    "id": "tonawanda-town",
    "name": "Tonawanda (town)",
    "level": "township",
    "parent": null,
    "center": [
     -78.8831,
     42.9919
    ],
    "zoom": 11.5,
    "bbox": [
     -78.9441,
     42.9491,
     -78.8221,
     43.0346
    ]
   },
   {
    "id": "wales",
    "name": "Wales (town)",
    "level": "township",
    "parent": null,
    "center": [
     -78.5214,
     42.7372
    ],
    "zoom": 11.5,
    "bbox": [
     -78.5795,
     42.6927,
     -78.4633,
     42.7817
    ]
   },
   {
    "id": "west-seneca",
    "name": "West Seneca (town)",
    "level": "township",
    "parent": null,
    "center": [
     -78.7492,
     42.8393
    ],
    "zoom": 11.5,
    "bbox": [
     -78.8016,
     42.8038,
     -78.6969,
     42.8748
    ]
   },
   {
    "id": "akron-village",
    "name": "Akron (village)",
    "level": "municipality",
    "parent": "newstead",
    "center": [
     -78.4972,
     43.0154
    ],
    "zoom": 13,
    "bbox": [
     -78.5218,
     43.0007,
     -78.4727,
     43.03
    ]
   },
   {
    "id": "alden-village",
    "name": "Alden (village)",
    "level": "municipality",
    "parent": "alden-town",
    "center": [
     -78.4944,
     42.8985
    ],
    "zoom": 13,
    "bbox": [
     -78.5107,
     42.886,
     -78.4781,
     42.911
    ]
   },
   {
    "id": "angola-village",
    "name": "Angola (village)",
    "level": "municipality",
    "parent": "evans",
    "center": [
     -79.0296,
     42.6378
    ],
    "zoom": 13,
    "bbox": [
     -79.0395,
     42.6279,
     -79.0198,
     42.6478
    ]
   },
   {
    "id": "blasdell-village",
    "name": "Blasdell (village)",
    "level": "municipality",
    "parent": "hamburg-town",
    "center": [
     -78.8304,
     42.7949
    ],
    "zoom": 13,
    "bbox": [
     -78.8403,
     42.7847,
     -78.8206,
     42.8051
    ]
   },
   {
    "id": "depew-village",
    "name": "Depew (village)",
    "level": "municipality",
    "parent": "cheektowaga",
    "center": [
     -78.7086,
     42.9109
    ],
    "zoom": 13,
    "bbox": [
     -78.7401,
     42.8924,
     -78.6771,
     42.9295
    ]
   },
   {
    "id": "east-aurora-village",
    "name": "East Aurora (village)",
    "level": "municipality",
    "parent": "aurora",
    "center": [
     -78.6166,
     42.7689
    ],
    "zoom": 13,
    "bbox": [
     -78.6402,
     42.7559,
     -78.5931,
     42.7819
    ]
   },
   {
    "id": "farnham-village",
    "name": "Farnham (village)",
    "level": "municipality",
    "parent": "brant",
    "center": [
     -79.0813,
     42.5947
    ],
    "zoom": 13,
    "bbox": [
     -79.0919,
     42.5877,
     -79.0707,
     42.6016
    ]
   },
   {
    "id": "gowanda-village",
    "name": "Gowanda (village)",
    "level": "municipality",
    "parent": "collins",
    "center": [
     -78.931,
     42.462
    ],
    "zoom": 13,
    "bbox": [
     -78.9439,
     42.4483,
     -78.9182,
     42.4757
    ]
   },
   {
    "id": "hamburg-village",
    "name": "Hamburg (village)",
    "level": "municipality",
    "parent": "hamburg-town",
    "center": [
     -78.8364,
     42.7245
    ],
    "zoom": 13,
    "bbox": [
     -78.86,
     42.7096,
     -78.8128,
     42.7395
    ]
   },
   {
    "id": "kenmore-village",
    "name": "Kenmore (village)",
    "level": "municipality",
    "parent": "tonawanda-town",
    "center": [
     -78.8712,
     42.9659
    ],
    "zoom": 13,
    "bbox": [
     -78.8893,
     42.9586,
     -78.8531,
     42.9733
    ]
   },
   {
    "id": "lancaster-village",
    "name": "Lancaster (village)",
    "level": "municipality",
    "parent": "lancaster-town",
    "center": [
     -78.6718,
     42.9019
    ],
    "zoom": 13,
    "bbox": [
     -78.6862,
     42.8856,
     -78.6573,
     42.9181
    ]
   },
   {
    "id": "north-collins-village",
    "name": "North Collins (village)",
    "level": "municipality",
    "parent": "north-collins-town",
    "center": [
     -78.9368,
     42.5949
    ],
    "zoom": 13,
    "bbox": [
     -78.9435,
     42.5865,
     -78.9301,
     42.6033
    ]
   },
   {
    "id": "orchard-park-village",
    "name": "Orchard Park (village)",
    "level": "municipality",
    "parent": "orchard-park-town",
    "center": [
     -78.7405,
     42.7618
    ],
    "zoom": 13,
    "bbox": [
     -78.7587,
     42.7501,
     -78.7224,
     42.7735
    ]
   },
   {
    "id": "sloan-village",
    "name": "Sloan (village)",
    "level": "municipality",
    "parent": "cheektowaga",
    "center": [
     -78.7918,
     42.8924
    ],
    "zoom": 13,
    "bbox": [
     -78.7995,
     42.8843,
     -78.7842,
     42.9005
    ]
   },
   {
    "id": "springville-village",
    "name": "Springville (village)",
    "level": "municipality",
    "parent": "concord",
    "center": [
     -78.6689,
     42.5063
    ],
    "zoom": 13,
    "bbox": [
     -78.697,
     42.493,
     -78.6408,
     42.5197
    ]
   },
   {
    "id": "williamsville-village",
    "name": "Williamsville (village)",
    "level": "municipality",
    "parent": "amherst",
    "center": [
     -78.7425,
     42.9625
    ],
    "zoom": 13,
    "bbox": [
     -78.7554,
     42.9491,
     -78.7297,
     42.9759
    ]
   }
  ],
  "generated_by": "agent",
  "generated_at": "2026-08-17",
  "last_reviewed": "2026-08-17",
  "coverage": {
   "searched": [
    "fire",
    "ems",
    "police_local",
    "sheriff",
    "state_le",
    "federal_le",
    "coast_guard",
    "hospital",
    "jail",
    "prison",
    "tow",
    "dispatch"
   ],
   "gaps": [
    {
     "what": "apparatus rosters outside Buffalo and Grand Island",
     "categories": [
      "fire"
     ],
     "reason": "Erie County departments do not publish them per station"
    },
    {
     "what": "five fire departments (Depew, Highland Hose, Lawtons, Newstead, North Boston)",
     "categories": [
      "fire"
     ],
     "reason": "neither OpenStreetMap nor Nominatim could place them",
     "count": 5
    },
    {
     "what": "tow operators, and 911 PSAPs other than the county centre",
     "categories": [
      "tow",
      "dispatch"
     ],
     "reason": "no sourced addresses found"
    },
    {
     "what": "Mercy Flight's air base, the Border Patrol sector headquarters and the Erie County Sheriff's investigative division",
     "categories": [
      "ems",
      "federal_le",
      "sheriff"
     ],
     "reason": "no sourced coordinates",
     "count": 3
    },
    {
     "what": "Troop A's other Erie County stations, and the village police departments OpenStreetMap does not map",
     "categories": [
      "state_le",
      "police_local"
     ],
     "reason": "not mapped in OpenStreetMap and no published addresses found"
    }
   ],
   "note": "Backfilled 2026-08-18 from this region's registry note (docs/07 Phase 8) — a record of what the original pass covered, not a fresh survey."
  },
  "schema_version": 2
 },
 "features": [
  {
   "type": "Feature",
   "geometry": {
    "type": "Point",
    "coordinates": [
     -78.87362,
     42.88214
    ]
   },
   "properties": {
    "id": "bfd-station-1",
    "name": "Buffalo Fire Department Station 1",
    "category": "fire",
    "subtype": "career",
    "subregion_id": "buffalo",
    "status": "active",
    "agency": {
     "name": "Buffalo Fire Department",
     "type": "fire_department",
     "level": "municipal",
     "parent": "City of Buffalo"
    },
    "designation": "Station 1",
    "address": {
     "street": "132 Ellicott Street",
     "city": "Buffalo",
     "county": "Erie",
     "state": "NY",
     "country": "US"
    },
    "staffing_model": "career",
    "operating_hours": "24_7",
    "units": [
     {
      "type": "engine",
      "designation": "Engine 1",
      "count": 1
     },
     {
      "type": "ladder",
      "designation": "Ladder 2",
      "count": 1
     },
     {
      "type": "rescue",
      "designation": "Water Rescue Unit",
      "count": 1
     }
    ],
    "specialties": [
     "technical_rescue"
    ],
    "game": {
     "building_types": [
      "Fire Station"
     ],
     "recommended": true,
     "notes": "Career city house — stock it to match the listed companies."
    },
    "significance": "Downtown house: engine, tower ladder and a water-rescue unit.",
    "sources": [
     {
      "title": "OpenStreetMap — Buffalo Fire Department E-1 L-2",
      "url": "https://www.openstreetmap.org/way/346370724",
      "retrieved": "2026-08-17"
     },
     {
      "title": "Wikipedia — Buffalo Fire Department (stations & apparatus)",
      "url": "https://en.wikipedia.org/wiki/Buffalo_Fire_Department",
      "retrieved": "2026-08-17"
     }
    ],
    "confidence": "medium",
    "last_verified": "2026-08-17"
   }
  },
  {
   "type": "Feature",
   "geometry": {
    "type": "Point",
    "coordinates": [
     -78.87766,
     42.89711
    ]
   },
   "properties": {
    "id": "bfd-station-2",
    "name": "Buffalo Fire Department Station 2",
    "category": "fire",
    "subtype": "career",
    "subregion_id": "buffalo",
    "status": "active",
    "agency": {
     "name": "Buffalo Fire Department",
     "type": "fire_department",
     "level": "municipal",
     "parent": "City of Buffalo"
    },
    "designation": "Station 2",
    "address": {
     "street": "376 Virginia Street",
     "city": "Buffalo",
     "county": "Erie",
     "state": "NY",
     "country": "US"
    },
    "staffing_model": "career",
    "operating_hours": "24_7",
    "units": [
     {
      "type": "engine",
      "designation": "Engine 2",
      "count": 1
     },
     {
      "type": "battalion",
      "designation": "Safety Lieutenant F40",
      "count": 1
     }
    ],
    "game": {
     "building_types": [
      "Fire Station"
     ],
     "recommended": true,
     "notes": "Career city house — stock it to match the listed companies."
    },
    "sources": [
     {
      "title": "OpenStreetMap — Buffalo Engine 2, B56, Marshals",
      "url": "https://www.openstreetmap.org/node/1587236398",
      "retrieved": "2026-08-17"
     },
     {
      "title": "Wikipedia — Buffalo Fire Department (stations & apparatus)",
      "url": "https://en.wikipedia.org/wiki/Buffalo_Fire_Department",
      "retrieved": "2026-08-17"
     }
    ],
    "confidence": "medium",
    "last_verified": "2026-08-17"
   }
  },
  {
   "type": "Feature",
   "geometry": {
    "type": "Point",
    "coordinates": [
     -78.85156,
     42.89007
    ]
   },
   "properties": {
    "id": "bfd-station-3",
    "name": "Buffalo Fire Department Station 3",
    "category": "fire",
    "subtype": "career",
    "subregion_id": "buffalo",
    "status": "active",
    "agency": {
     "name": "Buffalo Fire Department",
     "type": "fire_department",
     "level": "municipal",
     "parent": "City of Buffalo"
    },
    "designation": "Station 3",
    "address": {
     "street": "601 Broadway",
     "city": "Buffalo",
     "county": "Erie",
     "state": "NY",
     "country": "US"
    },
    "staffing_model": "career",
    "operating_hours": "24_7",
    "units": [
     {
      "type": "engine",
      "designation": "Engine 3",
      "count": 1
     },
     {
      "type": "hazmat",
      "designation": "Haz-Mat 1",
      "count": 1
     },
     {
      "type": "battalion",
      "designation": "3rd Battalion",
      "count": 1
     }
    ],
    "specialties": [
     "hazmat"
    ],
    "game": {
     "building_types": [
      "Fire Station"
     ],
     "recommended": true,
     "notes": "Career city house — stock it to match the listed companies."
    },
    "significance": "Quarters of Haz-Mat 1 — the department's primary hazardous-materials unit.",
    "sources": [
     {
      "title": "OpenStreetMap — Buffalo Fire Station E3/3rd Batt",
      "url": "https://www.openstreetmap.org/node/4698391092",
      "retrieved": "2026-08-17"
     },
     {
      "title": "Wikipedia — Buffalo Fire Department (stations & apparatus)",
      "url": "https://en.wikipedia.org/wiki/Buffalo_Fire_Department",
      "retrieved": "2026-08-17"
     }
    ],
    "confidence": "medium",
    "last_verified": "2026-08-17"
   }
  },
  {
   "type": "Feature",
   "geometry": {
    "type": "Point",
    "coordinates": [
     -78.80819,
     42.83878
    ]
   },
   "properties": {
    "id": "bfd-station-4",
    "name": "Buffalo Fire Department Station 4",
    "category": "fire",
    "subtype": "career",
    "subregion_id": "buffalo",
    "status": "active",
    "agency": {
     "name": "Buffalo Fire Department",
     "type": "fire_department",
     "level": "municipal",
     "parent": "City of Buffalo"
    },
    "designation": "Station 4",
    "address": {
     "street": "939 Abbott Road",
     "city": "Buffalo",
     "county": "Erie",
     "state": "NY",
     "country": "US"
    },
    "staffing_model": "career",
    "operating_hours": "24_7",
    "units": [
     {
      "type": "engine",
      "designation": "Engine 4",
      "count": 1
     }
    ],
    "game": {
     "building_types": [
      "Fire Station"
     ],
     "recommended": false,
     "notes": "Career city house — stock it to match the listed companies."
    },
    "sources": [
     {
      "title": "OpenStreetMap — Buffalo Fire Station E4",
      "url": "https://www.openstreetmap.org/node/4698391093",
      "retrieved": "2026-08-17"
     },
     {
      "title": "Wikipedia — Buffalo Fire Department (stations & apparatus)",
      "url": "https://en.wikipedia.org/wiki/Buffalo_Fire_Department",
      "retrieved": "2026-08-17"
     }
    ],
    "confidence": "medium",
    "last_verified": "2026-08-17"
   }
  },
  {
   "type": "Feature",
   "geometry": {
    "type": "Point",
    "coordinates": [
     -78.8911,
     42.92752
    ]
   },
   "properties": {
    "id": "bfd-station-19",
    "name": "Buffalo Fire Department Station 19",
    "category": "fire",
    "subtype": "career",
    "subregion_id": "buffalo",
    "status": "active",
    "agency": {
     "name": "Buffalo Fire Department",
     "type": "fire_department",
     "level": "municipal",
     "parent": "City of Buffalo"
    },
    "designation": "Station 19",
    "address": {
     "street": "209 Forest Avenue",
     "city": "Buffalo",
     "county": "Erie",
     "state": "NY",
     "country": "US"
    },
    "staffing_model": "career",
    "operating_hours": "24_7",
    "units": [
     {
      "type": "engine",
      "designation": "Engine 19",
      "count": 1
     }
    ],
    "game": {
     "building_types": [
      "Fire Station"
     ],
     "recommended": false,
     "notes": "Career city house — stock it to match the listed companies."
    },
    "sources": [
     {
      "title": "OpenStreetMap — Buffalo Fire Station E19",
      "url": "https://www.openstreetmap.org/node/4698391090",
      "retrieved": "2026-08-17"
     },
     {
      "title": "Wikipedia — Buffalo Fire Department (stations & apparatus)",
      "url": "https://en.wikipedia.org/wiki/Buffalo_Fire_Department",
      "retrieved": "2026-08-17"
     }
    ],
    "confidence": "medium",
    "last_verified": "2026-08-17"
   }
  },
  {
   "type": "Feature",
   "geometry": {
    "type": "Point",
    "coordinates": [
     -78.87269,
     42.87212
    ]
   },
   "properties": {
    "id": "bfd-station-20",
    "name": "Buffalo Fire Department Station 20",
    "category": "fire",
    "subtype": "career",
    "subregion_id": "buffalo",
    "status": "active",
    "agency": {
     "name": "Buffalo Fire Department",
     "type": "fire_department",
     "level": "municipal",
     "parent": "City of Buffalo"
    },
    "designation": "Station 20",
    "address": {
     "street": "155 Ohio Street",
     "city": "Buffalo",
     "county": "Erie",
     "state": "NY",
     "country": "US"
    },
    "staffing_model": "career",
    "operating_hours": "24_7",
    "units": [
     {
      "type": "engine",
      "designation": "Engine 20",
      "count": 1
     },
     {
      "type": "marine",
      "designation": "Edward M. Cotter (fireboat)",
      "count": 1
     }
    ],
    "specialties": [
     "marine_rescue"
    ],
    "game": {
     "building_types": [
      "Fire Station"
     ],
     "recommended": true,
     "notes": "Career city house — stock it to match the listed companies."
    },
    "significance": "Home of the Edward M. Cotter, the oldest active fireboat in the world; covers the Buffalo River and outer harbour.",
    "sources": [
     {
      "title": "OpenStreetMap — Buffalo Fire Department Engine 20 (Fireboat)",
      "url": "https://www.openstreetmap.org/way/107291017",
      "retrieved": "2026-08-17"
     },
     {
      "title": "Wikipedia — Buffalo Fire Department (stations & apparatus)",
      "url": "https://en.wikipedia.org/wiki/Buffalo_Fire_Department",
      "retrieved": "2026-08-17"
     }
    ],
    "confidence": "medium",
    "last_verified": "2026-08-17"
   }
  },
  {
   "type": "Feature",
   "geometry": {
    "type": "Point",
    "coordinates": [
     -78.85357,
     42.90843
    ]
   },
   "properties": {
    "id": "bfd-station-21",
    "name": "Buffalo Fire Department Station 21",
    "category": "fire",
    "subtype": "career",
    "subregion_id": "buffalo",
    "status": "active",
    "agency": {
     "name": "Buffalo Fire Department",
     "type": "fire_department",
     "level": "municipal",
     "parent": "City of Buffalo"
    },
    "designation": "Station 21",
    "address": {
     "street": "1229 Jefferson Avenue",
     "city": "Buffalo",
     "county": "Erie",
     "state": "NY",
     "country": "US"
    },
    "staffing_model": "career",
    "operating_hours": "24_7",
    "units": [
     {
      "type": "engine",
      "designation": "Engine 21",
      "count": 1
     },
     {
      "type": "ladder",
      "designation": "Ladder 6",
      "count": 1
     },
     {
      "type": "rescue",
      "designation": "Rescue 1",
      "count": 1
     }
    ],
    "specialties": [
     "technical_rescue"
    ],
    "game": {
     "building_types": [
      "Fire Station"
     ],
     "recommended": true,
     "notes": "Career city house — stock it to match the listed companies."
    },
    "significance": "Rescue 1 and the collapse/technical-rescue capability.",
    "sources": [
     {
      "title": "OpenStreetMap — Buffalo Fire Station E21/L6/R1",
      "url": "https://www.openstreetmap.org/node/4698391091",
      "retrieved": "2026-08-17"
     },
     {
      "title": "Wikipedia — Buffalo Fire Department (stations & apparatus)",
      "url": "https://en.wikipedia.org/wiki/Buffalo_Fire_Department",
      "retrieved": "2026-08-17"
     }
    ],
    "confidence": "medium",
    "last_verified": "2026-08-17"
   }
  },
  {
   "type": "Feature",
   "geometry": {
    "type": "Point",
    "coordinates": [
     -78.81841,
     42.8966
    ]
   },
   "properties": {
    "id": "bfd-station-22",
    "name": "Buffalo Fire Department Station 22",
    "category": "fire",
    "subtype": "career",
    "subregion_id": "buffalo",
    "status": "active",
    "agency": {
     "name": "Buffalo Fire Department",
     "type": "fire_department",
     "level": "municipal",
     "parent": "City of Buffalo"
    },
    "designation": "Station 22",
    "address": {
     "street": "1528 Broadway",
     "city": "Buffalo",
     "county": "Erie",
     "state": "NY",
     "country": "US"
    },
    "staffing_model": "career",
    "operating_hours": "24_7",
    "units": [
     {
      "type": "engine",
      "designation": "Engine 22",
      "count": 1
     }
    ],
    "game": {
     "building_types": [
      "Fire Station"
     ],
     "recommended": false,
     "notes": "Career city house — stock it to match the listed companies."
    },
    "sources": [
     {
      "title": "OpenStreetMap — Buffalo Fire Dept. Engine 22",
      "url": "https://www.openstreetmap.org/node/4698391095",
      "retrieved": "2026-08-17"
     },
     {
      "title": "Wikipedia — Buffalo Fire Department (stations & apparatus)",
      "url": "https://en.wikipedia.org/wiki/Buffalo_Fire_Department",
      "retrieved": "2026-08-17"
     }
    ],
    "confidence": "medium",
    "last_verified": "2026-08-17"
   }
  },
  {
   "type": "Feature",
   "geometry": {
    "type": "Point",
    "coordinates": [
     -78.8141,
     42.94275
    ]
   },
   "properties": {
    "id": "bfd-station-23",
    "name": "Buffalo Fire Department Station 23",
    "category": "fire",
    "subtype": "career",
    "subregion_id": "buffalo",
    "status": "active",
    "agency": {
     "name": "Buffalo Fire Department",
     "type": "fire_department",
     "level": "municipal",
     "parent": "City of Buffalo"
    },
    "designation": "Station 23",
    "address": {
     "street": "3226 Bailey Avenue",
     "city": "Buffalo",
     "county": "Erie",
     "state": "NY",
     "country": "US"
    },
    "staffing_model": "career",
    "operating_hours": "24_7",
    "units": [
     {
      "type": "engine",
      "designation": "Engine 23",
      "count": 1
     }
    ],
    "game": {
     "building_types": [
      "Fire Station"
     ],
     "recommended": false,
     "notes": "Career city house — stock it to match the listed companies."
    },
    "sources": [
     {
      "title": "OpenStreetMap — Buffalo Fire Station Engine 23",
      "url": "https://www.openstreetmap.org/way/1020481780",
      "retrieved": "2026-08-17"
     },
     {
      "title": "Wikipedia — Buffalo Fire Department (stations & apparatus)",
      "url": "https://en.wikipedia.org/wiki/Buffalo_Fire_Department",
      "retrieved": "2026-08-17"
     }
    ],
    "confidence": "medium",
    "last_verified": "2026-08-17"
   }
  },
  {
   "type": "Feature",
   "geometry": {
    "type": "Point",
    "coordinates": [
     -78.81924,
     42.86199
    ]
   },
   "properties": {
    "id": "bfd-station-25",
    "name": "Buffalo Fire Department Station 25",
    "category": "fire",
    "subtype": "career",
    "subregion_id": "buffalo",
    "status": "active",
    "agency": {
     "name": "Buffalo Fire Department",
     "type": "fire_department",
     "level": "municipal",
     "parent": "City of Buffalo"
    },
    "designation": "Station 25",
    "address": {
     "street": "1731 Seneca Street",
     "city": "Buffalo",
     "county": "Erie",
     "state": "NY",
     "country": "US"
    },
    "staffing_model": "career",
    "operating_hours": "24_7",
    "units": [
     {
      "type": "engine",
      "designation": "Engine 25",
      "count": 1
     },
     {
      "type": "ladder",
      "designation": "Ladder 10",
      "count": 1
     },
     {
      "type": "battalion",
      "designation": "6th Battalion",
      "count": 1
     }
    ],
    "game": {
     "building_types": [
      "Fire Station"
     ],
     "recommended": true,
     "notes": "Career city house — stock it to match the listed companies."
    },
    "sources": [
     {
      "title": "OpenStreetMap — Buffalo Fire Engine 25/Ladder 10/6th Battalion",
      "url": "https://www.openstreetmap.org/node/4698391098",
      "retrieved": "2026-08-17"
     },
     {
      "title": "Wikipedia — Buffalo Fire Department (stations & apparatus)",
      "url": "https://en.wikipedia.org/wiki/Buffalo_Fire_Department",
      "retrieved": "2026-08-17"
     }
    ],
    "confidence": "medium",
    "last_verified": "2026-08-17"
   }
  },
  {
   "type": "Feature",
   "geometry": {
    "type": "Point",
    "coordinates": [
     -78.90269,
     42.94806
    ]
   },
   "properties": {
    "id": "bfd-station-26",
    "name": "Buffalo Fire Department Station 26",
    "category": "fire",
    "subtype": "career",
    "subregion_id": "buffalo",
    "status": "active",
    "agency": {
     "name": "Buffalo Fire Department",
     "type": "fire_department",
     "level": "municipal",
     "parent": "City of Buffalo"
    },
    "designation": "Station 26",
    "address": {
     "street": "703 Tonawanda Street",
     "city": "Buffalo",
     "county": "Erie",
     "state": "NY",
     "country": "US"
    },
    "staffing_model": "career",
    "operating_hours": "24_7",
    "units": [
     {
      "type": "engine",
      "designation": "Engine 26",
      "count": 1
     }
    ],
    "game": {
     "building_types": [
      "Fire Station"
     ],
     "recommended": false,
     "notes": "Career city house — stock it to match the listed companies."
    },
    "sources": [
     {
      "title": "OpenStreetMap — Buffalo Fire Station E26",
      "url": "https://www.openstreetmap.org/node/4698390987",
      "retrieved": "2026-08-17"
     },
     {
      "title": "Wikipedia — Buffalo Fire Department (stations & apparatus)",
      "url": "https://en.wikipedia.org/wiki/Buffalo_Fire_Department",
      "retrieved": "2026-08-17"
     }
    ],
    "confidence": "medium",
    "last_verified": "2026-08-17"
   }
  },
  {
   "type": "Feature",
   "geometry": {
    "type": "Point",
    "coordinates": [
     -78.8048,
     42.89
    ]
   },
   "properties": {
    "id": "bfd-station-28",
    "name": "Buffalo Fire Department Station 28",
    "category": "fire",
    "subtype": "career",
    "subregion_id": "buffalo",
    "status": "active",
    "agency": {
     "name": "Buffalo Fire Department",
     "type": "fire_department",
     "level": "municipal",
     "parent": "City of Buffalo"
    },
    "designation": "Station 28",
    "address": {
     "street": "1170 East Lovejoy Street",
     "city": "Buffalo",
     "county": "Erie",
     "state": "NY",
     "country": "US"
    },
    "staffing_model": "career",
    "operating_hours": "24_7",
    "units": [
     {
      "type": "engine",
      "designation": "Engine 28",
      "count": 1
     }
    ],
    "game": {
     "building_types": [
      "Fire Station"
     ],
     "recommended": false,
     "notes": "Career city house — stock it to match the listed companies."
    },
    "sources": [
     {
      "title": "OpenStreetMap — Buffalo Fire Station E28",
      "url": "https://www.openstreetmap.org/node/4698391099",
      "retrieved": "2026-08-17"
     },
     {
      "title": "Wikipedia — Buffalo Fire Department (stations & apparatus)",
      "url": "https://en.wikipedia.org/wiki/Buffalo_Fire_Department",
      "retrieved": "2026-08-17"
     }
    ],
    "confidence": "medium",
    "last_verified": "2026-08-17"
   }
  },
  {
   "type": "Feature",
   "geometry": {
    "type": "Point",
    "coordinates": [
     -78.81426,
     42.91058
    ]
   },
   "properties": {
    "id": "bfd-station-31",
    "name": "Buffalo Fire Department Station 31",
    "category": "fire",
    "subtype": "career",
    "subregion_id": "buffalo",
    "status": "active",
    "agency": {
     "name": "Buffalo Fire Department",
     "type": "fire_department",
     "level": "municipal",
     "parent": "City of Buffalo"
    },
    "designation": "Station 31",
    "address": {
     "street": "2044 Bailey Avenue",
     "city": "Buffalo",
     "county": "Erie",
     "state": "NY",
     "country": "US"
    },
    "staffing_model": "career",
    "operating_hours": "24_7",
    "units": [
     {
      "type": "engine",
      "designation": "Engine 31",
      "count": 1
     },
     {
      "type": "ladder",
      "designation": "Ladder 14",
      "count": 1
     },
     {
      "type": "hazmat",
      "designation": "Haz-Mat Spill/Decon Unit",
      "count": 1
     }
    ],
    "specialties": [
     "hazmat"
    ],
    "game": {
     "building_types": [
      "Fire Station"
     ],
     "recommended": true,
     "notes": "Career city house — stock it to match the listed companies."
    },
    "sources": [
     {
      "title": "OpenStreetMap — Buffalo Fire Department Engine 31/Ladder 14",
      "url": "https://www.openstreetmap.org/node/4698391097",
      "retrieved": "2026-08-17"
     },
     {
      "title": "Wikipedia — Buffalo Fire Department (stations & apparatus)",
      "url": "https://en.wikipedia.org/wiki/Buffalo_Fire_Department",
      "retrieved": "2026-08-17"
     }
    ],
    "confidence": "medium",
    "last_verified": "2026-08-17"
   }
  },
  {
   "type": "Feature",
   "geometry": {
    "type": "Point",
    "coordinates": [
     -78.85058,
     42.87652
    ]
   },
   "properties": {
    "id": "bfd-station-32",
    "name": "Buffalo Fire Department Station 32",
    "category": "fire",
    "subtype": "career",
    "subregion_id": "buffalo",
    "status": "active",
    "agency": {
     "name": "Buffalo Fire Department",
     "type": "fire_department",
     "level": "municipal",
     "parent": "City of Buffalo"
    },
    "designation": "Station 32",
    "address": {
     "street": "700 Seneca Street",
     "city": "Buffalo",
     "county": "Erie",
     "state": "NY",
     "country": "US"
    },
    "staffing_model": "career",
    "operating_hours": "24_7",
    "units": [
     {
      "type": "engine",
      "designation": "Engine 32",
      "count": 1
     },
     {
      "type": "ladder",
      "designation": "Ladder 5",
      "count": 1
     }
    ],
    "game": {
     "building_types": [
      "Fire Station"
     ],
     "recommended": true,
     "notes": "Career city house — stock it to match the listed companies."
    },
    "sources": [
     {
      "title": "OpenStreetMap — Buffalo Fire Department Engine No. 32/L5",
      "url": "https://www.openstreetmap.org/way/382367854",
      "retrieved": "2026-08-17"
     },
     {
      "title": "Wikipedia — Buffalo Fire Department (stations & apparatus)",
      "url": "https://en.wikipedia.org/wiki/Buffalo_Fire_Department",
      "retrieved": "2026-08-17"
     }
    ],
    "confidence": "medium",
    "last_verified": "2026-08-17"
   }
  },
  {
   "type": "Feature",
   "geometry": {
    "type": "Point",
    "coordinates": [
     -78.83982,
     42.92056
    ]
   },
   "properties": {
    "id": "bfd-station-33",
    "name": "Buffalo Fire Department Station 33",
    "category": "fire",
    "subtype": "career",
    "subregion_id": "buffalo",
    "status": "active",
    "agency": {
     "name": "Buffalo Fire Department",
     "type": "fire_department",
     "level": "municipal",
     "parent": "City of Buffalo"
    },
    "designation": "Station 33",
    "address": {
     "street": "1720 Fillmore Avenue",
     "city": "Buffalo",
     "county": "Erie",
     "state": "NY",
     "country": "US"
    },
    "staffing_model": "career",
    "operating_hours": "24_7",
    "units": [
     {
      "type": "engine",
      "designation": "Engine 33",
      "count": 1
     },
     {
      "type": "rehab",
      "designation": "Rehab Unit",
      "count": 1
     }
    ],
    "game": {
     "building_types": [
      "Fire Station"
     ],
     "recommended": true,
     "notes": "Career city house — stock it to match the listed companies."
    },
    "sources": [
     {
      "title": "OpenStreetMap — Buffalo Fire Station E33",
      "url": "https://www.openstreetmap.org/node/4698391100",
      "retrieved": "2026-08-17"
     },
     {
      "title": "Wikipedia — Buffalo Fire Department (stations & apparatus)",
      "url": "https://en.wikipedia.org/wiki/Buffalo_Fire_Department",
      "retrieved": "2026-08-17"
     }
    ],
    "confidence": "medium",
    "last_verified": "2026-08-17"
   }
  },
  {
   "type": "Feature",
   "geometry": {
    "type": "Point",
    "coordinates": [
     -78.83385,
     42.94352
    ]
   },
   "properties": {
    "id": "bfd-station-34",
    "name": "Buffalo Fire Department Station 34",
    "category": "fire",
    "subtype": "career",
    "subregion_id": "buffalo",
    "status": "active",
    "agency": {
     "name": "Buffalo Fire Department",
     "type": "fire_department",
     "level": "municipal",
     "parent": "City of Buffalo"
    },
    "designation": "Station 34",
    "address": {
     "street": "2837 Main Street",
     "city": "Buffalo",
     "county": "Erie",
     "state": "NY",
     "country": "US"
    },
    "staffing_model": "career",
    "operating_hours": "24_7",
    "units": [
     {
      "type": "engine",
      "designation": "Engine 34",
      "count": 1
     },
     {
      "type": "ladder",
      "designation": "Ladder 7",
      "count": 1
     }
    ],
    "game": {
     "building_types": [
      "Fire Station"
     ],
     "recommended": true,
     "notes": "Career city house — stock it to match the listed companies."
    },
    "sources": [
     {
      "title": "OpenStreetMap — Buffalo Fire Station Engine 34 / Ladder 7 Quarters",
      "url": "https://www.openstreetmap.org/way/1022762686",
      "retrieved": "2026-08-17"
     },
     {
      "title": "Wikipedia — Buffalo Fire Department (stations & apparatus)",
      "url": "https://en.wikipedia.org/wiki/Buffalo_Fire_Department",
      "retrieved": "2026-08-17"
     }
    ],
    "confidence": "medium",
    "last_verified": "2026-08-17"
   }
  },
  {
   "type": "Feature",
   "geometry": {
    "type": "Point",
    "coordinates": [
     -78.82059,
     42.87245
    ]
   },
   "properties": {
    "id": "bfd-station-35",
    "name": "Buffalo Fire Department Station 35",
    "category": "fire",
    "subtype": "career",
    "subregion_id": "buffalo",
    "status": "active",
    "agency": {
     "name": "Buffalo Fire Department",
     "type": "fire_department",
     "level": "municipal",
     "parent": "City of Buffalo"
    },
    "designation": "Station 35",
    "address": {
     "street": "1512 Clinton Street",
     "city": "Buffalo",
     "county": "Erie",
     "state": "NY",
     "country": "US"
    },
    "staffing_model": "career",
    "operating_hours": "24_7",
    "units": [
     {
      "type": "engine",
      "designation": "Engine 35",
      "count": 1
     },
     {
      "type": "ladder",
      "designation": "Ladder 15",
      "count": 1
     }
    ],
    "game": {
     "building_types": [
      "Fire Station"
     ],
     "recommended": true,
     "notes": "Career city house — stock it to match the listed companies."
    },
    "sources": [
     {
      "title": "OpenStreetMap — Buffalo Fire Station E35/L15",
      "url": "https://www.openstreetmap.org/node/714233890",
      "retrieved": "2026-08-17"
     },
     {
      "title": "Wikipedia — Buffalo Fire Department (stations & apparatus)",
      "url": "https://en.wikipedia.org/wiki/Buffalo_Fire_Department",
      "retrieved": "2026-08-17"
     }
    ],
    "confidence": "medium",
    "last_verified": "2026-08-17"
   }
  },
  {
   "type": "Feature",
   "geometry": {
    "type": "Point",
    "coordinates": [
     -78.87642,
     42.9482
    ]
   },
   "properties": {
    "id": "bfd-station-36",
    "name": "Buffalo Fire Department Station 36",
    "category": "fire",
    "subtype": "career",
    "subregion_id": "buffalo",
    "status": "active",
    "agency": {
     "name": "Buffalo Fire Department",
     "type": "fire_department",
     "level": "municipal",
     "parent": "City of Buffalo"
    },
    "designation": "Station 36",
    "address": {
     "street": "860 Hertel Avenue",
     "city": "Buffalo",
     "county": "Erie",
     "state": "NY",
     "country": "US"
    },
    "staffing_model": "career",
    "operating_hours": "24_7",
    "units": [
     {
      "type": "engine",
      "designation": "Engine 36",
      "count": 1
     },
     {
      "type": "ladder",
      "designation": "Ladder 13",
      "count": 1
     }
    ],
    "game": {
     "building_types": [
      "Fire Station"
     ],
     "recommended": true,
     "notes": "Career city house — stock it to match the listed companies."
    },
    "sources": [
     {
      "title": "OpenStreetMap — Buffalo Fire Department Engine 36 Ladder 13",
      "url": "https://www.openstreetmap.org/way/1214906302",
      "retrieved": "2026-08-17"
     },
     {
      "title": "Wikipedia — Buffalo Fire Department (stations & apparatus)",
      "url": "https://en.wikipedia.org/wiki/Buffalo_Fire_Department",
      "retrieved": "2026-08-17"
     }
    ],
    "confidence": "medium",
    "last_verified": "2026-08-17"
   }
  },
  {
   "type": "Feature",
   "geometry": {
    "type": "Point",
    "coordinates": [
     -78.88351,
     42.91287
    ]
   },
   "properties": {
    "id": "bfd-station-37",
    "name": "Buffalo Fire Department Station 37",
    "category": "fire",
    "subtype": "career",
    "subregion_id": "buffalo",
    "status": "active",
    "agency": {
     "name": "Buffalo Fire Department",
     "type": "fire_department",
     "level": "municipal",
     "parent": "City of Buffalo"
    },
    "designation": "Station 37",
    "address": {
     "street": "500 Rhode Island Street",
     "city": "Buffalo",
     "county": "Erie",
     "state": "NY",
     "country": "US"
    },
    "staffing_model": "career",
    "operating_hours": "24_7",
    "units": [
     {
      "type": "engine",
      "designation": "Engine 37",
      "count": 1
     },
     {
      "type": "ladder",
      "designation": "Ladder 4",
      "count": 1
     },
     {
      "type": "battalion",
      "designation": "4th Battalion",
      "count": 1
     }
    ],
    "game": {
     "building_types": [
      "Fire Station"
     ],
     "recommended": true,
     "notes": "Career city house — stock it to match the listed companies."
    },
    "sources": [
     {
      "title": "OpenStreetMap — Buffalo Fire Station E37/L4/4th Batt",
      "url": "https://www.openstreetmap.org/node/4032139566",
      "retrieved": "2026-08-17"
     },
     {
      "title": "Wikipedia — Buffalo Fire Department (stations & apparatus)",
      "url": "https://en.wikipedia.org/wiki/Buffalo_Fire_Department",
      "retrieved": "2026-08-17"
     }
    ],
    "confidence": "medium",
    "last_verified": "2026-08-17"
   }
  },
  {
   "type": "Feature",
   "geometry": {
    "type": "Point",
    "coordinates": [
     -78.85753,
     42.94425
    ]
   },
   "properties": {
    "id": "bfd-station-38",
    "name": "Buffalo Fire Department Station 38",
    "category": "fire",
    "subtype": "career",
    "subregion_id": "buffalo",
    "status": "active",
    "agency": {
     "name": "Buffalo Fire Department",
     "type": "fire_department",
     "level": "municipal",
     "parent": "City of Buffalo"
    },
    "designation": "Station 38",
    "address": {
     "street": "398 Linden Avenue",
     "city": "Buffalo",
     "county": "Erie",
     "state": "NY",
     "country": "US"
    },
    "staffing_model": "career",
    "operating_hours": "24_7",
    "units": [
     {
      "type": "engine",
      "designation": "Engine 38",
      "count": 1
     },
     {
      "type": "battalion",
      "designation": "7th Battalion",
      "count": 1
     }
    ],
    "game": {
     "building_types": [
      "Fire Station"
     ],
     "recommended": true,
     "notes": "Career city house — stock it to match the listed companies."
    },
    "sources": [
     {
      "title": "OpenStreetMap — Buffalo Fire Station E38/7th Batt",
      "url": "https://www.openstreetmap.org/node/4032153362",
      "retrieved": "2026-08-17"
     },
     {
      "title": "Wikipedia — Buffalo Fire Department (stations & apparatus)",
      "url": "https://en.wikipedia.org/wiki/Buffalo_Fire_Department",
      "retrieved": "2026-08-17"
     }
    ],
    "confidence": "medium",
    "last_verified": "2026-08-17"
   }
  },
  {
   "type": "Feature",
   "geometry": {
    "type": "Point",
    "coordinates": [
     -78.88091,
     42.88752
    ]
   },
   "properties": {
    "id": "bfd-headquarters",
    "name": "Buffalo Fire Department Headquarters",
    "category": "fire",
    "subtype": "headquarters",
    "subregion_id": "buffalo",
    "status": "active",
    "agency": {
     "name": "Buffalo Fire Department",
     "type": "fire_department",
     "level": "municipal",
     "parent": "City of Buffalo"
    },
    "address": {
     "street": "195 Court Street",
     "city": "Buffalo",
     "county": "Erie",
     "state": "NY",
     "country": "US"
    },
    "staffing_model": "career",
    "operating_hours": "24_7",
    "units": [],
    "game": {
     "building_types": [
      "Fire Station"
     ],
     "recommended": false,
     "notes": "Administrative headquarters of a 282-firefighter career department; not a run-producing house."
    },
    "significance": "Headquarters of the Buffalo Fire Department — 282 career firefighters over 19 houses, 1 division and 4 battalion chiefs.",
    "sources": [
     {
      "title": "OpenStreetMap — Buffalo Fire Department Headquarters",
      "url": "https://www.openstreetmap.org/way/331375355",
      "retrieved": "2026-08-17"
     },
     {
      "title": "New York State Fire — Erie County fire & EMS department directory",
      "url": "https://www.newyorkstatefire.com/Erie.htm",
      "retrieved": "2026-08-17"
     },
     {
      "title": "Wikipedia — Buffalo Fire Department (stations & apparatus)",
      "url": "https://en.wikipedia.org/wiki/Buffalo_Fire_Department",
      "retrieved": "2026-08-17"
     }
    ],
    "confidence": "medium",
    "last_verified": "2026-08-17"
   }
  },
  {
   "type": "Feature",
   "geometry": {
    "type": "Point",
    "coordinates": [
     -78.50275,
     43.01981
    ]
   },
   "properties": {
    "id": "akron-fire-company",
    "name": "Akron Fire Company",
    "category": "fire",
    "subregion_id": "akron-village",
    "status": "active",
    "agency": {
     "name": "Akron Fire Company",
     "type": "fire_department",
     "level": "municipal",
     "parent": null
    },
    "address": {
     "street": "1 Main Street",
     "city": "Akron",
     "county": "Erie",
     "state": "NY",
     "country": "US"
    },
    "staffing_model": "unknown",
    "operating_hours": "unknown",
    "units": [],
    "game": {
     "building_types": [
      "Fire Station"
     ],
     "recommended": false
    },
    "sources": [
     {
      "title": "New York State Fire — Erie County fire & EMS department directory",
      "url": "https://www.newyorkstatefire.com/Erie.htm",
      "retrieved": "2026-08-17"
     },
     {
      "title": "OpenStreetMap — Akron Fire Department",
      "url": "https://www.openstreetmap.org/way/489350681",
      "retrieved": "2026-08-17"
     }
    ],
    "confidence": "medium",
    "last_verified": "2026-08-17"
   }
  },
  {
   "type": "Feature",
   "geometry": {
    "type": "Point",
    "coordinates": [
     -78.49124,
     42.90051
    ]
   },
   "properties": {
    "id": "alden-fire-dept",
    "name": "Alden Fire Department",
    "category": "fire",
    "subregion_id": "alden-village",
    "status": "active",
    "agency": {
     "name": "Alden Fire Department",
     "type": "fire_department",
     "level": "municipal",
     "parent": null
    },
    "address": {
     "street": "13336 Broadway Street",
     "city": "Alden",
     "county": "Erie",
     "state": "NY",
     "country": "US"
    },
    "staffing_model": "unknown",
    "operating_hours": "unknown",
    "units": [],
    "game": {
     "building_types": [
      "Fire Station"
     ],
     "recommended": false
    },
    "sources": [
     {
      "title": "New York State Fire — Erie County fire & EMS department directory",
      "url": "https://www.newyorkstatefire.com/Erie.htm",
      "retrieved": "2026-08-17"
     },
     {
      "title": "OpenStreetMap — geocoded station address (Nominatim)",
      "url": "https://www.openstreetmap.org/way/857343239",
      "retrieved": "2026-08-17"
     }
    ],
    "confidence": "medium",
    "last_verified": "2026-08-17"
   }
  },
  {
   "type": "Feature",
   "geometry": {
    "type": "Point",
    "coordinates": [
     -79.02877,
     42.63755
    ]
   },
   "properties": {
    "id": "angola-vol-fire-company",
    "name": "Angola Volunteer Fire Company",
    "category": "fire",
    "subtype": "volunteer",
    "subregion_id": "angola-village",
    "status": "active",
    "agency": {
     "name": "Angola Volunteer Fire Company",
     "type": "fire_department",
     "level": "municipal",
     "parent": null
    },
    "address": {
     "street": "41 Commercial Street",
     "city": "Angola",
     "county": "Erie",
     "state": "NY",
     "country": "US"
    },
    "staffing_model": "volunteer",
    "operating_hours": "on_call",
    "units": [],
    "game": {
     "building_types": [
      "Small Fire Station"
     ],
     "recommended": false,
     "notes": "Volunteer house — a small station is the closer match to the real staffing."
    },
    "sources": [
     {
      "title": "New York State Fire — Erie County fire & EMS department directory",
      "url": "https://www.newyorkstatefire.com/Erie.htm",
      "retrieved": "2026-08-17"
     },
     {
      "title": "OpenStreetMap — geocoded station address (Nominatim)",
      "url": "https://www.openstreetmap.org/node/8457986252",
      "retrieved": "2026-08-17"
     }
    ],
    "confidence": "medium",
    "last_verified": "2026-08-17"
   }
  },
  {
   "type": "Feature",
   "geometry": {
    "type": "Point",
    "coordinates": [
     -78.80016,
     42.73954
    ]
   },
   "properties": {
    "id": "armor-vol-fire-company",
    "name": "Armor Volunteer Fire Company",
    "category": "fire",
    "subtype": "volunteer",
    "subregion_id": "hamburg-town",
    "status": "active",
    "agency": {
     "name": "Armor Volunteer Fire Company",
     "type": "fire_department",
     "level": "municipal",
     "parent": null
    },
    "address": {
     "street": "4932 Clark Street",
     "city": "Hamburg",
     "county": "Erie",
     "state": "NY",
     "country": "US"
    },
    "staffing_model": "volunteer",
    "operating_hours": "on_call",
    "units": [],
    "game": {
     "building_types": [
      "Small Fire Station"
     ],
     "recommended": false,
     "notes": "Volunteer house — a small station is the closer match to the real staffing."
    },
    "sources": [
     {
      "title": "New York State Fire — Erie County fire & EMS department directory",
      "url": "https://www.newyorkstatefire.com/Erie.htm",
      "retrieved": "2026-08-17"
     },
     {
      "title": "OpenStreetMap — geocoded station address (Nominatim)",
      "url": "https://www.openstreetmap.org/node/8457879345",
      "retrieved": "2026-08-17"
     }
    ],
    "confidence": "medium",
    "last_verified": "2026-08-17"
   }
  },
  {
   "type": "Feature",
   "geometry": {
    "type": "Point",
    "coordinates": [
     -78.74084,
     42.89272
    ]
   },
   "properties": {
    "id": "bellevue-fire-company",
    "name": "Bellevue Fire Company",
    "category": "fire",
    "subregion_id": "cheektowaga",
    "status": "active",
    "agency": {
     "name": "Bellevue Fire Company",
     "type": "fire_department",
     "level": "municipal",
     "parent": null
    },
    "address": {
     "street": "511 Como Blvd",
     "city": "Cheektowaga",
     "county": "Erie",
     "state": "NY",
     "country": "US"
    },
    "staffing_model": "unknown",
    "operating_hours": "unknown",
    "units": [],
    "game": {
     "building_types": [
      "Fire Station"
     ],
     "recommended": false
    },
    "sources": [
     {
      "title": "New York State Fire — Erie County fire & EMS department directory",
      "url": "https://www.newyorkstatefire.com/Erie.htm",
      "retrieved": "2026-08-17"
     },
     {
      "title": "OpenStreetMap — geocoded station address (Nominatim)",
      "url": "https://www.openstreetmap.org/node/8457954327",
      "retrieved": "2026-08-17"
     }
    ],
    "confidence": "medium",
    "last_verified": "2026-08-17"
   }
  },
  {
   "type": "Feature",
   "geometry": {
    "type": "Point",
    "coordinates": [
     -78.82433,
     42.77975
    ]
   },
   "properties": {
    "id": "big-tree-vol-fire-company",
    "name": "Big Tree Volunteer Fire Company",
    "category": "fire",
    "subtype": "volunteer",
    "subregion_id": "hamburg-town",
    "status": "active",
    "agency": {
     "name": "Big Tree Volunteer Fire Company",
     "type": "fire_department",
     "level": "municipal",
     "parent": null
    },
    "address": {
     "street": "S-4307 South Park AVE",
     "city": "Blasdell",
     "county": "Erie",
     "state": "NY",
     "country": "US"
    },
    "staffing_model": "volunteer",
    "operating_hours": "on_call",
    "units": [],
    "game": {
     "building_types": [
      "Small Fire Station"
     ],
     "recommended": false,
     "notes": "Volunteer house — a small station is the closer match to the real staffing."
    },
    "sources": [
     {
      "title": "New York State Fire — Erie County fire & EMS department directory",
      "url": "https://www.newyorkstatefire.com/Erie.htm",
      "retrieved": "2026-08-17"
     },
     {
      "title": "OpenStreetMap — Big Tree Volunter Fire Department",
      "url": "https://www.openstreetmap.org/way/569792148",
      "retrieved": "2026-08-17"
     }
    ],
    "confidence": "medium",
    "last_verified": "2026-08-17"
   }
  },
  {
   "type": "Feature",
   "geometry": {
    "type": "Point",
    "coordinates": [
     -78.82996,
     42.79822
    ]
   },
   "properties": {
    "id": "blasdell-fire-dept",
    "name": "Blasdell Fire Department",
    "category": "fire",
    "subregion_id": "blasdell-village",
    "status": "active",
    "agency": {
     "name": "Blasdell Fire Department",
     "type": "fire_department",
     "level": "municipal",
     "parent": null
    },
    "address": {
     "street": "121 Miriam AVE",
     "city": "Blasdell",
     "county": "Erie",
     "state": "NY",
     "country": "US"
    },
    "staffing_model": "unknown",
    "operating_hours": "unknown",
    "units": [],
    "game": {
     "building_types": [
      "Fire Station"
     ],
     "recommended": false
    },
    "sources": [
     {
      "title": "New York State Fire — Erie County fire & EMS department directory",
      "url": "https://www.newyorkstatefire.com/Erie.htm",
      "retrieved": "2026-08-17"
     },
     {
      "title": "OpenStreetMap — geocoded station address (Nominatim)",
      "url": "https://www.openstreetmap.org/way/1083073115",
      "retrieved": "2026-08-17"
     }
    ],
    "confidence": "medium",
    "last_verified": "2026-08-17"
   }
  },
  {
   "type": "Feature",
   "geometry": {
    "type": "Point",
    "coordinates": [
     -78.69272,
     42.85451
    ]
   },
   "properties": {
    "id": "blossom-fire-company",
    "name": "Blossom Fire Company",
    "category": "fire",
    "subregion_id": "elma",
    "status": "active",
    "agency": {
     "name": "Blossom Fire Company",
     "type": "fire_department",
     "level": "municipal",
     "parent": null
    },
    "address": {
     "street": "1000 North Blossom Road",
     "city": "Elma",
     "county": "Erie",
     "state": "NY",
     "country": "US"
    },
    "staffing_model": "unknown",
    "operating_hours": "unknown",
    "units": [],
    "game": {
     "building_types": [
      "Fire Station"
     ],
     "recommended": false
    },
    "sources": [
     {
      "title": "New York State Fire — Erie County fire & EMS department directory",
      "url": "https://www.newyorkstatefire.com/Erie.htm",
      "retrieved": "2026-08-17"
     },
     {
      "title": "OpenStreetMap — geocoded station address (Nominatim)",
      "url": "https://www.openstreetmap.org/node/8457965420",
      "retrieved": "2026-08-17"
     }
    ],
    "confidence": "medium",
    "last_verified": "2026-08-17"
   }
  },
  {
   "type": "Feature",
   "geometry": {
    "type": "Point",
    "coordinates": [
     -78.74396,
     42.93587
    ]
   },
   "properties": {
    "id": "bnia-crash-fire-rescue",
    "name": "BNIA Crash-Fire-Rescue",
    "category": "fire",
    "subtype": "arff",
    "subregion_id": "cheektowaga",
    "status": "active",
    "agency": {
     "name": "Niagara Frontier Transportation Authority",
     "type": "state_agency",
     "level": "regional",
     "parent": null
    },
    "address": {
     "street": "251 Cayuga Road",
     "city": "Cheektowaga",
     "county": "Erie",
     "state": "NY",
     "country": "US"
    },
    "staffing_model": "unknown",
    "operating_hours": "unknown",
    "units": [],
    "specialties": [
     "arff"
    ],
    "game": {
     "building_types": [
      "Airport Fire Station"
     ],
     "recommended": false
    },
    "significance": "Airport crash-fire-rescue at Buffalo Niagara International, run by the NFTA.",
    "sources": [
     {
      "title": "New York State Fire — Erie County fire & EMS department directory",
      "url": "https://www.newyorkstatefire.com/Erie.htm",
      "retrieved": "2026-08-17"
     },
     {
      "title": "OpenStreetMap — geocoded station address (Nominatim)",
      "url": "https://www.openstreetmap.org/node/8457970535",
      "retrieved": "2026-08-17"
     }
    ],
    "confidence": "medium",
    "last_verified": "2026-08-17"
   }
  },
  {
   "type": "Feature",
   "geometry": {
    "type": "Point",
    "coordinates": [
     -78.73883,
     42.62838
    ]
   },
   "properties": {
    "id": "boston-fire-company",
    "name": "Boston Fire Company",
    "category": "fire",
    "subregion_id": "boston",
    "status": "active",
    "agency": {
     "name": "Boston Fire Company",
     "type": "fire_department",
     "level": "municipal",
     "parent": null
    },
    "address": {
     "street": "6746 Mill Street",
     "city": "Boston",
     "county": "Erie",
     "state": "NY",
     "country": "US"
    },
    "staffing_model": "unknown",
    "operating_hours": "unknown",
    "units": [],
    "game": {
     "building_types": [
      "Fire Station"
     ],
     "recommended": false
    },
    "sources": [
     {
      "title": "New York State Fire — Erie County fire & EMS department directory",
      "url": "https://www.newyorkstatefire.com/Erie.htm",
      "retrieved": "2026-08-17"
     },
     {
      "title": "OpenStreetMap — Boston Volunteer Fire Company",
      "url": "https://www.openstreetmap.org/way/1004858381",
      "retrieved": "2026-08-17"
     }
    ],
    "confidence": "medium",
    "last_verified": "2026-08-17"
   }
  },
  {
   "type": "Feature",
   "geometry": {
    "type": "Point",
    "coordinates": [
     -78.68602,
     42.94254
    ]
   },
   "properties": {
    "id": "bowmansville-vol-fire-association",
    "name": "Bowmansville Volunteer Fire Association",
    "category": "fire",
    "subtype": "volunteer",
    "subregion_id": "lancaster-town",
    "status": "active",
    "agency": {
     "name": "Bowmansville Volunteer Fire Association",
     "type": "fire_department",
     "level": "municipal",
     "parent": null
    },
    "address": {
     "street": "36 Main Street",
     "city": "Bowmansville",
     "county": "Erie",
     "state": "NY",
     "country": "US"
    },
    "staffing_model": "volunteer",
    "operating_hours": "on_call",
    "units": [],
    "game": {
     "building_types": [
      "Small Fire Station"
     ],
     "recommended": false,
     "notes": "Volunteer house — a small station is the closer match to the real staffing."
    },
    "sources": [
     {
      "title": "New York State Fire — Erie County fire & EMS department directory",
      "url": "https://www.newyorkstatefire.com/Erie.htm",
      "retrieved": "2026-08-17"
     },
     {
      "title": "OpenStreetMap — Bowmansville Vol Fire Co Station 1",
      "url": "https://www.openstreetmap.org/node/1186738077",
      "retrieved": "2026-08-17"
     }
    ],
    "confidence": "medium",
    "last_verified": "2026-08-17"
   }
  },
  {
   "type": "Feature",
   "geometry": {
    "type": "Point",
    "coordinates": [
     -79.01855,
     42.58804
    ]
   },
   "properties": {
    "id": "brant-fire-company",
    "name": "Brant Fire Company",
    "category": "fire",
    "subregion_id": "brant",
    "status": "active",
    "agency": {
     "name": "Brant Fire Company",
     "type": "fire_department",
     "level": "municipal",
     "parent": null
    },
    "address": {
     "street": "1231 Brant-Farnham Road",
     "city": "Brant",
     "county": "Erie",
     "state": "NY",
     "country": "US"
    },
    "staffing_model": "unknown",
    "operating_hours": "unknown",
    "units": [],
    "game": {
     "building_types": [
      "Fire Station"
     ],
     "recommended": false
    },
    "sources": [
     {
      "title": "New York State Fire — Erie County fire & EMS department directory",
      "url": "https://www.newyorkstatefire.com/Erie.htm",
      "retrieved": "2026-08-17"
     },
     {
      "title": "OpenStreetMap — geocoded station address (Nominatim)",
      "url": "https://www.openstreetmap.org/way/832774463",
      "retrieved": "2026-08-17"
     }
    ],
    "confidence": "medium",
    "last_verified": "2026-08-17"
   }
  },
  {
   "type": "Feature",
   "geometry": {
    "type": "Point",
    "coordinates": [
     -78.8406,
     42.99316
    ]
   },
   "properties": {
    "id": "brighton-fire-district-5",
    "name": "Brighton Fire District #5",
    "category": "fire",
    "subregion_id": "tonawanda-town",
    "status": "active",
    "agency": {
     "name": "Brighton Fire District #5",
     "type": "fire_department",
     "level": "district",
     "parent": null
    },
    "address": {
     "street": "50 Jamaica Road",
     "city": "Tonawanda",
     "county": "Erie",
     "state": "NY",
     "country": "US"
    },
    "staffing_model": "unknown",
    "operating_hours": "unknown",
    "units": [],
    "game": {
     "building_types": [
      "Fire Station"
     ],
     "recommended": false
    },
    "sources": [
     {
      "title": "New York State Fire — Erie County fire & EMS department directory",
      "url": "https://www.newyorkstatefire.com/Erie.htm",
      "retrieved": "2026-08-17"
     },
     {
      "title": "OpenStreetMap — geocoded station address (Nominatim)",
      "url": "https://www.openstreetmap.org/way/1372049337",
      "retrieved": "2026-08-17"
     }
    ],
    "confidence": "medium",
    "last_verified": "2026-08-17"
   }
  },
  {
   "type": "Feature",
   "geometry": {
    "type": "Point",
    "coordinates": [
     -78.99074,
     42.53582
    ]
   },
   "properties": {
    "id": "cattaraugus-indian-reservation-fire-dept",
    "name": "Cattaraugus Indian Reservation Fire Department",
    "category": "fire",
    "subregion_id": "collins",
    "status": "active",
    "agency": {
     "name": "Cattaraugus Indian Reservation Fire Department",
     "type": "fire_department",
     "level": "municipal",
     "parent": null
    },
    "address": {
     "street": "1520 Route 438",
     "city": "Irving",
     "county": "Erie",
     "state": "NY",
     "country": "US"
    },
    "staffing_model": "unknown",
    "operating_hours": "unknown",
    "units": [],
    "game": {
     "building_types": [
      "Fire Station"
     ],
     "recommended": false
    },
    "sources": [
     {
      "title": "New York State Fire — Erie County fire & EMS department directory",
      "url": "https://www.newyorkstatefire.com/Erie.htm",
      "retrieved": "2026-08-17"
     },
     {
      "title": "OpenStreetMap — CIRVFD",
      "url": "https://www.openstreetmap.org/node/1547465598",
      "retrieved": "2026-08-17"
     }
    ],
    "confidence": "medium",
    "last_verified": "2026-08-17"
   }
  },
  {
   "type": "Feature",
   "geometry": {
    "type": "Point",
    "coordinates": [
     -78.47711,
     42.56772
    ]
   },
   "properties": {
    "id": "chaffee-sardinia-vol-fire-company",
    "name": "Chaffee - Sardinia Volunteer Fire Company",
    "category": "fire",
    "subtype": "volunteer",
    "subregion_id": "sardinia",
    "status": "active",
    "agency": {
     "name": "Chaffee - Sardinia Volunteer Fire Company",
     "type": "fire_department",
     "level": "municipal",
     "parent": null
    },
    "address": {
     "street": "13670 Briggs Street",
     "city": "Chaffee",
     "county": "Erie",
     "state": "NY",
     "country": "US"
    },
    "staffing_model": "volunteer",
    "operating_hours": "on_call",
    "units": [],
    "game": {
     "building_types": [
      "Small Fire Station"
     ],
     "recommended": false,
     "notes": "Volunteer house — a small station is the closer match to the real staffing."
    },
    "sources": [
     {
      "title": "New York State Fire — Erie County fire & EMS department directory",
      "url": "https://www.newyorkstatefire.com/Erie.htm",
      "retrieved": "2026-08-17"
     },
     {
      "title": "OpenStreetMap — geocoded station address (Nominatim)",
      "url": "https://www.openstreetmap.org/way/12309612",
      "retrieved": "2026-08-17"
     }
    ],
    "confidence": "medium",
    "last_verified": "2026-08-17"
   }
  },
  {
   "type": "Feature",
   "geometry": {
    "type": "Point",
    "coordinates": [
     -78.60421,
     42.97743
    ]
   },
   "properties": {
    "id": "clarence-vol-fire-company",
    "name": "Clarence Volunteer Fire Company",
    "category": "fire",
    "subtype": "volunteer",
    "subregion_id": "clarence",
    "status": "active",
    "agency": {
     "name": "Clarence Volunteer Fire Company",
     "type": "fire_department",
     "level": "municipal",
     "parent": null
    },
    "address": {
     "street": "10335 Main Street",
     "city": "Clarence",
     "county": "Erie",
     "state": "NY",
     "country": "US"
    },
    "staffing_model": "volunteer",
    "operating_hours": "on_call",
    "units": [],
    "game": {
     "building_types": [
      "Small Fire Station"
     ],
     "recommended": false,
     "notes": "Volunteer house — a small station is the closer match to the real staffing."
    },
    "sources": [
     {
      "title": "New York State Fire — Erie County fire & EMS department directory",
      "url": "https://www.newyorkstatefire.com/Erie.htm",
      "retrieved": "2026-08-17"
     },
     {
      "title": "OpenStreetMap — geocoded station address (Nominatim)",
      "url": "https://www.openstreetmap.org/node/8457988808",
      "retrieved": "2026-08-17"
     }
    ],
    "confidence": "medium",
    "last_verified": "2026-08-17"
   }
  },
  {
   "type": "Feature",
   "geometry": {
    "type": "Point",
    "coordinates": [
     -78.63945,
     43.01021
    ]
   },
   "properties": {
    "id": "clarence-center-fire-company",
    "name": "Clarence Center Fire Company",
    "category": "fire",
    "subregion_id": "clarence",
    "status": "active",
    "agency": {
     "name": "Clarence Center Fire Company",
     "type": "fire_department",
     "level": "municipal",
     "parent": null
    },
    "address": {
     "street": "9415 Clarence Center Road",
     "city": "Clarence Center",
     "county": "Erie",
     "state": "NY",
     "country": "US"
    },
    "staffing_model": "unknown",
    "operating_hours": "unknown",
    "units": [],
    "game": {
     "building_types": [
      "Fire Station"
     ],
     "recommended": false
    },
    "sources": [
     {
      "title": "New York State Fire — Erie County fire & EMS department directory",
      "url": "https://www.newyorkstatefire.com/Erie.htm",
      "retrieved": "2026-08-17"
     },
     {
      "title": "OpenStreetMap — Clarence Center Vol. Fire Co.",
      "url": "https://www.openstreetmap.org/way/1355432111",
      "retrieved": "2026-08-17"
     }
    ],
    "confidence": "medium",
    "last_verified": "2026-08-17"
   }
  },
  {
   "type": "Feature",
   "geometry": {
    "type": "Point",
    "coordinates": [
     -78.78309,
     42.94533
    ]
   },
   "properties": {
    "id": "cleveland-hill-fire-dept",
    "name": "Cleveland Hill Fire Department",
    "category": "fire",
    "subregion_id": "cheektowaga",
    "status": "active",
    "agency": {
     "name": "Cleveland Hill Fire Department",
     "type": "fire_department",
     "level": "municipal",
     "parent": null
    },
    "address": {
     "street": "440 Cleveland Drive",
     "city": "Cheektowaga",
     "county": "Erie",
     "state": "NY",
     "country": "US"
    },
    "staffing_model": "unknown",
    "operating_hours": "unknown",
    "units": [],
    "game": {
     "building_types": [
      "Fire Station"
     ],
     "recommended": false
    },
    "sources": [
     {
      "title": "New York State Fire — Erie County fire & EMS department directory",
      "url": "https://www.newyorkstatefire.com/Erie.htm",
      "retrieved": "2026-08-17"
     },
     {
      "title": "OpenStreetMap — Cleveland Hill Fire Department No.6",
      "url": "https://www.openstreetmap.org/way/637022507",
      "retrieved": "2026-08-17"
     }
    ],
    "confidence": "medium",
    "last_verified": "2026-08-17"
   }
  },
  {
   "type": "Feature",
   "geometry": {
    "type": "Point",
    "coordinates": [
     -78.68517,
     42.65288
    ]
   },
   "properties": {
    "id": "colden-fire-company",
    "name": "Colden Fire Company",
    "category": "fire",
    "subregion_id": "colden",
    "status": "active",
    "agency": {
     "name": "Colden Fire Company",
     "type": "fire_department",
     "level": "municipal",
     "parent": null
    },
    "address": {
     "street": "8448 Gutekunst Road",
     "city": "Colden",
     "county": "Erie",
     "state": "NY",
     "country": "US"
    },
    "staffing_model": "unknown",
    "operating_hours": "unknown",
    "units": [],
    "game": {
     "building_types": [
      "Fire Station"
     ],
     "recommended": false
    },
    "sources": [
     {
      "title": "New York State Fire — Erie County fire & EMS department directory",
      "url": "https://www.newyorkstatefire.com/Erie.htm",
      "retrieved": "2026-08-17"
     },
     {
      "title": "OpenStreetMap — geocoded station address (Nominatim)",
      "url": "https://www.openstreetmap.org/node/8457932893",
      "retrieved": "2026-08-17"
     }
    ],
    "confidence": "medium",
    "last_verified": "2026-08-17"
   }
  },
  {
   "type": "Feature",
   "geometry": {
    "type": "Point",
    "coordinates": [
     -78.91736,
     42.4962
    ]
   },
   "properties": {
    "id": "collins-fire-company",
    "name": "Collins Fire Company",
    "category": "fire",
    "subregion_id": "collins",
    "status": "active",
    "agency": {
     "name": "Collins Fire Company",
     "type": "fire_department",
     "level": "municipal",
     "parent": null
    },
    "address": {
     "street": "2365 Main Street",
     "city": "Collins",
     "county": "Erie",
     "state": "NY",
     "country": "US"
    },
    "staffing_model": "unknown",
    "operating_hours": "unknown",
    "units": [],
    "game": {
     "building_types": [
      "Fire Station"
     ],
     "recommended": false
    },
    "sources": [
     {
      "title": "New York State Fire — Erie County fire & EMS department directory",
      "url": "https://www.newyorkstatefire.com/Erie.htm",
      "retrieved": "2026-08-17"
     },
     {
      "title": "OpenStreetMap — geocoded station address (Nominatim)",
      "url": "https://www.openstreetmap.org/way/832764425",
      "retrieved": "2026-08-17"
     }
    ],
    "confidence": "medium",
    "last_verified": "2026-08-17"
   }
  },
  {
   "type": "Feature",
   "geometry": {
    "type": "Point",
    "coordinates": [
     -78.85529,
     42.49421
    ]
   },
   "properties": {
    "id": "collins-center-fire-company",
    "name": "Collins Center Fire Company",
    "category": "fire",
    "subregion_id": "collins",
    "status": "active",
    "agency": {
     "name": "Collins Center Fire Company",
     "type": "fire_department",
     "level": "municipal",
     "parent": null
    },
    "address": {
     "street": "3514 Main Street",
     "city": "Collins Center",
     "county": "Erie",
     "state": "NY",
     "country": "US"
    },
    "staffing_model": "unknown",
    "operating_hours": "unknown",
    "units": [],
    "game": {
     "building_types": [
      "Fire Station"
     ],
     "recommended": false
    },
    "sources": [
     {
      "title": "New York State Fire — Erie County fire & EMS department directory",
      "url": "https://www.newyorkstatefire.com/Erie.htm",
      "retrieved": "2026-08-17"
     },
     {
      "title": "OpenStreetMap — geocoded station address (Nominatim)",
      "url": "https://www.openstreetmap.org/way/12311738",
      "retrieved": "2026-08-17"
     }
    ],
    "confidence": "medium",
    "last_verified": "2026-08-17"
   }
  },
  {
   "type": "Feature",
   "geometry": {
    "type": "Point",
    "coordinates": [
     -78.48767,
     42.94532
    ]
   },
   "properties": {
    "id": "crittenden-vol-fire-dept",
    "name": "Crittenden Volunteer Fire Department",
    "category": "fire",
    "subtype": "volunteer",
    "subregion_id": "alden-town",
    "status": "active",
    "agency": {
     "name": "Crittenden Volunteer Fire Department",
     "type": "fire_department",
     "level": "municipal",
     "parent": null
    },
    "address": {
     "street": "13415 Genesee Street",
     "city": "Crittenden",
     "county": "Erie",
     "state": "NY",
     "country": "US"
    },
    "staffing_model": "volunteer",
    "operating_hours": "on_call",
    "units": [],
    "game": {
     "building_types": [
      "Small Fire Station"
     ],
     "recommended": false,
     "notes": "Volunteer house — a small station is the closer match to the real staffing."
    },
    "sources": [
     {
      "title": "New York State Fire — Erie County fire & EMS department directory",
      "url": "https://www.newyorkstatefire.com/Erie.htm",
      "retrieved": "2026-08-17"
     },
     {
      "title": "OpenStreetMap — geocoded station address (Nominatim)",
      "url": "https://www.openstreetmap.org/node/8458013881",
      "retrieved": "2026-08-17"
     }
    ],
    "confidence": "low",
    "last_verified": "2026-08-17"
   }
  },
  {
   "type": "Feature",
   "geometry": {
    "type": "Point",
    "coordinates": [
     -78.78948,
     42.88424
    ]
   },
   "properties": {
    "id": "doyle-hose-co-1",
    "name": "Doyle Hose Co #1",
    "category": "fire",
    "subtype": "volunteer",
    "subregion_id": "cheektowaga",
    "status": "active",
    "agency": {
     "name": "Doyle Hose Co #1",
     "type": "fire_department",
     "level": "municipal",
     "parent": null
    },
    "address": {
     "street": "2199 William Street",
     "city": "Cheektowaga",
     "county": "Erie",
     "state": "NY",
     "country": "US"
    },
    "staffing_model": "volunteer",
    "operating_hours": "on_call",
    "units": [],
    "game": {
     "building_types": [
      "Small Fire Station"
     ],
     "recommended": false,
     "notes": "Volunteer house — a small station is the closer match to the real staffing."
    },
    "sources": [
     {
      "title": "New York State Fire — Erie County fire & EMS department directory",
      "url": "https://www.newyorkstatefire.com/Erie.htm",
      "retrieved": "2026-08-17"
     },
     {
      "title": "OpenStreetMap — geocoded station address (Nominatim)",
      "url": "https://www.openstreetmap.org/node/8457841023",
      "retrieved": "2026-08-17"
     }
    ],
    "confidence": "medium",
    "last_verified": "2026-08-17"
   }
  },
  {
   "type": "Feature",
   "geometry": {
    "type": "Point",
    "coordinates": [
     -78.7971,
     42.8749
    ]
   },
   "properties": {
    "id": "doyle-hose-co-2",
    "name": "Doyle Hose Co #2",
    "category": "fire",
    "subtype": "volunteer",
    "subregion_id": "cheektowaga",
    "status": "active",
    "agency": {
     "name": "Doyle Hose Co #2",
     "type": "fire_department",
     "level": "municipal",
     "parent": null
    },
    "address": {
     "street": "100 Willowlawn Parkway",
     "city": "Cheektowaga",
     "county": "Erie",
     "state": "NY",
     "country": "US"
    },
    "staffing_model": "volunteer",
    "operating_hours": "on_call",
    "units": [],
    "game": {
     "building_types": [
      "Small Fire Station"
     ],
     "recommended": false,
     "notes": "Volunteer house — a small station is the closer match to the real staffing."
    },
    "sources": [
     {
      "title": "New York State Fire — Erie County fire & EMS department directory",
      "url": "https://www.newyorkstatefire.com/Erie.htm",
      "retrieved": "2026-08-17"
     },
     {
      "title": "OpenStreetMap — geocoded station address (Nominatim)",
      "url": "https://www.openstreetmap.org/node/8457850330",
      "retrieved": "2026-08-17"
     }
    ],
    "confidence": "medium",
    "last_verified": "2026-08-17"
   }
  },
  {
   "type": "Feature",
   "geometry": {
    "type": "Point",
    "coordinates": [
     -78.69759,
     43.01619
    ]
   },
   "properties": {
    "id": "east-amherst-vol-fire-dept",
    "name": "East Amherst Volunteer Fire Department",
    "category": "fire",
    "subtype": "volunteer",
    "subregion_id": "amherst",
    "status": "active",
    "agency": {
     "name": "East Amherst Volunteer Fire Department",
     "type": "fire_department",
     "level": "municipal",
     "parent": null
    },
    "address": {
     "street": "9100 Transit Road",
     "city": "East Amherst",
     "county": "Erie",
     "state": "NY",
     "country": "US"
    },
    "staffing_model": "volunteer",
    "operating_hours": "on_call",
    "units": [],
    "game": {
     "building_types": [
      "Small Fire Station"
     ],
     "recommended": false,
     "notes": "Volunteer house — a small station is the closer match to the real staffing."
    },
    "sources": [
     {
      "title": "New York State Fire — Erie County fire & EMS department directory",
      "url": "https://www.newyorkstatefire.com/Erie.htm",
      "retrieved": "2026-08-17"
     },
     {
      "title": "OpenStreetMap — geocoded station address (Nominatim)",
      "url": "https://www.openstreetmap.org/node/8454724551",
      "retrieved": "2026-08-17"
     }
    ],
    "confidence": "medium",
    "last_verified": "2026-08-17"
   }
  },
  {
   "type": "Feature",
   "geometry": {
    "type": "Point",
    "coordinates": [
     -78.6131,
     42.7653
    ]
   },
   "properties": {
    "id": "east-aurora-vol-fire-dept",
    "name": "East Aurora Volunteer Fire Department",
    "category": "fire",
    "subtype": "volunteer",
    "subregion_id": "east-aurora-village",
    "status": "active",
    "agency": {
     "name": "East Aurora Volunteer Fire Department",
     "type": "fire_department",
     "level": "municipal",
     "parent": null
    },
    "address": {
     "street": "575 Oakwood AVE",
     "city": "East Aurora",
     "county": "Erie",
     "state": "NY",
     "country": "US"
    },
    "staffing_model": "volunteer",
    "operating_hours": "on_call",
    "units": [],
    "game": {
     "building_types": [
      "Small Fire Station"
     ],
     "recommended": false,
     "notes": "Volunteer house — a small station is the closer match to the real staffing."
    },
    "sources": [
     {
      "title": "New York State Fire — Erie County fire & EMS department directory",
      "url": "https://www.newyorkstatefire.com/Erie.htm",
      "retrieved": "2026-08-17"
     },
     {
      "title": "OpenStreetMap — geocoded station address (Nominatim)",
      "url": "https://www.openstreetmap.org/way/857318119",
      "retrieved": "2026-08-17"
     }
    ],
    "confidence": "medium",
    "last_verified": "2026-08-17"
   }
  },
  {
   "type": "Feature",
   "geometry": {
    "type": "Point",
    "coordinates": [
     -78.64445,
     42.55193
    ]
   },
   "properties": {
    "id": "east-concord-vol-fire-dept",
    "name": "East Concord Volunteer Fire Department",
    "category": "fire",
    "subtype": "volunteer",
    "subregion_id": "concord",
    "status": "active",
    "agency": {
     "name": "East Concord Volunteer Fire Department",
     "type": "fire_department",
     "level": "municipal",
     "parent": null
    },
    "address": {
     "street": "9413 Genesee Road",
     "city": "East Concord",
     "county": "Erie",
     "state": "NY",
     "country": "US"
    },
    "staffing_model": "volunteer",
    "operating_hours": "on_call",
    "units": [],
    "game": {
     "building_types": [
      "Small Fire Station"
     ],
     "recommended": false,
     "notes": "Volunteer house — a small station is the closer match to the real staffing."
    },
    "sources": [
     {
      "title": "New York State Fire — Erie County fire & EMS department directory",
      "url": "https://www.newyorkstatefire.com/Erie.htm",
      "retrieved": "2026-08-17"
     },
     {
      "title": "OpenStreetMap — geocoded station address (Nominatim)",
      "url": "https://www.openstreetmap.org/way/832807363",
      "retrieved": "2026-08-17"
     }
    ],
    "confidence": "medium",
    "last_verified": "2026-08-17"
   }
  },
  {
   "type": "Feature",
   "geometry": {
    "type": "Point",
    "coordinates": [
     -78.82718,
     42.66614
    ]
   },
   "properties": {
    "id": "east-eden-fire-dept",
    "name": "East Eden Fire Department",
    "category": "fire",
    "subregion_id": "eden",
    "status": "active",
    "agency": {
     "name": "East Eden Fire Department",
     "type": "fire_department",
     "level": "municipal",
     "parent": null
    },
    "address": {
     "street": "8097 East Eden Road",
     "city": "East Eden",
     "county": "Erie",
     "state": "NY",
     "country": "US"
    },
    "staffing_model": "unknown",
    "operating_hours": "unknown",
    "units": [],
    "game": {
     "building_types": [
      "Fire Station"
     ],
     "recommended": false
    },
    "sources": [
     {
      "title": "New York State Fire — Erie County fire & EMS department directory",
      "url": "https://www.newyorkstatefire.com/Erie.htm",
      "retrieved": "2026-08-17"
     },
     {
      "title": "OpenStreetMap — geocoded station address (Nominatim)",
      "url": "https://www.openstreetmap.org/node/8457991689",
      "retrieved": "2026-08-17"
     }
    ],
    "confidence": "medium",
    "last_verified": "2026-08-17"
   }
  },
  {
   "type": "Feature",
   "geometry": {
    "type": "Point",
    "coordinates": [
     -78.71257,
     42.83761
    ]
   },
   "properties": {
    "id": "east-seneca-vol-fire-company",
    "name": "East Seneca Volunteer Fire Company",
    "category": "fire",
    "subtype": "volunteer",
    "subregion_id": "west-seneca",
    "status": "active",
    "agency": {
     "name": "East Seneca Volunteer Fire Company",
     "type": "fire_department",
     "level": "municipal",
     "parent": null
    },
    "address": {
     "street": "100 Lein Road",
     "city": "West Seneca",
     "county": "Erie",
     "state": "NY",
     "country": "US"
    },
    "staffing_model": "volunteer",
    "operating_hours": "on_call",
    "units": [],
    "game": {
     "building_types": [
      "Small Fire Station"
     ],
     "recommended": false,
     "notes": "Volunteer house — a small station is the closer match to the real staffing."
    },
    "sources": [
     {
      "title": "New York State Fire — Erie County fire & EMS department directory",
      "url": "https://www.newyorkstatefire.com/Erie.htm",
      "retrieved": "2026-08-17"
     },
     {
      "title": "OpenStreetMap — East Seneca Fire District #4",
      "url": "https://www.openstreetmap.org/way/992449500",
      "retrieved": "2026-08-17"
     }
    ],
    "confidence": "medium",
    "last_verified": "2026-08-17"
   }
  },
  {
   "type": "Feature",
   "geometry": {
    "type": "Point",
    "coordinates": [
     -78.89583,
     42.65215
    ]
   },
   "properties": {
    "id": "eden-fire-dept",
    "name": "Eden Fire Department",
    "category": "fire",
    "subregion_id": "eden",
    "status": "active",
    "agency": {
     "name": "Eden Fire Department",
     "type": "fire_department",
     "level": "municipal",
     "parent": null
    },
    "address": {
     "street": "2791 East Church Street",
     "city": "Eden",
     "county": "Erie",
     "state": "NY",
     "country": "US"
    },
    "staffing_model": "unknown",
    "operating_hours": "unknown",
    "units": [],
    "game": {
     "building_types": [
      "Fire Station"
     ],
     "recommended": false
    },
    "sources": [
     {
      "title": "New York State Fire — Erie County fire & EMS department directory",
      "url": "https://www.newyorkstatefire.com/Erie.htm",
      "retrieved": "2026-08-17"
     },
     {
      "title": "OpenStreetMap — Eden Volunteer Fire Department",
      "url": "https://www.openstreetmap.org/way/793889760",
      "retrieved": "2026-08-17"
     }
    ],
    "confidence": "medium",
    "last_verified": "2026-08-17"
   }
  },
  {
   "type": "Feature",
   "geometry": {
    "type": "Point",
    "coordinates": [
     -78.81211,
     42.97632
    ]
   },
   "properties": {
    "id": "eggertsville-hose-company",
    "name": "Eggertsville Hose Company",
    "category": "fire",
    "subtype": "volunteer",
    "subregion_id": "amherst",
    "status": "active",
    "agency": {
     "name": "Eggertsville Hose Company",
     "type": "fire_department",
     "level": "municipal",
     "parent": null
    },
    "address": {
     "street": "1880 Eggert Road",
     "city": "Amherst",
     "county": "Erie",
     "state": "NY",
     "country": "US"
    },
    "staffing_model": "volunteer",
    "operating_hours": "on_call",
    "units": [],
    "game": {
     "building_types": [
      "Small Fire Station"
     ],
     "recommended": false,
     "notes": "Volunteer house — a small station is the closer match to the real staffing."
    },
    "sources": [
     {
      "title": "New York State Fire — Erie County fire & EMS department directory",
      "url": "https://www.newyorkstatefire.com/Erie.htm",
      "retrieved": "2026-08-17"
     },
     {
      "title": "OpenStreetMap — geocoded station address (Nominatim)",
      "url": "https://www.openstreetmap.org/way/1546066626",
      "retrieved": "2026-08-17"
     }
    ],
    "confidence": "medium",
    "last_verified": "2026-08-17"
   }
  },
  {
   "type": "Feature",
   "geometry": {
    "type": "Point",
    "coordinates": [
     -78.82026,
     43.02376
    ]
   },
   "properties": {
    "id": "ellicott-creek-vol-fire-company",
    "name": "Ellicott Creek Volunteer Fire Company",
    "category": "fire",
    "subtype": "volunteer",
    "subregion_id": "amherst",
    "status": "active",
    "agency": {
     "name": "Ellicott Creek Volunteer Fire Company",
     "type": "fire_department",
     "level": "municipal",
     "parent": null
    },
    "address": {
     "street": "45 South Ellicott Creek Road",
     "city": "Amherst",
     "county": "Erie",
     "state": "NY",
     "country": "US"
    },
    "staffing_model": "volunteer",
    "operating_hours": "on_call",
    "units": [],
    "game": {
     "building_types": [
      "Small Fire Station"
     ],
     "recommended": false,
     "notes": "Volunteer house — a small station is the closer match to the real staffing."
    },
    "sources": [
     {
      "title": "New York State Fire — Erie County fire & EMS department directory",
      "url": "https://www.newyorkstatefire.com/Erie.htm",
      "retrieved": "2026-08-17"
     },
     {
      "title": "OpenStreetMap — Ellicott Creek Fire Co.",
      "url": "https://www.openstreetmap.org/way/639215031",
      "retrieved": "2026-08-17"
     }
    ],
    "confidence": "medium",
    "last_verified": "2026-08-17"
   }
  },
  {
   "type": "Feature",
   "geometry": {
    "type": "Point",
    "coordinates": [
     -78.85213,
     42.97126
    ]
   },
   "properties": {
    "id": "ellwood-fire-district-1",
    "name": "Ellwood Fire District #1",
    "category": "fire",
    "subregion_id": "tonawanda-town",
    "status": "active",
    "agency": {
     "name": "Ellwood Fire District #1",
     "type": "fire_department",
     "level": "district",
     "parent": null
    },
    "address": {
     "street": "1000 Englewood AVE",
     "city": "Kenmore",
     "county": "Erie",
     "state": "NY",
     "country": "US"
    },
    "staffing_model": "unknown",
    "operating_hours": "unknown",
    "units": [],
    "game": {
     "building_types": [
      "Fire Station"
     ],
     "recommended": false
    },
    "sources": [
     {
      "title": "New York State Fire — Erie County fire & EMS department directory",
      "url": "https://www.newyorkstatefire.com/Erie.htm",
      "retrieved": "2026-08-17"
     },
     {
      "title": "OpenStreetMap — Ellwood Fire",
      "url": "https://www.openstreetmap.org/node/4698390982",
      "retrieved": "2026-08-17"
     }
    ],
    "confidence": "medium",
    "last_verified": "2026-08-17"
   }
  },
  {
   "type": "Feature",
   "geometry": {
    "type": "Point",
    "coordinates": [
     -78.63877,
     42.84947
    ]
   },
   "properties": {
    "id": "elma-fire-company",
    "name": "Elma Fire Company",
    "category": "fire",
    "subregion_id": "elma",
    "status": "active",
    "agency": {
     "name": "Elma Fire Company",
     "type": "fire_department",
     "level": "municipal",
     "parent": null
    },
    "address": {
     "street": "2945 Bowen Road",
     "city": "Elma",
     "county": "Erie",
     "state": "NY",
     "country": "US"
    },
    "staffing_model": "unknown",
    "operating_hours": "unknown",
    "units": [],
    "game": {
     "building_types": [
      "Fire Station"
     ],
     "recommended": false
    },
    "sources": [
     {
      "title": "New York State Fire — Erie County fire & EMS department directory",
      "url": "https://www.newyorkstatefire.com/Erie.htm",
      "retrieved": "2026-08-17"
     },
     {
      "title": "OpenStreetMap — geocoded station address (Nominatim)",
      "url": "https://www.openstreetmap.org/node/8457845397",
      "retrieved": "2026-08-17"
     }
    ],
    "confidence": "medium",
    "last_verified": "2026-08-17"
   }
  },
  {
   "type": "Feature",
   "geometry": {
    "type": "Point",
    "coordinates": [
     -79.03435,
     42.65938
    ]
   },
   "properties": {
    "id": "evans-center-vol-fire-company",
    "name": "Evans Center Volunteer Fire Company",
    "category": "fire",
    "subtype": "volunteer",
    "subregion_id": "evans",
    "status": "active",
    "agency": {
     "name": "Evans Center Volunteer Fire Company",
     "type": "fire_department",
     "level": "municipal",
     "parent": null
    },
    "address": {
     "street": "8298 Erie Road",
     "city": "Angola",
     "county": "Erie",
     "state": "NY",
     "country": "US"
    },
    "staffing_model": "volunteer",
    "operating_hours": "on_call",
    "units": [],
    "game": {
     "building_types": [
      "Small Fire Station"
     ],
     "recommended": false,
     "notes": "Volunteer house — a small station is the closer match to the real staffing."
    },
    "sources": [
     {
      "title": "New York State Fire — Erie County fire & EMS department directory",
      "url": "https://www.newyorkstatefire.com/Erie.htm",
      "retrieved": "2026-08-17"
     },
     {
      "title": "OpenStreetMap — geocoded station address (Nominatim)",
      "url": "https://www.openstreetmap.org/way/832773808",
      "retrieved": "2026-08-17"
     }
    ],
    "confidence": "medium",
    "last_verified": "2026-08-17"
   }
  },
  {
   "type": "Feature",
   "geometry": {
    "type": "Point",
    "coordinates": [
     -79.08304,
     42.59335
    ]
   },
   "properties": {
    "id": "farnham-fire-dept",
    "name": "Farnham Fire Department",
    "category": "fire",
    "subregion_id": "farnham-village",
    "status": "active",
    "agency": {
     "name": "Farnham Fire Department",
     "type": "fire_department",
     "level": "municipal",
     "parent": null
    },
    "address": {
     "street": "526 Commercial Street",
     "city": "Farnham",
     "county": "Erie",
     "state": "NY",
     "country": "US"
    },
    "staffing_model": "unknown",
    "operating_hours": "unknown",
    "units": [],
    "game": {
     "building_types": [
      "Fire Station"
     ],
     "recommended": false
    },
    "sources": [
     {
      "title": "New York State Fire — Erie County fire & EMS department directory",
      "url": "https://www.newyorkstatefire.com/Erie.htm",
      "retrieved": "2026-08-17"
     },
     {
      "title": "OpenStreetMap — geocoded station address (Nominatim)",
      "url": "https://www.openstreetmap.org/way/832771708",
      "retrieved": "2026-08-17"
     }
    ],
    "confidence": "medium",
    "last_verified": "2026-08-17"
   }
  },
  {
   "type": "Feature",
   "geometry": {
    "type": "Point",
    "coordinates": [
     -78.75386,
     42.90389
    ]
   },
   "properties": {
    "id": "forks-fire-dept",
    "name": "Forks Fire Department",
    "category": "fire",
    "subregion_id": "cheektowaga",
    "status": "active",
    "agency": {
     "name": "Forks Fire Department",
     "type": "fire_department",
     "level": "municipal",
     "parent": null
    },
    "address": {
     "street": "3330 Broadway",
     "city": "Cheektowaga",
     "county": "Erie",
     "state": "NY",
     "country": "US"
    },
    "staffing_model": "unknown",
    "operating_hours": "unknown",
    "units": [],
    "game": {
     "building_types": [
      "Fire Station"
     ],
     "recommended": false
    },
    "sources": [
     {
      "title": "New York State Fire — Erie County fire & EMS department directory",
      "url": "https://www.newyorkstatefire.com/Erie.htm",
      "retrieved": "2026-08-17"
     },
     {
      "title": "OpenStreetMap — geocoded station address (Nominatim)",
      "url": "https://www.openstreetmap.org/node/8457976148",
      "retrieved": "2026-08-17"
     }
    ],
    "confidence": "medium",
    "last_verified": "2026-08-17"
   }
  },
  {
   "type": "Feature",
   "geometry": {
    "type": "Point",
    "coordinates": [
     -78.76931,
     43.02429
    ]
   },
   "properties": {
    "id": "getzville-fire-company",
    "name": "Getzville Fire Company",
    "category": "fire",
    "subregion_id": "amherst",
    "status": "active",
    "agency": {
     "name": "Getzville Fire Company",
     "type": "fire_department",
     "level": "municipal",
     "parent": null
    },
    "address": {
     "street": "630 Dodge Road",
     "city": "Getzville",
     "county": "Erie",
     "state": "NY",
     "country": "US"
    },
    "staffing_model": "unknown",
    "operating_hours": "unknown",
    "units": [],
    "game": {
     "building_types": [
      "Fire Station"
     ],
     "recommended": false
    },
    "sources": [
     {
      "title": "New York State Fire — Erie County fire & EMS department directory",
      "url": "https://www.newyorkstatefire.com/Erie.htm",
      "retrieved": "2026-08-17"
     },
     {
      "title": "OpenStreetMap — geocoded station address (Nominatim)",
      "url": "https://www.openstreetmap.org/node/8454676804",
      "retrieved": "2026-08-17"
     }
    ],
    "confidence": "medium",
    "last_verified": "2026-08-17"
   }
  },
  {
   "type": "Feature",
   "geometry": {
    "type": "Point",
    "coordinates": [
     -78.94251,
     42.47084
    ]
   },
   "properties": {
    "id": "gowanda-fire-dept",
    "name": "Gowanda Fire Department",
    "category": "fire",
    "subregion_id": "gowanda-village",
    "status": "active",
    "agency": {
     "name": "Gowanda Fire Department",
     "type": "fire_department",
     "level": "municipal",
     "parent": null
    },
    "address": {
     "street": "230 Aldrich Street",
     "city": "Gowanda",
     "county": "Erie",
     "state": "NY",
     "country": "US"
    },
    "staffing_model": "unknown",
    "operating_hours": "unknown",
    "units": [],
    "game": {
     "building_types": [
      "Fire Station"
     ],
     "recommended": false
    },
    "sources": [
     {
      "title": "New York State Fire — Erie County fire & EMS department directory",
      "url": "https://www.newyorkstatefire.com/Erie.htm",
      "retrieved": "2026-08-17"
     },
     {
      "title": "OpenStreetMap — Gowanda Volunteer Fire Company",
      "url": "https://www.openstreetmap.org/way/832762526",
      "retrieved": "2026-08-17"
     }
    ],
    "confidence": "medium",
    "last_verified": "2026-08-17"
   }
  },
  {
   "type": "Feature",
   "geometry": {
    "type": "Point",
    "coordinates": [
     -78.96515,
     43.02355
    ]
   },
   "properties": {
    "id": "grand-island-fire-company",
    "name": "Grand Island Fire Company",
    "category": "fire",
    "subregion_id": "grand-island",
    "status": "active",
    "agency": {
     "name": "Grand Island Fire Company",
     "type": "fire_department",
     "level": "municipal",
     "parent": null
    },
    "address": {
     "street": "2275 Baseline Road",
     "city": "Grand Island",
     "county": "Erie",
     "state": "NY",
     "country": "US"
    },
    "staffing_model": "unknown",
    "operating_hours": "unknown",
    "units": [
     {
      "type": "engine",
      "count": 4,
      "attributes": {
       "note": "pumpers"
      }
     },
     {
      "type": "rescue",
      "count": 1,
      "attributes": {
       "note": "heavy rescue"
      }
     },
     {
      "type": "ems_als",
      "count": 6
     },
     {
      "type": "marine",
      "count": 2
     }
    ],
    "specialties": [
     "marine_rescue",
     "hazmat"
    ],
    "game": {
     "building_types": [
      "Fire Station"
     ],
     "recommended": true
    },
    "significance": "All-volunteer company covering the whole island from three stations, with its own 9-1-1 dispatch centre, ALS ambulances, marine rescue and hazmat response.",
    "sources": [
     {
      "title": "New York State Fire — Erie County fire & EMS department directory",
      "url": "https://www.newyorkstatefire.com/Erie.htm",
      "retrieved": "2026-08-17"
     },
     {
      "title": "OpenStreetMap — Grand Island Fire Headquarters",
      "url": "https://www.openstreetmap.org/way/118175086",
      "retrieved": "2026-08-17"
     },
     {
      "title": "Grand Island Fire Company — official site",
      "url": "https://grandislandfire.us/",
      "retrieved": "2026-08-17"
     }
    ],
    "confidence": "medium",
    "last_verified": "2026-08-17"
   }
  },
  {
   "type": "Feature",
   "geometry": {
    "type": "Point",
    "coordinates": [
     -78.84028,
     42.71916
    ]
   },
   "properties": {
    "id": "hamburg-vol-fire-dept",
    "name": "Hamburg Volunteer Fire Department",
    "category": "fire",
    "subtype": "volunteer",
    "subregion_id": "hamburg-village",
    "status": "active",
    "agency": {
     "name": "Hamburg Volunteer Fire Department",
     "type": "fire_department",
     "level": "municipal",
     "parent": null
    },
    "address": {
     "street": "301 Union Street",
     "city": "Hamburg",
     "county": "Erie",
     "state": "NY",
     "country": "US"
    },
    "staffing_model": "volunteer",
    "operating_hours": "on_call",
    "units": [],
    "game": {
     "building_types": [
      "Small Fire Station"
     ],
     "recommended": false,
     "notes": "Volunteer house — a small station is the closer match to the real staffing."
    },
    "sources": [
     {
      "title": "New York State Fire — Erie County fire & EMS department directory",
      "url": "https://www.newyorkstatefire.com/Erie.htm",
      "retrieved": "2026-08-17"
     },
     {
      "title": "OpenStreetMap — geocoded station address (Nominatim)",
      "url": "https://www.openstreetmap.org/way/562551329",
      "retrieved": "2026-08-17"
     }
    ],
    "confidence": "medium",
    "last_verified": "2026-08-17"
   }
  },
  {
   "type": "Feature",
   "geometry": {
    "type": "Point",
    "coordinates": [
     -78.67139,
     42.96608
    ]
   },
   "properties": {
    "id": "harris-hill-vol-fire-company",
    "name": "Harris Hill Volunteer Fire Company",
    "category": "fire",
    "subtype": "volunteer",
    "subregion_id": "clarence",
    "status": "active",
    "agency": {
     "name": "Harris Hill Volunteer Fire Company",
     "type": "fire_department",
     "level": "municipal",
     "parent": null
    },
    "address": {
     "street": "8630 Main Street",
     "city": "Williamsville",
     "county": "Erie",
     "state": "NY",
     "country": "US"
    },
    "staffing_model": "volunteer",
    "operating_hours": "on_call",
    "units": [],
    "game": {
     "building_types": [
      "Small Fire Station"
     ],
     "recommended": false,
     "notes": "Volunteer house — a small station is the closer match to the real staffing."
    },
    "sources": [
     {
      "title": "New York State Fire — Erie County fire & EMS department directory",
      "url": "https://www.newyorkstatefire.com/Erie.htm",
      "retrieved": "2026-08-17"
     },
     {
      "title": "OpenStreetMap — Harris Hill Volunteer Fire Co",
      "url": "https://www.openstreetmap.org/way/857325654",
      "retrieved": "2026-08-17"
     }
    ],
    "confidence": "medium",
    "last_verified": "2026-08-17"
   }
  },
  {
   "type": "Feature",
   "geometry": {
    "type": "Point",
    "coordinates": [
     -78.72747,
     42.73386
    ]
   },
   "properties": {
    "id": "hillcrest-vol-fire-company",
    "name": "Hillcrest Volunteer Fire Company",
    "category": "fire",
    "subtype": "volunteer",
    "subregion_id": "orchard-park-town",
    "status": "active",
    "agency": {
     "name": "Hillcrest Volunteer Fire Company",
     "type": "fire_department",
     "level": "municipal",
     "parent": null
    },
    "address": {
     "street": "7125 Ellicott Road",
     "city": "Orchard Park",
     "county": "Erie",
     "state": "NY",
     "country": "US"
    },
    "staffing_model": "volunteer",
    "operating_hours": "on_call",
    "units": [],
    "game": {
     "building_types": [
      "Small Fire Station"
     ],
     "recommended": false,
     "notes": "Volunteer house — a small station is the closer match to the real staffing."
    },
    "sources": [
     {
      "title": "New York State Fire — Erie County fire & EMS department directory",
      "url": "https://www.newyorkstatefire.com/Erie.htm",
      "retrieved": "2026-08-17"
     },
     {
      "title": "OpenStreetMap — geocoded station address (Nominatim)",
      "url": "https://www.openstreetmap.org/node/8457958485",
      "retrieved": "2026-08-17"
     }
    ],
    "confidence": "medium",
    "last_verified": "2026-08-17"
   }
  },
  {
   "type": "Feature",
   "geometry": {
    "type": "Point",
    "coordinates": [
     -78.54271,
     42.64211
    ]
   },
   "properties": {
    "id": "holland-fire-dept",
    "name": "Holland Fire Department",
    "category": "fire",
    "subregion_id": "holland",
    "status": "active",
    "agency": {
     "name": "Holland Fire Department",
     "type": "fire_department",
     "level": "municipal",
     "parent": null
    },
    "address": {
     "street": "49 North Main Street",
     "city": "Holland",
     "county": "Erie",
     "state": "NY",
     "country": "US"
    },
    "staffing_model": "unknown",
    "operating_hours": "unknown",
    "units": [],
    "game": {
     "building_types": [
      "Fire Station"
     ],
     "recommended": false
    },
    "sources": [
     {
      "title": "New York State Fire — Erie County fire & EMS department directory",
      "url": "https://www.newyorkstatefire.com/Erie.htm",
      "retrieved": "2026-08-17"
     },
     {
      "title": "OpenStreetMap — geocoded station address (Nominatim)",
      "url": "https://www.openstreetmap.org/way/832805332",
      "retrieved": "2026-08-17"
     }
    ],
    "confidence": "medium",
    "last_verified": "2026-08-17"
   }
  },
  {
   "type": "Feature",
   "geometry": {
    "type": "Point",
    "coordinates": [
     -78.7214,
     42.92471
    ]
   },
   "properties": {
    "id": "hy-view-vol-fire-company",
    "name": "Hy-View Volunteer Fire Company",
    "category": "fire",
    "subtype": "volunteer",
    "subregion_id": "cheektowaga",
    "status": "active",
    "agency": {
     "name": "Hy-View Volunteer Fire Company",
     "type": "fire_department",
     "level": "municipal",
     "parent": null
    },
    "address": {
     "street": "8 Airport Drive",
     "city": "Depew",
     "county": "Erie",
     "state": "NY",
     "country": "US"
    },
    "staffing_model": "volunteer",
    "operating_hours": "on_call",
    "units": [],
    "game": {
     "building_types": [
      "Small Fire Station"
     ],
     "recommended": false,
     "notes": "Volunteer house — a small station is the closer match to the real staffing."
    },
    "sources": [
     {
      "title": "New York State Fire — Erie County fire & EMS department directory",
      "url": "https://www.newyorkstatefire.com/Erie.htm",
      "retrieved": "2026-08-17"
     },
     {
      "title": "OpenStreetMap — Hyview fire district",
      "url": "https://www.openstreetmap.org/node/5736699410",
      "retrieved": "2026-08-17"
     }
    ],
    "confidence": "medium",
    "last_verified": "2026-08-17"
   }
  },
  {
   "type": "Feature",
   "geometry": {
    "type": "Point",
    "coordinates": [
     -78.62246,
     42.8055
    ]
   },
   "properties": {
    "id": "jamison-road-fire-dept",
    "name": "Jamison Road Fire Department",
    "category": "fire",
    "subregion_id": "elma",
    "status": "active",
    "agency": {
     "name": "Jamison Road Fire Department",
     "type": "fire_department",
     "level": "municipal",
     "parent": null
    },
    "address": {
     "street": "1071 Jamison Road",
     "city": "Elma",
     "county": "Erie",
     "state": "NY",
     "country": "US"
    },
    "staffing_model": "unknown",
    "operating_hours": "unknown",
    "units": [],
    "game": {
     "building_types": [
      "Fire Station"
     ],
     "recommended": false
    },
    "sources": [
     {
      "title": "New York State Fire — Erie County fire & EMS department directory",
      "url": "https://www.newyorkstatefire.com/Erie.htm",
      "retrieved": "2026-08-17"
     },
     {
      "title": "OpenStreetMap — Jamison Road Volunteer Fire Co.",
      "url": "https://www.openstreetmap.org/way/1483670867",
      "retrieved": "2026-08-17"
     }
    ],
    "confidence": "medium",
    "last_verified": "2026-08-17"
   }
  },
  {
   "type": "Feature",
   "geometry": {
    "type": "Point",
    "coordinates": [
     -78.82638,
     42.96097
    ]
   },
   "properties": {
    "id": "kenilworth-vol-fire-company",
    "name": "Kenilworth Volunteer Fire Company",
    "category": "fire",
    "subtype": "volunteer",
    "subregion_id": "tonawanda-town",
    "status": "active",
    "agency": {
     "name": "Kenilworth Volunteer Fire Company",
     "type": "fire_department",
     "level": "municipal",
     "parent": null
    },
    "address": {
     "street": "84 Hawthorne AVE",
     "city": "Tonawanda",
     "county": "Erie",
     "state": "NY",
     "country": "US"
    },
    "staffing_model": "volunteer",
    "operating_hours": "on_call",
    "units": [],
    "game": {
     "building_types": [
      "Small Fire Station"
     ],
     "recommended": false,
     "notes": "Volunteer house — a small station is the closer match to the real staffing."
    },
    "sources": [
     {
      "title": "New York State Fire — Erie County fire & EMS department directory",
      "url": "https://www.newyorkstatefire.com/Erie.htm",
      "retrieved": "2026-08-17"
     },
     {
      "title": "OpenStreetMap — Kenilworth Fire Co",
      "url": "https://www.openstreetmap.org/way/1498648334",
      "retrieved": "2026-08-17"
     }
    ],
    "confidence": "medium",
    "last_verified": "2026-08-17"
   }
  },
  {
   "type": "Feature",
   "geometry": {
    "type": "Point",
    "coordinates": [
     -78.86959,
     42.96553
    ]
   },
   "properties": {
    "id": "kenmore-vol-fire-dept",
    "name": "Kenmore Volunteer Fire Department",
    "category": "fire",
    "subtype": "volunteer",
    "subregion_id": "kenmore-village",
    "status": "active",
    "agency": {
     "name": "Kenmore Volunteer Fire Department",
     "type": "fire_department",
     "level": "municipal",
     "parent": null
    },
    "address": {
     "street": "16 Nash Road",
     "city": "Kenmore",
     "county": "Erie",
     "state": "NY",
     "country": "US"
    },
    "staffing_model": "volunteer",
    "operating_hours": "on_call",
    "units": [],
    "game": {
     "building_types": [
      "Small Fire Station"
     ],
     "recommended": false,
     "notes": "Volunteer house — a small station is the closer match to the real staffing."
    },
    "sources": [
     {
      "title": "New York State Fire — Erie County fire & EMS department directory",
      "url": "https://www.newyorkstatefire.com/Erie.htm",
      "retrieved": "2026-08-17"
     },
     {
      "title": "OpenStreetMap — Kenmore Fire Department",
      "url": "https://www.openstreetmap.org/way/132277713",
      "retrieved": "2026-08-17"
     }
    ],
    "confidence": "medium",
    "last_verified": "2026-08-17"
   }
  },
  {
   "type": "Feature",
   "geometry": {
    "type": "Point",
    "coordinates": [
     -78.80157,
     42.82046
    ]
   },
   "properties": {
    "id": "lackawanna-fire-dept",
    "name": "Lackawanna Fire Department",
    "category": "fire",
    "subregion_id": "lackawanna",
    "status": "active",
    "agency": {
     "name": "Lackawanna Fire Department",
     "type": "fire_department",
     "level": "municipal",
     "parent": null
    },
    "address": {
     "street": "1630 Abbott Road",
     "city": "Lackawanna",
     "county": "Erie",
     "state": "NY",
     "country": "US"
    },
    "staffing_model": "unknown",
    "operating_hours": "unknown",
    "units": [],
    "game": {
     "building_types": [
      "Fire Station"
     ],
     "recommended": false
    },
    "sources": [
     {
      "title": "New York State Fire — Erie County fire & EMS department directory",
      "url": "https://www.newyorkstatefire.com/Erie.htm",
      "retrieved": "2026-08-17"
     },
     {
      "title": "OpenStreetMap — Lackawanna Fire Dept Station #2",
      "url": "https://www.openstreetmap.org/way/1153884269",
      "retrieved": "2026-08-17"
     }
    ],
    "confidence": "medium",
    "last_verified": "2026-08-17"
   }
  },
  {
   "type": "Feature",
   "geometry": {
    "type": "Point",
    "coordinates": [
     -79.09041,
     42.62679
    ]
   },
   "properties": {
    "id": "lake-erie-beach-vol-fire-company",
    "name": "Lake Erie Beach Volunteer Fire Company",
    "category": "fire",
    "subtype": "volunteer",
    "subregion_id": "evans",
    "status": "active",
    "agency": {
     "name": "Lake Erie Beach Volunteer Fire Company",
     "type": "fire_department",
     "level": "municipal",
     "parent": null
    },
    "address": {
     "street": "9483 Lake Shore Road",
     "city": "Angola",
     "county": "Erie",
     "state": "NY",
     "country": "US"
    },
    "staffing_model": "volunteer",
    "operating_hours": "on_call",
    "units": [],
    "game": {
     "building_types": [
      "Small Fire Station"
     ],
     "recommended": false,
     "notes": "Volunteer house — a small station is the closer match to the real staffing."
    },
    "sources": [
     {
      "title": "New York State Fire — Erie County fire & EMS department directory",
      "url": "https://www.newyorkstatefire.com/Erie.htm",
      "retrieved": "2026-08-17"
     },
     {
      "title": "OpenStreetMap — geocoded station address (Nominatim)",
      "url": "https://www.openstreetmap.org/node/8457972025",
      "retrieved": "2026-08-17"
     }
    ],
    "confidence": "medium",
    "last_verified": "2026-08-17"
   }
  },
  {
   "type": "Feature",
   "geometry": {
    "type": "Point",
    "coordinates": [
     -78.88366,
     42.75838
    ]
   },
   "properties": {
    "id": "lake-shore-vol-fire-company",
    "name": "Lake Shore Volunteer Fire Company",
    "category": "fire",
    "subtype": "volunteer",
    "subregion_id": "hamburg-town",
    "status": "active",
    "agency": {
     "name": "Lake Shore Volunteer Fire Company",
     "type": "fire_department",
     "level": "municipal",
     "parent": null
    },
    "address": {
     "street": "4591 Lake Shore Road",
     "city": "Hamburg",
     "county": "Erie",
     "state": "NY",
     "country": "US"
    },
    "staffing_model": "volunteer",
    "operating_hours": "on_call",
    "units": [],
    "game": {
     "building_types": [
      "Small Fire Station"
     ],
     "recommended": false,
     "notes": "Volunteer house — a small station is the closer match to the real staffing."
    },
    "sources": [
     {
      "title": "New York State Fire — Erie County fire & EMS department directory",
      "url": "https://www.newyorkstatefire.com/Erie.htm",
      "retrieved": "2026-08-17"
     },
     {
      "title": "OpenStreetMap — Lake Shore Volunteer Fire Department",
      "url": "https://www.openstreetmap.org/way/564170259",
      "retrieved": "2026-08-17"
     }
    ],
    "confidence": "medium",
    "last_verified": "2026-08-17"
   }
  },
  {
   "type": "Feature",
   "geometry": {
    "type": "Point",
    "coordinates": [
     -78.93651,
     42.71087
    ]
   },
   "properties": {
    "id": "lake-view-vol-fire-dept",
    "name": "Lake View Volunteer Fire Department",
    "category": "fire",
    "subtype": "volunteer",
    "subregion_id": "hamburg-town",
    "status": "active",
    "agency": {
     "name": "Lake View Volunteer Fire Department",
     "type": "fire_department",
     "level": "municipal",
     "parent": null
    },
    "address": {
     "street": "2005 Lake View Road",
     "city": "Hamburg",
     "county": "Erie",
     "state": "NY",
     "country": "US"
    },
    "staffing_model": "volunteer",
    "operating_hours": "on_call",
    "units": [],
    "game": {
     "building_types": [
      "Small Fire Station"
     ],
     "recommended": false,
     "notes": "Volunteer house — a small station is the closer match to the real staffing."
    },
    "sources": [
     {
      "title": "New York State Fire — Erie County fire & EMS department directory",
      "url": "https://www.newyorkstatefire.com/Erie.htm",
      "retrieved": "2026-08-17"
     },
     {
      "title": "OpenStreetMap — geocoded station address (Nominatim)",
      "url": "https://www.openstreetmap.org/way/226770816",
      "retrieved": "2026-08-17"
     }
    ],
    "confidence": "medium",
    "last_verified": "2026-08-17"
   }
  },
  {
   "type": "Feature",
   "geometry": {
    "type": "Point",
    "coordinates": [
     -78.67027,
     42.90007
    ]
   },
   "properties": {
    "id": "lancaster-vol-fire-dept",
    "name": "Lancaster Volunteer Fire Department",
    "category": "fire",
    "subtype": "volunteer",
    "subregion_id": "lancaster-village",
    "status": "active",
    "agency": {
     "name": "Lancaster Volunteer Fire Department",
     "type": "fire_department",
     "level": "municipal",
     "parent": null
    },
    "address": {
     "street": "5423 Broadway",
     "city": "Lancaster",
     "county": "Erie",
     "state": "NY",
     "country": "US"
    },
    "staffing_model": "volunteer",
    "operating_hours": "on_call",
    "units": [],
    "game": {
     "building_types": [
      "Small Fire Station"
     ],
     "recommended": false,
     "notes": "Volunteer house — a small station is the closer match to the real staffing."
    },
    "sources": [
     {
      "title": "New York State Fire — Erie County fire & EMS department directory",
      "url": "https://www.newyorkstatefire.com/Erie.htm",
      "retrieved": "2026-08-17"
     },
     {
      "title": "OpenStreetMap — Lancaster Fire Dept Station 1",
      "url": "https://www.openstreetmap.org/way/97024602",
      "retrieved": "2026-08-17"
     }
    ],
    "confidence": "medium",
    "last_verified": "2026-08-17"
   }
  },
  {
   "type": "Feature",
   "geometry": {
    "type": "Point",
    "coordinates": [
     -78.8398,
     42.587
    ]
   },
   "properties": {
    "id": "langford-new-oregon-vol-fire-company",
    "name": "Langford - New Oregon Volunteer Fire Company",
    "category": "fire",
    "subtype": "volunteer",
    "subregion_id": "north-collins-town",
    "status": "active",
    "agency": {
     "name": "Langford - New Oregon Volunteer Fire Company",
     "type": "fire_department",
     "level": "municipal",
     "parent": null
    },
    "address": {
     "street": "3901 Langford Road",
     "city": "North Collins",
     "county": "Erie",
     "state": "NY",
     "country": "US"
    },
    "staffing_model": "volunteer",
    "operating_hours": "on_call",
    "units": [],
    "game": {
     "building_types": [
      "Small Fire Station"
     ],
     "recommended": false,
     "notes": "Volunteer house — a small station is the closer match to the real staffing."
    },
    "sources": [
     {
      "title": "New York State Fire — Erie County fire & EMS department directory",
      "url": "https://www.newyorkstatefire.com/Erie.htm",
      "retrieved": "2026-08-17"
     },
     {
      "title": "OpenStreetMap — geocoded station address (Nominatim)",
      "url": "https://www.openstreetmap.org/way/832794660",
      "retrieved": "2026-08-17"
     }
    ],
    "confidence": "medium",
    "last_verified": "2026-08-17"
   }
  },
  {
   "type": "Feature",
   "geometry": {
    "type": "Point",
    "coordinates": [
     -78.70181,
     42.96495
    ]
   },
   "properties": {
    "id": "main-transit-fire-dept",
    "name": "Main-Transit Fire Department",
    "category": "fire",
    "subregion_id": "amherst",
    "status": "active",
    "agency": {
     "name": "Main-Transit Fire Department",
     "type": "fire_department",
     "level": "municipal",
     "parent": null
    },
    "address": {
     "street": "6777 Main Street",
     "city": "Williamsville",
     "county": "Erie",
     "state": "NY",
     "country": "US"
    },
    "staffing_model": "unknown",
    "operating_hours": "unknown",
    "units": [],
    "game": {
     "building_types": [
      "Fire Station"
     ],
     "recommended": false
    },
    "sources": [
     {
      "title": "New York State Fire — Erie County fire & EMS department directory",
      "url": "https://www.newyorkstatefire.com/Erie.htm",
      "retrieved": "2026-08-17"
     },
     {
      "title": "OpenStreetMap — Main Transit Fire Department",
      "url": "https://www.openstreetmap.org/way/1078915491",
      "retrieved": "2026-08-17"
     }
    ],
    "confidence": "medium",
    "last_verified": "2026-08-17"
   }
  },
  {
   "type": "Feature",
   "geometry": {
    "type": "Point",
    "coordinates": [
     -78.55564,
     42.83673
    ]
   },
   "properties": {
    "id": "marilla-vol-fire-company",
    "name": "Marilla Volunteer Fire Company",
    "category": "fire",
    "subtype": "volunteer",
    "subregion_id": "marilla",
    "status": "active",
    "agency": {
     "name": "Marilla Volunteer Fire Company",
     "type": "fire_department",
     "level": "municipal",
     "parent": null
    },
    "address": {
     "street": "1950 West AVE",
     "city": "Marilla",
     "county": "Erie",
     "state": "NY",
     "country": "US"
    },
    "staffing_model": "volunteer",
    "operating_hours": "on_call",
    "units": [],
    "game": {
     "building_types": [
      "Small Fire Station"
     ],
     "recommended": false,
     "notes": "Volunteer house — a small station is the closer match to the real staffing."
    },
    "sources": [
     {
      "title": "New York State Fire — Erie County fire & EMS department directory",
      "url": "https://www.newyorkstatefire.com/Erie.htm",
      "retrieved": "2026-08-17"
     },
     {
      "title": "OpenStreetMap — geocoded station address (Nominatim)",
      "url": "https://www.openstreetmap.org/node/8457975188",
      "retrieved": "2026-08-17"
     }
    ],
    "confidence": "medium",
    "last_verified": "2026-08-17"
   }
  },
  {
   "type": "Feature",
   "geometry": {
    "type": "Point",
    "coordinates": [
     -78.5546,
     42.94307
    ]
   },
   "properties": {
    "id": "millgrove-vol-fire-dept",
    "name": "Millgrove Volunteer Fire Department",
    "category": "fire",
    "subtype": "volunteer",
    "subregion_id": "alden-town",
    "status": "active",
    "agency": {
     "name": "Millgrove Volunteer Fire Department",
     "type": "fire_department",
     "level": "municipal",
     "parent": null
    },
    "address": {
     "street": "11621 Genesee Street",
     "city": "Alden",
     "county": "Erie",
     "state": "NY",
     "country": "US"
    },
    "staffing_model": "volunteer",
    "operating_hours": "on_call",
    "units": [],
    "game": {
     "building_types": [
      "Small Fire Station"
     ],
     "recommended": false,
     "notes": "Volunteer house — a small station is the closer match to the real staffing."
    },
    "sources": [
     {
      "title": "New York State Fire — Erie County fire & EMS department directory",
      "url": "https://www.newyorkstatefire.com/Erie.htm",
      "retrieved": "2026-08-17"
     },
     {
      "title": "OpenStreetMap — Millgrove Volunteer Fire Department",
      "url": "https://www.openstreetmap.org/way/1153884293",
      "retrieved": "2026-08-17"
     }
    ],
    "confidence": "medium",
    "last_verified": "2026-08-17"
   }
  },
  {
   "type": "Feature",
   "geometry": {
    "type": "Point",
    "coordinates": [
     -78.7647,
     42.51487
    ]
   },
   "properties": {
    "id": "mortons-corners-fire-dept",
    "name": "Mortons Corners Fire Department",
    "category": "fire",
    "subregion_id": "concord",
    "status": "active",
    "agency": {
     "name": "Mortons Corners Fire Department",
     "type": "fire_department",
     "level": "municipal",
     "parent": null
    },
    "address": {
     "street": "Mortons Corners Road",
     "city": "Springville",
     "county": "Erie",
     "state": "NY",
     "country": "US"
    },
    "staffing_model": "unknown",
    "operating_hours": "unknown",
    "units": [],
    "game": {
     "building_types": [
      "Fire Station"
     ],
     "recommended": false
    },
    "sources": [
     {
      "title": "New York State Fire — Erie County fire & EMS department directory",
      "url": "https://www.newyorkstatefire.com/Erie.htm",
      "retrieved": "2026-08-17"
     },
     {
      "title": "OpenStreetMap — geocoded station address (Nominatim)",
      "url": "https://www.openstreetmap.org/way/832762321",
      "retrieved": "2026-08-17"
     }
    ],
    "confidence": "medium",
    "last_verified": "2026-08-17"
   }
  },
  {
   "type": "Feature",
   "geometry": {
    "type": "Point",
    "coordinates": [
     -78.79373,
     42.79147
    ]
   },
   "properties": {
    "id": "newton-abbott-vol-fire-company",
    "name": "Newton Abbott Volunteer Fire Company",
    "category": "fire",
    "subtype": "volunteer",
    "subregion_id": "hamburg-town",
    "status": "active",
    "agency": {
     "name": "Newton Abbott Volunteer Fire Company",
     "type": "fire_department",
     "level": "municipal",
     "parent": null
    },
    "address": {
     "street": "3426 Abbott Road",
     "city": "Blasdell",
     "county": "Erie",
     "state": "NY",
     "country": "US"
    },
    "staffing_model": "volunteer",
    "operating_hours": "on_call",
    "units": [],
    "game": {
     "building_types": [
      "Small Fire Station"
     ],
     "recommended": false,
     "notes": "Volunteer house — a small station is the closer match to the real staffing."
    },
    "sources": [
     {
      "title": "New York State Fire — Erie County fire & EMS department directory",
      "url": "https://www.newyorkstatefire.com/Erie.htm",
      "retrieved": "2026-08-17"
     },
     {
      "title": "OpenStreetMap — Newton Abbott Fire Company",
      "url": "https://www.openstreetmap.org/way/1408921712",
      "retrieved": "2026-08-17"
     }
    ],
    "confidence": "medium",
    "last_verified": "2026-08-17"
   }
  },
  {
   "type": "Feature",
   "geometry": {
    "type": "Point",
    "coordinates": [
     -78.76929,
     43.06888
    ]
   },
   "properties": {
    "id": "north-amherst-vol-fire-company",
    "name": "North Amherst Volunteer Fire Company",
    "category": "fire",
    "subtype": "volunteer",
    "subregion_id": "amherst",
    "status": "active",
    "agency": {
     "name": "North Amherst Volunteer Fire Company",
     "type": "fire_department",
     "level": "municipal",
     "parent": null
    },
    "address": {
     "street": "2200 Tonawanda Creek Road",
     "city": "Amherst",
     "county": "Erie",
     "state": "NY",
     "country": "US"
    },
    "staffing_model": "volunteer",
    "operating_hours": "on_call",
    "units": [],
    "game": {
     "building_types": [
      "Small Fire Station"
     ],
     "recommended": false,
     "notes": "Volunteer house — a small station is the closer match to the real staffing."
    },
    "sources": [
     {
      "title": "New York State Fire — Erie County fire & EMS department directory",
      "url": "https://www.newyorkstatefire.com/Erie.htm",
      "retrieved": "2026-08-17"
     },
     {
      "title": "OpenStreetMap — North Amherst Fire Co.",
      "url": "https://www.openstreetmap.org/way/999875386",
      "retrieved": "2026-08-17"
     }
    ],
    "confidence": "medium",
    "last_verified": "2026-08-17"
   }
  },
  {
   "type": "Feature",
   "geometry": {
    "type": "Point",
    "coordinates": [
     -78.80633,
     42.98922
    ]
   },
   "properties": {
    "id": "north-bailey-fire-company",
    "name": "North Bailey Fire Company",
    "category": "fire",
    "subregion_id": "amherst",
    "status": "active",
    "agency": {
     "name": "North Bailey Fire Company",
     "type": "fire_department",
     "level": "municipal",
     "parent": null
    },
    "address": {
     "street": "966 Sweet Home Road",
     "city": "Amherst",
     "county": "Erie",
     "state": "NY",
     "country": "US"
    },
    "staffing_model": "unknown",
    "operating_hours": "unknown",
    "units": [],
    "game": {
     "building_types": [
      "Fire Station"
     ],
     "recommended": false
    },
    "sources": [
     {
      "title": "New York State Fire — Erie County fire & EMS department directory",
      "url": "https://www.newyorkstatefire.com/Erie.htm",
      "retrieved": "2026-08-17"
     },
     {
      "title": "OpenStreetMap — geocoded station address (Nominatim)",
      "url": "https://www.openstreetmap.org/node/8454615647",
      "retrieved": "2026-08-17"
     }
    ],
    "confidence": "medium",
    "last_verified": "2026-08-17"
   }
  },
  {
   "type": "Feature",
   "geometry": {
    "type": "Point",
    "coordinates": [
     -78.93315,
     42.53905
    ]
   },
   "properties": {
    "id": "north-collins-vol-fire-dept",
    "name": "North Collins Volunteer Fire Department",
    "category": "fire",
    "subtype": "volunteer",
    "subregion_id": "north-collins-town",
    "status": "active",
    "agency": {
     "name": "North Collins Volunteer Fire Department",
     "type": "fire_department",
     "level": "municipal",
     "parent": null
    },
    "address": {
     "street": "10543 Main Street",
     "city": "North Collins",
     "county": "Erie",
     "state": "NY",
     "country": "US"
    },
    "staffing_model": "volunteer",
    "operating_hours": "on_call",
    "units": [],
    "game": {
     "building_types": [
      "Small Fire Station"
     ],
     "recommended": false,
     "notes": "Volunteer house — a small station is the closer match to the real staffing."
    },
    "sources": [
     {
      "title": "New York State Fire — Erie County fire & EMS department directory",
      "url": "https://www.newyorkstatefire.com/Erie.htm",
      "retrieved": "2026-08-17"
     },
     {
      "title": "OpenStreetMap — geocoded station address (Nominatim)",
      "url": "https://www.openstreetmap.org/way/12311663",
      "retrieved": "2026-08-17"
     }
    ],
    "confidence": "medium",
    "last_verified": "2026-08-17"
   }
  },
  {
   "type": "Feature",
   "geometry": {
    "type": "Point",
    "coordinates": [
     -78.9406,
     42.69952
    ]
   },
   "properties": {
    "id": "north-evans-fire-company",
    "name": "North Evans Fire Company",
    "category": "fire",
    "subregion_id": "evans",
    "status": "active",
    "agency": {
     "name": "North Evans Fire Company",
     "type": "fire_department",
     "level": "municipal",
     "parent": null
    },
    "address": {
     "street": "6900 Versailles Road",
     "city": "North Evans",
     "county": "Erie",
     "state": "NY",
     "country": "US"
    },
    "staffing_model": "unknown",
    "operating_hours": "unknown",
    "units": [],
    "game": {
     "building_types": [
      "Fire Station"
     ],
     "recommended": false
    },
    "sources": [
     {
      "title": "New York State Fire — Erie County fire & EMS department directory",
      "url": "https://www.newyorkstatefire.com/Erie.htm",
      "retrieved": "2026-08-17"
     },
     {
      "title": "OpenStreetMap — geocoded station address (Nominatim)",
      "url": "https://www.openstreetmap.org/way/12308822",
      "retrieved": "2026-08-17"
     }
    ],
    "confidence": "medium",
    "last_verified": "2026-08-17"
   }
  },
  {
   "type": "Feature",
   "geometry": {
    "type": "Point",
    "coordinates": [
     -78.74502,
     42.76553
    ]
   },
   "properties": {
    "id": "orchard-park-fire-district",
    "name": "Orchard Park Fire District",
    "category": "fire",
    "subregion_id": "orchard-park-village",
    "status": "active",
    "agency": {
     "name": "Orchard Park Fire District",
     "type": "fire_department",
     "level": "district",
     "parent": null
    },
    "address": {
     "street": "30 School Street",
     "city": "Orchard Park",
     "county": "Erie",
     "state": "NY",
     "country": "US"
    },
    "staffing_model": "unknown",
    "operating_hours": "unknown",
    "units": [],
    "game": {
     "building_types": [
      "Fire Station"
     ],
     "recommended": false
    },
    "sources": [
     {
      "title": "New York State Fire — Erie County fire & EMS department directory",
      "url": "https://www.newyorkstatefire.com/Erie.htm",
      "retrieved": "2026-08-17"
     },
     {
      "title": "OpenStreetMap — geocoded station address (Nominatim)",
      "url": "https://www.openstreetmap.org/way/567230288",
      "retrieved": "2026-08-17"
     }
    ],
    "confidence": "medium",
    "last_verified": "2026-08-17"
   }
  },
  {
   "type": "Feature",
   "geometry": {
    "type": "Point",
    "coordinates": [
     -78.74728,
     42.65752
    ]
   },
   "properties": {
    "id": "patchin-fire-company",
    "name": "Patchin Fire Company",
    "category": "fire",
    "subregion_id": "boston",
    "status": "active",
    "agency": {
     "name": "Patchin Fire Company",
     "type": "fire_department",
     "level": "municipal",
     "parent": null
    },
    "address": {
     "street": "8333 Boston State Road",
     "city": "Boston",
     "county": "Erie",
     "state": "NY",
     "country": "US"
    },
    "staffing_model": "unknown",
    "operating_hours": "unknown",
    "units": [],
    "game": {
     "building_types": [
      "Fire Station"
     ],
     "recommended": false
    },
    "sources": [
     {
      "title": "New York State Fire — Erie County fire & EMS department directory",
      "url": "https://www.newyorkstatefire.com/Erie.htm",
      "retrieved": "2026-08-17"
     },
     {
      "title": "OpenStreetMap — geocoded station address (Nominatim)",
      "url": "https://www.openstreetmap.org/node/8457979142",
      "retrieved": "2026-08-17"
     }
    ],
    "confidence": "medium",
    "last_verified": "2026-08-17"
   }
  },
  {
   "type": "Feature",
   "geometry": {
    "type": "Point",
    "coordinates": [
     -78.87033,
     42.88956
    ]
   },
   "properties": {
    "id": "pine-hill-fire-dept",
    "name": "Pine Hill Fire Department",
    "category": "fire",
    "subregion_id": "buffalo",
    "status": "active",
    "agency": {
     "name": "Pine Hill Fire Department",
     "type": "fire_department",
     "level": "municipal",
     "parent": null
    },
    "address": {
     "street": "2435 Genesee Street",
     "city": "Buffalo",
     "county": "Erie",
     "state": "NY",
     "country": "US"
    },
    "staffing_model": "unknown",
    "operating_hours": "unknown",
    "units": [],
    "game": {
     "building_types": [
      "Fire Station"
     ],
     "recommended": false
    },
    "sources": [
     {
      "title": "New York State Fire — Erie County fire & EMS department directory",
      "url": "https://www.newyorkstatefire.com/Erie.htm",
      "retrieved": "2026-08-17"
     },
     {
      "title": "OpenStreetMap — geocoded station address (Nominatim)",
      "url": "https://www.openstreetmap.org/way/1377340224",
      "retrieved": "2026-08-17"
     }
    ],
    "confidence": "medium",
    "last_verified": "2026-08-17"
   }
  },
  {
   "type": "Feature",
   "geometry": {
    "type": "Point",
    "coordinates": [
     -78.79671,
     42.90764
    ]
   },
   "properties": {
    "id": "rescue-hose-co-1",
    "name": "Rescue Hose Co #1",
    "category": "fire",
    "subtype": "volunteer",
    "subregion_id": "cheektowaga",
    "status": "active",
    "agency": {
     "name": "Rescue Hose Co #1",
     "type": "fire_department",
     "level": "municipal",
     "parent": null
    },
    "address": {
     "street": "20 Pine Ridge Road",
     "city": "Cheektowaga",
     "county": "Erie",
     "state": "NY",
     "country": "US"
    },
    "staffing_model": "volunteer",
    "operating_hours": "on_call",
    "units": [
     {
      "type": "engine",
      "count": 2,
      "attributes": {
       "note": "twin pumpers"
      }
     },
     {
      "type": "ladder",
      "count": 1
     },
     {
      "type": "rescue",
      "count": 1,
      "attributes": {
       "note": "heavy rescue"
      }
     },
     {
      "type": "rescue",
      "count": 1,
      "attributes": {
       "note": "light rescue"
      }
     },
     {
      "type": "battalion",
      "count": 3,
      "attributes": {
       "note": "chief's trucks"
      }
     }
    ],
    "game": {
     "building_types": [
      "Small Fire Station"
     ],
     "recommended": true,
     "notes": "Volunteer house — a small station is the closer match to the real staffing."
    },
    "significance": "Volunteer company running a ladder, twin pumpers and both a light and a heavy rescue out of one Cheektowaga house.",
    "sources": [
     {
      "title": "New York State Fire — Erie County fire & EMS department directory",
      "url": "https://www.newyorkstatefire.com/Erie.htm",
      "retrieved": "2026-08-17"
     },
     {
      "title": "OpenStreetMap — geocoded station address (Nominatim)",
      "url": "https://www.openstreetmap.org/node/8457842747",
      "retrieved": "2026-08-17"
     },
     {
      "title": "Rescue Volunteer Hose Company No. 1 — About",
      "url": "https://rescuehose1.com/about/",
      "retrieved": "2026-08-17"
     }
    ],
    "confidence": "medium",
    "last_verified": "2026-08-17"
   }
  },
  {
   "type": "Feature",
   "geometry": {
    "type": "Point",
    "coordinates": [
     -78.76365,
     42.80974
    ]
   },
   "properties": {
    "id": "reserve-vol-hose-company",
    "name": "Reserve Volunteer Hose Company",
    "category": "fire",
    "subtype": "volunteer",
    "subregion_id": "west-seneca",
    "status": "active",
    "agency": {
     "name": "Reserve Volunteer Hose Company",
     "type": "fire_department",
     "level": "municipal",
     "parent": null
    },
    "address": {
     "street": "2400 Berg Road",
     "city": "West Seneca",
     "county": "Erie",
     "state": "NY",
     "country": "US"
    },
    "staffing_model": "volunteer",
    "operating_hours": "on_call",
    "units": [],
    "game": {
     "building_types": [
      "Small Fire Station"
     ],
     "recommended": false,
     "notes": "Volunteer house — a small station is the closer match to the real staffing."
    },
    "sources": [
     {
      "title": "New York State Fire — Erie County fire & EMS department directory",
      "url": "https://www.newyorkstatefire.com/Erie.htm",
      "retrieved": "2026-08-17"
     },
     {
      "title": "OpenStreetMap — Reserve Hose Co District #3 Station 1",
      "url": "https://www.openstreetmap.org/way/1163022887",
      "retrieved": "2026-08-17"
     }
    ],
    "confidence": "medium",
    "last_verified": "2026-08-17"
   }
  },
  {
   "type": "Feature",
   "geometry": {
    "type": "Point",
    "coordinates": [
     -78.92861,
     42.97401
    ]
   },
   "properties": {
    "id": "river-road-vol-fire-company",
    "name": "River Road Volunteer Fire Company",
    "category": "fire",
    "subtype": "volunteer",
    "subregion_id": "tonawanda-town",
    "status": "active",
    "agency": {
     "name": "River Road Volunteer Fire Company",
     "type": "fire_department",
     "level": "municipal",
     "parent": null
    },
    "address": {
     "street": "39 Kaufman AVE",
     "city": "Tonawanda",
     "county": "Erie",
     "state": "NY",
     "country": "US"
    },
    "staffing_model": "volunteer",
    "operating_hours": "on_call",
    "units": [],
    "game": {
     "building_types": [
      "Small Fire Station"
     ],
     "recommended": false,
     "notes": "Volunteer house — a small station is the closer match to the real staffing."
    },
    "sources": [
     {
      "title": "New York State Fire — Erie County fire & EMS department directory",
      "url": "https://www.newyorkstatefire.com/Erie.htm",
      "retrieved": "2026-08-17"
     },
     {
      "title": "OpenStreetMap — River Road Voluteer Fire Station",
      "url": "https://www.openstreetmap.org/node/4731325121",
      "retrieved": "2026-08-17"
     }
    ],
    "confidence": "medium",
    "last_verified": "2026-08-17"
   }
  },
  {
   "type": "Feature",
   "geometry": {
    "type": "Point",
    "coordinates": [
     -78.83182,
     42.73986
    ]
   },
   "properties": {
    "id": "scranton-vol-fire-company",
    "name": "Scranton Volunteer Fire Company",
    "category": "fire",
    "subtype": "volunteer",
    "subregion_id": "hamburg-town",
    "status": "active",
    "agency": {
     "name": "Scranton Volunteer Fire Company",
     "type": "fire_department",
     "level": "municipal",
     "parent": null
    },
    "address": {
     "street": "5395 Scranton Road",
     "city": "Hamburg",
     "county": "Erie",
     "state": "NY",
     "country": "US"
    },
    "staffing_model": "volunteer",
    "operating_hours": "on_call",
    "units": [],
    "game": {
     "building_types": [
      "Small Fire Station"
     ],
     "recommended": false,
     "notes": "Volunteer house — a small station is the closer match to the real staffing."
    },
    "sources": [
     {
      "title": "New York State Fire — Erie County fire & EMS department directory",
      "url": "https://www.newyorkstatefire.com/Erie.htm",
      "retrieved": "2026-08-17"
     },
     {
      "title": "OpenStreetMap — geocoded station address (Nominatim)",
      "url": "https://www.openstreetmap.org/node/8457932812",
      "retrieved": "2026-08-17"
     }
    ],
    "confidence": "medium",
    "last_verified": "2026-08-17"
   }
  },
  {
   "type": "Feature",
   "geometry": {
    "type": "Point",
    "coordinates": [
     -78.78874,
     42.8421
    ]
   },
   "properties": {
    "id": "seneca-hose-fire-company",
    "name": "Seneca Hose Fire Company",
    "category": "fire",
    "subtype": "volunteer",
    "subregion_id": "west-seneca",
    "status": "active",
    "agency": {
     "name": "Seneca Hose Fire Company",
     "type": "fire_department",
     "level": "municipal",
     "parent": null
    },
    "address": {
     "street": "2801 Seneca Street",
     "city": "West Seneca",
     "county": "Erie",
     "state": "NY",
     "country": "US"
    },
    "staffing_model": "volunteer",
    "operating_hours": "on_call",
    "units": [],
    "game": {
     "building_types": [
      "Small Fire Station"
     ],
     "recommended": false,
     "notes": "Volunteer house — a small station is the closer match to the real staffing."
    },
    "sources": [
     {
      "title": "New York State Fire — Erie County fire & EMS department directory",
      "url": "https://www.newyorkstatefire.com/Erie.htm",
      "retrieved": "2026-08-17"
     },
     {
      "title": "OpenStreetMap — Seneca Hose Fire District #5",
      "url": "https://www.openstreetmap.org/way/1163022888",
      "retrieved": "2026-08-17"
     }
    ],
    "confidence": "medium",
    "last_verified": "2026-08-17"
   }
  },
  {
   "type": "Feature",
   "geometry": {
    "type": "Point",
    "coordinates": [
     -78.90523,
     42.97916
    ]
   },
   "properties": {
    "id": "sheridan-park-vol-fire-company",
    "name": "Sheridan Park Volunteer Fire Company",
    "category": "fire",
    "subtype": "volunteer",
    "subregion_id": "tonawanda-town",
    "status": "active",
    "agency": {
     "name": "Sheridan Park Volunteer Fire Company",
     "type": "fire_department",
     "level": "municipal",
     "parent": null
    },
    "address": {
     "street": "738 Sheridan Drive",
     "city": "Tonawanda",
     "county": "Erie",
     "state": "NY",
     "country": "US"
    },
    "staffing_model": "volunteer",
    "operating_hours": "on_call",
    "units": [],
    "game": {
     "building_types": [
      "Small Fire Station"
     ],
     "recommended": false,
     "notes": "Volunteer house — a small station is the closer match to the real staffing."
    },
    "sources": [
     {
      "title": "New York State Fire — Erie County fire & EMS department directory",
      "url": "https://www.newyorkstatefire.com/Erie.htm",
      "retrieved": "2026-08-17"
     },
     {
      "title": "OpenStreetMap — Sheridan Parkside Volunteer Fire Company",
      "url": "https://www.openstreetmap.org/way/196221061",
      "retrieved": "2026-08-17"
     }
    ],
    "confidence": "medium",
    "last_verified": "2026-08-17"
   }
  },
  {
   "type": "Feature",
   "geometry": {
    "type": "Point",
    "coordinates": [
     -78.79298,
     42.89306
    ]
   },
   "properties": {
    "id": "sloan-active-hose-co-1",
    "name": "Sloan Active Hose Co #1",
    "category": "fire",
    "subtype": "volunteer",
    "subregion_id": "sloan-village",
    "status": "active",
    "agency": {
     "name": "Sloan Active Hose Co #1",
     "type": "fire_department",
     "level": "municipal",
     "parent": null
    },
    "address": {
     "street": "55 Gates Street",
     "city": "Sloan",
     "county": "Erie",
     "state": "NY",
     "country": "US"
    },
    "staffing_model": "volunteer",
    "operating_hours": "on_call",
    "units": [],
    "game": {
     "building_types": [
      "Small Fire Station"
     ],
     "recommended": false,
     "notes": "Volunteer house — a small station is the closer match to the real staffing."
    },
    "sources": [
     {
      "title": "New York State Fire — Erie County fire & EMS department directory",
      "url": "https://www.newyorkstatefire.com/Erie.htm",
      "retrieved": "2026-08-17"
     },
     {
      "title": "OpenStreetMap — Sloan Active Hose Company No. 1",
      "url": "https://www.openstreetmap.org/way/213740166",
      "retrieved": "2026-08-17"
     }
    ],
    "confidence": "medium",
    "last_verified": "2026-08-17"
   }
  },
  {
   "type": "Feature",
   "geometry": {
    "type": "Point",
    "coordinates": [
     -78.78251,
     42.96239
    ]
   },
   "properties": {
    "id": "snyder-fire-dept",
    "name": "Snyder Fire Department",
    "category": "fire",
    "subregion_id": "amherst",
    "status": "active",
    "agency": {
     "name": "Snyder Fire Department",
     "type": "fire_department",
     "level": "municipal",
     "parent": null
    },
    "address": {
     "street": "4531 Main Street",
     "city": "Snyder",
     "county": "Erie",
     "state": "NY",
     "country": "US"
    },
    "staffing_model": "unknown",
    "operating_hours": "unknown",
    "units": [],
    "game": {
     "building_types": [
      "Fire Station"
     ],
     "recommended": false
    },
    "sources": [
     {
      "title": "New York State Fire — Erie County fire & EMS department directory",
      "url": "https://www.newyorkstatefire.com/Erie.htm",
      "retrieved": "2026-08-17"
     },
     {
      "title": "OpenStreetMap — Snyder Fire District",
      "url": "https://www.openstreetmap.org/way/859016138",
      "retrieved": "2026-08-17"
     }
    ],
    "confidence": "medium",
    "last_verified": "2026-08-17"
   }
  },
  {
   "type": "Feature",
   "geometry": {
    "type": "Point",
    "coordinates": [
     -78.7135,
     42.86702
    ]
   },
   "properties": {
    "id": "south-line-fire-district",
    "name": "South Line Fire District",
    "category": "fire",
    "subregion_id": "cheektowaga",
    "status": "active",
    "agency": {
     "name": "South Line Fire District",
     "type": "fire_department",
     "level": "district",
     "parent": null
    },
    "address": {
     "street": "1049 French Road",
     "city": "Cheektowaga",
     "county": "Erie",
     "state": "NY",
     "country": "US"
    },
    "staffing_model": "unknown",
    "operating_hours": "unknown",
    "units": [],
    "game": {
     "building_types": [
      "Fire Station"
     ],
     "recommended": false
    },
    "sources": [
     {
      "title": "New York State Fire — Erie County fire & EMS department directory",
      "url": "https://www.newyorkstatefire.com/Erie.htm",
      "retrieved": "2026-08-17"
     },
     {
      "title": "OpenStreetMap — geocoded station address (Nominatim)",
      "url": "https://www.openstreetmap.org/node/8457838178",
      "retrieved": "2026-08-17"
     }
    ],
    "confidence": "medium",
    "last_verified": "2026-08-17"
   }
  },
  {
   "type": "Feature",
   "geometry": {
    "type": "Point",
    "coordinates": [
     -78.57826,
     42.71006
    ]
   },
   "properties": {
    "id": "south-wales-fire-company",
    "name": "South Wales Fire Company",
    "category": "fire",
    "subregion_id": "wales",
    "status": "active",
    "agency": {
     "name": "South Wales Fire Company",
     "type": "fire_department",
     "level": "municipal",
     "parent": null
    },
    "address": {
     "street": "6406 Olean Road",
     "city": "South Wales",
     "county": "Erie",
     "state": "NY",
     "country": "US"
    },
    "staffing_model": "unknown",
    "operating_hours": "unknown",
    "units": [],
    "game": {
     "building_types": [
      "Fire Station"
     ],
     "recommended": false
    },
    "sources": [
     {
      "title": "New York State Fire — Erie County fire & EMS department directory",
      "url": "https://www.newyorkstatefire.com/Erie.htm",
      "retrieved": "2026-08-17"
     },
     {
      "title": "OpenStreetMap — geocoded station address (Nominatim)",
      "url": "https://www.openstreetmap.org/way/832820471",
      "retrieved": "2026-08-17"
     }
    ],
    "confidence": "medium",
    "last_verified": "2026-08-17"
   }
  },
  {
   "type": "Feature",
   "geometry": {
    "type": "Point",
    "coordinates": [
     -78.68055,
     42.82231
    ]
   },
   "properties": {
    "id": "spring-brook-fire-district-1",
    "name": "Spring Brook Fire District # 1",
    "category": "fire",
    "subregion_id": "elma",
    "status": "active",
    "agency": {
     "name": "Spring Brook Fire District # 1",
     "type": "fire_department",
     "level": "district",
     "parent": null
    },
    "address": {
     "street": "70 Pound Road",
     "city": "Spring Brook",
     "county": "Erie",
     "state": "NY",
     "country": "US"
    },
    "staffing_model": "unknown",
    "operating_hours": "unknown",
    "units": [],
    "game": {
     "building_types": [
      "Fire Station"
     ],
     "recommended": false
    },
    "sources": [
     {
      "title": "New York State Fire — Erie County fire & EMS department directory",
      "url": "https://www.newyorkstatefire.com/Erie.htm",
      "retrieved": "2026-08-17"
     },
     {
      "title": "OpenStreetMap — geocoded station address (Nominatim)",
      "url": "https://www.openstreetmap.org/way/12314956",
      "retrieved": "2026-08-17"
     }
    ],
    "confidence": "medium",
    "last_verified": "2026-08-17"
   }
  },
  {
   "type": "Feature",
   "geometry": {
    "type": "Point",
    "coordinates": [
     -78.66388,
     42.50879
    ]
   },
   "properties": {
    "id": "springville-fire-dept",
    "name": "Springville Fire Department",
    "category": "fire",
    "subregion_id": "springville-village",
    "status": "active",
    "agency": {
     "name": "Springville Fire Department",
     "type": "fire_department",
     "level": "municipal",
     "parent": null
    },
    "address": {
     "street": "5 Franklin Street",
     "city": "Springville",
     "county": "Erie",
     "state": "NY",
     "country": "US"
    },
    "staffing_model": "unknown",
    "operating_hours": "unknown",
    "units": [],
    "game": {
     "building_types": [
      "Fire Station"
     ],
     "recommended": false
    },
    "sources": [
     {
      "title": "New York State Fire — Erie County fire & EMS department directory",
      "url": "https://www.newyorkstatefire.com/Erie.htm",
      "retrieved": "2026-08-17"
     },
     {
      "title": "OpenStreetMap — geocoded station address (Nominatim)",
      "url": "https://www.openstreetmap.org/way/12297079",
      "retrieved": "2026-08-17"
     }
    ],
    "confidence": "medium",
    "last_verified": "2026-08-17"
   }
  },
  {
   "type": "Feature",
   "geometry": {
    "type": "Point",
    "coordinates": [
     -78.69609,
     43.03911
    ]
   },
   "properties": {
    "id": "swormville-fire-company",
    "name": "Swormville Fire Company",
    "category": "fire",
    "subregion_id": "clarence",
    "status": "active",
    "agency": {
     "name": "Swormville Fire Company",
     "type": "fire_department",
     "level": "municipal",
     "parent": null
    },
    "address": {
     "street": "6971 Transit Road",
     "city": "East Amherst",
     "county": "Erie",
     "state": "NY",
     "country": "US"
    },
    "staffing_model": "unknown",
    "operating_hours": "unknown",
    "units": [],
    "game": {
     "building_types": [
      "Fire Station"
     ],
     "recommended": false
    },
    "sources": [
     {
      "title": "New York State Fire — Erie County fire & EMS department directory",
      "url": "https://www.newyorkstatefire.com/Erie.htm",
      "retrieved": "2026-08-17"
     },
     {
      "title": "OpenStreetMap — Swormville Fire Company",
      "url": "https://www.openstreetmap.org/way/218021257",
      "retrieved": "2026-08-17"
     }
    ],
    "confidence": "medium",
    "last_verified": "2026-08-17"
   }
  },
  {
   "type": "Feature",
   "geometry": {
    "type": "Point",
    "coordinates": [
     -78.8767,
     43.01763
    ]
   },
   "properties": {
    "id": "tonawanda-fire-dept",
    "name": "Tonawanda Fire Department",
    "category": "fire",
    "subregion_id": "tonawanda",
    "status": "active",
    "agency": {
     "name": "Tonawanda Fire Department",
     "type": "fire_department",
     "level": "municipal",
     "parent": null
    },
    "address": {
     "street": "44 William Street",
     "city": "Tonawanda",
     "county": "Erie",
     "state": "NY",
     "country": "US"
    },
    "staffing_model": "unknown",
    "operating_hours": "unknown",
    "units": [],
    "game": {
     "building_types": [
      "Fire Station"
     ],
     "recommended": false
    },
    "sources": [
     {
      "title": "New York State Fire — Erie County fire & EMS department directory",
      "url": "https://www.newyorkstatefire.com/Erie.htm",
      "retrieved": "2026-08-17"
     },
     {
      "title": "OpenStreetMap — Tonawanda FIre Department Headquarters Station",
      "url": "https://www.openstreetmap.org/way/1433939515",
      "retrieved": "2026-08-17"
     }
    ],
    "confidence": "medium",
    "last_verified": "2026-08-17"
   }
  },
  {
   "type": "Feature",
   "geometry": {
    "type": "Point",
    "coordinates": [
     -78.58045,
     42.89043
    ]
   },
   "properties": {
    "id": "town-line-vol-fire-dept",
    "name": "Town Line Volunteer Fire Department",
    "category": "fire",
    "subtype": "volunteer",
    "subregion_id": "lancaster-town",
    "status": "active",
    "agency": {
     "name": "Town Line Volunteer Fire Department",
     "type": "fire_department",
     "level": "municipal",
     "parent": null
    },
    "address": {
     "street": "6507 Broadway",
     "city": "Lancaster",
     "county": "Erie",
     "state": "NY",
     "country": "US"
    },
    "staffing_model": "volunteer",
    "operating_hours": "on_call",
    "units": [],
    "game": {
     "building_types": [
      "Small Fire Station"
     ],
     "recommended": false,
     "notes": "Volunteer house — a small station is the closer match to the real staffing."
    },
    "sources": [
     {
      "title": "New York State Fire — Erie County fire & EMS department directory",
      "url": "https://www.newyorkstatefire.com/Erie.htm",
      "retrieved": "2026-08-17"
     },
     {
      "title": "OpenStreetMap — Town Line Fire Dept Station 1",
      "url": "https://www.openstreetmap.org/way/1153884286",
      "retrieved": "2026-08-17"
     }
    ],
    "confidence": "medium",
    "last_verified": "2026-08-17"
   }
  },
  {
   "type": "Feature",
   "geometry": {
    "type": "Point",
    "coordinates": [
     -78.67101,
     42.88039
    ]
   },
   "properties": {
    "id": "twin-district-vol-fire-company",
    "name": "Twin District Volunteer Fire Company",
    "category": "fire",
    "subtype": "volunteer",
    "subregion_id": "lancaster-town",
    "status": "active",
    "agency": {
     "name": "Twin District Volunteer Fire Company",
     "type": "fire_department",
     "level": "district",
     "parent": null
    },
    "address": {
     "street": "4999 William Street",
     "city": "Lancaster",
     "county": "Erie",
     "state": "NY",
     "country": "US"
    },
    "staffing_model": "volunteer",
    "operating_hours": "on_call",
    "units": [],
    "game": {
     "building_types": [
      "Small Fire Station"
     ],
     "recommended": false,
     "notes": "Volunteer house — a small station is the closer match to the real staffing."
    },
    "sources": [
     {
      "title": "New York State Fire — Erie County fire & EMS department directory",
      "url": "https://www.newyorkstatefire.com/Erie.htm",
      "retrieved": "2026-08-17"
     },
     {
      "title": "OpenStreetMap — Twin District Volunteer Fire Co",
      "url": "https://www.openstreetmap.org/way/1153884278",
      "retrieved": "2026-08-17"
     }
    ],
    "confidence": "medium",
    "last_verified": "2026-08-17"
   }
  },
  {
   "type": "Feature",
   "geometry": {
    "type": "Point",
    "coordinates": [
     -78.75526,
     42.92325
    ]
   },
   "properties": {
    "id": "u-crest-fire-district-4",
    "name": "U-Crest Fire District #4",
    "category": "fire",
    "subregion_id": "cheektowaga",
    "status": "active",
    "agency": {
     "name": "U-Crest Fire District #4",
     "type": "fire_department",
     "level": "district",
     "parent": null
    },
    "address": {
     "street": "255 Clover Place",
     "city": "Cheektowaga",
     "county": "Erie",
     "state": "NY",
     "country": "US"
    },
    "staffing_model": "unknown",
    "operating_hours": "unknown",
    "units": [],
    "game": {
     "building_types": [
      "Fire Station"
     ],
     "recommended": false
    },
    "sources": [
     {
      "title": "New York State Fire — Erie County fire & EMS department directory",
      "url": "https://www.newyorkstatefire.com/Erie.htm",
      "retrieved": "2026-08-17"
     },
     {
      "title": "OpenStreetMap — U-Crest Fire District No. 4",
      "url": "https://www.openstreetmap.org/way/1022166983",
      "retrieved": "2026-08-17"
     }
    ],
    "confidence": "medium",
    "last_verified": "2026-08-17"
   }
  },
  {
   "type": "Feature",
   "geometry": {
    "type": "Point",
    "coordinates": [
     -78.75434,
     42.85597
    ]
   },
   "properties": {
    "id": "union-fire-company",
    "name": "Union Fire Company",
    "category": "fire",
    "subregion_id": "west-seneca",
    "status": "active",
    "agency": {
     "name": "Union Fire Company",
     "type": "fire_department",
     "level": "municipal",
     "parent": null
    },
    "address": {
     "street": "2055 Union Road",
     "city": "West Seneca",
     "county": "Erie",
     "state": "NY",
     "country": "US"
    },
    "staffing_model": "unknown",
    "operating_hours": "unknown",
    "units": [],
    "game": {
     "building_types": [
      "Fire Station"
     ],
     "recommended": false
    },
    "sources": [
     {
      "title": "New York State Fire — Erie County fire & EMS department directory",
      "url": "https://www.newyorkstatefire.com/Erie.htm",
      "retrieved": "2026-08-17"
     },
     {
      "title": "OpenStreetMap — geocoded station address (Nominatim)",
      "url": "https://www.openstreetmap.org/node/8457865846",
      "retrieved": "2026-08-17"
     }
    ],
    "confidence": "medium",
    "last_verified": "2026-08-17"
   }
  },
  {
   "type": "Feature",
   "geometry": {
    "type": "Point",
    "coordinates": [
     -78.75093,
     42.8343
    ]
   },
   "properties": {
    "id": "vigilant-fire-company-vol-fire-dept",
    "name": "Vigilant Fire Company Volunteer Fire Department",
    "category": "fire",
    "subtype": "volunteer",
    "subregion_id": "west-seneca",
    "status": "active",
    "agency": {
     "name": "Vigilant Fire Company Volunteer Fire Department",
     "type": "fire_department",
     "level": "municipal",
     "parent": null
    },
    "address": {
     "street": "666 Main Street",
     "city": "West Seneca",
     "county": "Erie",
     "state": "NY",
     "country": "US"
    },
    "staffing_model": "volunteer",
    "operating_hours": "on_call",
    "units": [],
    "game": {
     "building_types": [
      "Small Fire Station"
     ],
     "recommended": false,
     "notes": "Volunteer house — a small station is the closer match to the real staffing."
    },
    "sources": [
     {
      "title": "New York State Fire — Erie County fire & EMS department directory",
      "url": "https://www.newyorkstatefire.com/Erie.htm",
      "retrieved": "2026-08-17"
     },
     {
      "title": "OpenStreetMap — Vigilant Fire Co District #6",
      "url": "https://www.openstreetmap.org/way/1163022889",
      "retrieved": "2026-08-17"
     }
    ],
    "confidence": "medium",
    "last_verified": "2026-08-17"
   }
  },
  {
   "type": "Feature",
   "geometry": {
    "type": "Point",
    "coordinates": [
     -78.52906,
     42.76854
    ]
   },
   "properties": {
    "id": "wales-center-vol-fire-company",
    "name": "Wales Center Volunteer Fire Company",
    "category": "fire",
    "subtype": "volunteer",
    "subregion_id": "wales",
    "status": "active",
    "agency": {
     "name": "Wales Center Volunteer Fire Company",
     "type": "fire_department",
     "level": "municipal",
     "parent": null
    },
    "address": {
     "street": "12300 Big Tree Road",
     "city": "Wales Center",
     "county": "Erie",
     "state": "NY",
     "country": "US"
    },
    "staffing_model": "volunteer",
    "operating_hours": "on_call",
    "units": [],
    "game": {
     "building_types": [
      "Small Fire Station"
     ],
     "recommended": false,
     "notes": "Volunteer house — a small station is the closer match to the real staffing."
    },
    "sources": [
     {
      "title": "New York State Fire — Erie County fire & EMS department directory",
      "url": "https://www.newyorkstatefire.com/Erie.htm",
      "retrieved": "2026-08-17"
     },
     {
      "title": "OpenStreetMap — geocoded station address (Nominatim)",
      "url": "https://www.openstreetmap.org/way/832818046",
      "retrieved": "2026-08-17"
     }
    ],
    "confidence": "medium",
    "last_verified": "2026-08-17"
   }
  },
  {
   "type": "Feature",
   "geometry": {
    "type": "Point",
    "coordinates": [
     -78.68155,
     42.70478
    ]
   },
   "properties": {
    "id": "west-falls-vol-fire-company",
    "name": "West Falls Volunteer Fire Company",
    "category": "fire",
    "subtype": "volunteer",
    "subregion_id": "aurora",
    "status": "active",
    "agency": {
     "name": "West Falls Volunteer Fire Company",
     "type": "fire_department",
     "level": "municipal",
     "parent": null
    },
    "address": {
     "street": "1863 Davis Road",
     "city": "West Falls",
     "county": "Erie",
     "state": "NY",
     "country": "US"
    },
    "staffing_model": "volunteer",
    "operating_hours": "on_call",
    "units": [],
    "game": {
     "building_types": [
      "Small Fire Station"
     ],
     "recommended": false,
     "notes": "Volunteer house — a small station is the closer match to the real staffing."
    },
    "sources": [
     {
      "title": "New York State Fire — Erie County fire & EMS department directory",
      "url": "https://www.newyorkstatefire.com/Erie.htm",
      "retrieved": "2026-08-17"
     },
     {
      "title": "OpenStreetMap — geocoded station address (Nominatim)",
      "url": "https://www.openstreetmap.org/node/8457993873",
      "retrieved": "2026-08-17"
     }
    ],
    "confidence": "medium",
    "last_verified": "2026-08-17"
   }
  },
  {
   "type": "Feature",
   "geometry": {
    "type": "Point",
    "coordinates": [
     -78.74576,
     42.96229
    ]
   },
   "properties": {
    "id": "williamsville-fire-dept-hutchinson-hose-co",
    "name": "Williamsville Fire Department (Hutchinson Hose Co)",
    "category": "fire",
    "subtype": "volunteer",
    "subregion_id": "williamsville-village",
    "status": "active",
    "agency": {
     "name": "Williamsville Fire Department (Hutchinson Hose Co)",
     "type": "fire_department",
     "level": "municipal",
     "parent": null
    },
    "address": {
     "street": "5565 Main Street",
     "city": "Williamsville",
     "county": "Erie",
     "state": "NY",
     "country": "US"
    },
    "staffing_model": "volunteer",
    "operating_hours": "on_call",
    "units": [],
    "game": {
     "building_types": [
      "Small Fire Station"
     ],
     "recommended": false,
     "notes": "Volunteer house — a small station is the closer match to the real staffing."
    },
    "sources": [
     {
      "title": "New York State Fire — Erie County fire & EMS department directory",
      "url": "https://www.newyorkstatefire.com/Erie.htm",
      "retrieved": "2026-08-17"
     },
     {
      "title": "OpenStreetMap — geocoded station address (Nominatim)",
      "url": "https://www.openstreetmap.org/way/816218577",
      "retrieved": "2026-08-17"
     }
    ],
    "confidence": "medium",
    "last_verified": "2026-08-17"
   }
  },
  {
   "type": "Feature",
   "geometry": {
    "type": "Point",
    "coordinates": [
     -78.78809,
     42.85664
    ]
   },
   "properties": {
    "id": "winchester-fire-company",
    "name": "Winchester Fire Company",
    "category": "fire",
    "subregion_id": "west-seneca",
    "status": "active",
    "agency": {
     "name": "Winchester Fire Company",
     "type": "fire_department",
     "level": "municipal",
     "parent": null
    },
    "address": {
     "street": "514 Harlem Road",
     "city": "West Seneca",
     "county": "Erie",
     "state": "NY",
     "country": "US"
    },
    "staffing_model": "unknown",
    "operating_hours": "unknown",
    "units": [],
    "game": {
     "building_types": [
      "Fire Station"
     ],
     "recommended": false
    },
    "sources": [
     {
      "title": "New York State Fire — Erie County fire & EMS department directory",
      "url": "https://www.newyorkstatefire.com/Erie.htm",
      "retrieved": "2026-08-17"
     },
     {
      "title": "OpenStreetMap — Winchester Fire District #1",
      "url": "https://www.openstreetmap.org/way/1163022882",
      "retrieved": "2026-08-17"
     }
    ],
    "confidence": "medium",
    "last_verified": "2026-08-17"
   }
  },
  {
   "type": "Feature",
   "geometry": {
    "type": "Point",
    "coordinates": [
     -78.79044,
     42.78175
    ]
   },
   "properties": {
    "id": "windom-fire-company",
    "name": "Windom Fire Company",
    "category": "fire",
    "subregion_id": "orchard-park-town",
    "status": "active",
    "agency": {
     "name": "Windom Fire Company",
     "type": "fire_department",
     "level": "municipal",
     "parent": null
    },
    "address": {
     "street": "3736 Abbott Road",
     "city": "Orchard Park",
     "county": "Erie",
     "state": "NY",
     "country": "US"
    },
    "staffing_model": "unknown",
    "operating_hours": "unknown",
    "units": [],
    "game": {
     "building_types": [
      "Fire Station"
     ],
     "recommended": false
    },
    "sources": [
     {
      "title": "New York State Fire — Erie County fire & EMS department directory",
      "url": "https://www.newyorkstatefire.com/Erie.htm",
      "retrieved": "2026-08-17"
     },
     {
      "title": "OpenStreetMap — geocoded station address (Nominatim)",
      "url": "https://www.openstreetmap.org/way/1395116742",
      "retrieved": "2026-08-17"
     }
    ],
    "confidence": "medium",
    "last_verified": "2026-08-17"
   }
  },
  {
   "type": "Feature",
   "geometry": {
    "type": "Point",
    "coordinates": [
     -78.84615,
     42.79678
    ]
   },
   "properties": {
    "id": "woodlawn-vol-fire-company",
    "name": "Woodlawn Volunteer Fire Company",
    "category": "fire",
    "subtype": "volunteer",
    "subregion_id": "hamburg-town",
    "status": "active",
    "agency": {
     "name": "Woodlawn Volunteer Fire Company",
     "type": "fire_department",
     "level": "municipal",
     "parent": null
    },
    "address": {
     "street": "3281 Lake Shore Road",
     "city": "Blasdell",
     "county": "Erie",
     "state": "NY",
     "country": "US"
    },
    "staffing_model": "volunteer",
    "operating_hours": "on_call",
    "units": [],
    "game": {
     "building_types": [
      "Small Fire Station"
     ],
     "recommended": false,
     "notes": "Volunteer house — a small station is the closer match to the real staffing."
    },
    "sources": [
     {
      "title": "New York State Fire — Erie County fire & EMS department directory",
      "url": "https://www.newyorkstatefire.com/Erie.htm",
      "retrieved": "2026-08-17"
     },
     {
      "title": "OpenStreetMap — Woodlawn Volunteer Fire Department",
      "url": "https://www.openstreetmap.org/way/1409857843",
      "retrieved": "2026-08-17"
     }
    ],
    "confidence": "medium",
    "last_verified": "2026-08-17"
   }
  },
  {
   "type": "Feature",
   "geometry": {
    "type": "Point",
    "coordinates": [
     -78.96483,
     42.98334
    ]
   },
   "properties": {
    "id": "grand-island-fire-station-3",
    "name": "Grand Island Fire Station 3",
    "category": "fire",
    "subregion_id": "grand-island",
    "status": "active",
    "agency": {
     "name": "Grand Island Fire",
     "type": "fire_department",
     "level": "municipal",
     "parent": null
    },
    "address": {
     "city": "Grand Island",
     "county": "Erie",
     "state": "NY",
     "country": "US"
    },
    "staffing_model": "unknown",
    "operating_hours": "unknown",
    "units": [],
    "game": {
     "building_types": [
      "Fire Station"
     ],
     "recommended": false,
     "notes": "Additional station of a department already listed; OSM is the only source for it."
    },
    "sources": [
     {
      "title": "OpenStreetMap — Grand Island Fire Station 3",
      "url": "https://www.openstreetmap.org/node/1120256067",
      "retrieved": "2026-08-17"
     }
    ],
    "confidence": "low",
    "last_verified": "2026-08-17"
   }
  },
  {
   "type": "Feature",
   "geometry": {
    "type": "Point",
    "coordinates": [
     -78.76375,
     43.00693
    ]
   },
   "properties": {
    "id": "getzville-fire-co-station-2",
    "name": "Getzville Fire Co. Station 2",
    "category": "fire",
    "subregion_id": "amherst",
    "status": "active",
    "agency": {
     "name": "Getzville Fire Co.",
     "type": "fire_department",
     "level": "municipal",
     "parent": null
    },
    "address": {
     "city": "Amherst",
     "county": "Erie",
     "state": "NY",
     "country": "US"
    },
    "staffing_model": "unknown",
    "operating_hours": "unknown",
    "units": [],
    "game": {
     "building_types": [
      "Fire Station"
     ],
     "recommended": false,
     "notes": "Additional station of a department already listed; OSM is the only source for it."
    },
    "sources": [
     {
      "title": "OpenStreetMap — Getzville Fire Co. Station 2",
      "url": "https://www.openstreetmap.org/node/1602559106",
      "retrieved": "2026-08-17"
     }
    ],
    "confidence": "low",
    "last_verified": "2026-08-17"
   }
  },
  {
   "type": "Feature",
   "geometry": {
    "type": "Point",
    "coordinates": [
     -78.71759,
     42.99491
    ]
   },
   "properties": {
    "id": "east-amherst-fire-co-station-2",
    "name": "East Amherst Fire Co. Station 2",
    "category": "fire",
    "subregion_id": "amherst",
    "status": "active",
    "agency": {
     "name": "East Amherst Fire Co.",
     "type": "fire_department",
     "level": "municipal",
     "parent": null
    },
    "address": {
     "city": "Amherst",
     "county": "Erie",
     "state": "NY",
     "country": "US"
    },
    "staffing_model": "unknown",
    "operating_hours": "unknown",
    "units": [],
    "game": {
     "building_types": [
      "Fire Station"
     ],
     "recommended": false,
     "notes": "Additional station of a department already listed; OSM is the only source for it."
    },
    "sources": [
     {
      "title": "OpenStreetMap — East Amherst Fire Co. Station 2",
      "url": "https://www.openstreetmap.org/node/1602944813",
      "retrieved": "2026-08-17"
     }
    ],
    "confidence": "low",
    "last_verified": "2026-08-17"
   }
  },
  {
   "type": "Feature",
   "geometry": {
    "type": "Point",
    "coordinates": [
     -78.72705,
     42.97869
    ]
   },
   "properties": {
    "id": "main-transit-fire-co-station-2",
    "name": "Main-Transit Fire Co. Station 2",
    "category": "fire",
    "subregion_id": "amherst",
    "status": "active",
    "agency": {
     "name": "Main-Transit Fire Co.",
     "type": "fire_department",
     "level": "municipal",
     "parent": null
    },
    "address": {
     "city": "Amherst",
     "county": "Erie",
     "state": "NY",
     "country": "US"
    },
    "staffing_model": "unknown",
    "operating_hours": "unknown",
    "units": [],
    "game": {
     "building_types": [
      "Fire Station"
     ],
     "recommended": false,
     "notes": "Additional station of a department already listed; OSM is the only source for it."
    },
    "sources": [
     {
      "title": "OpenStreetMap — Main-Transit Fire Co. Station 2",
      "url": "https://www.openstreetmap.org/node/1602950278",
      "retrieved": "2026-08-17"
     }
    ],
    "confidence": "low",
    "last_verified": "2026-08-17"
   }
  },
  {
   "type": "Feature",
   "geometry": {
    "type": "Point",
    "coordinates": [
     -78.74131,
     42.82001
    ]
   },
   "properties": {
    "id": "reserve-hose-co-district-3-station-2",
    "name": "Reserve Hose Co District #3 Station 2",
    "category": "fire",
    "subtype": "volunteer",
    "subregion_id": "west-seneca",
    "status": "active",
    "agency": {
     "name": "Reserve Hose Co District #3",
     "type": "fire_department",
     "level": "district",
     "parent": null
    },
    "address": {
     "street": "807 East and West Road",
     "city": "Buffalo",
     "county": "Erie",
     "state": "NY",
     "country": "US"
    },
    "staffing_model": "volunteer",
    "operating_hours": "on_call",
    "units": [],
    "game": {
     "building_types": [
      "Small Fire Station"
     ],
     "recommended": false,
     "notes": "Additional station of a department already listed; OSM is the only source for it."
    },
    "sources": [
     {
      "title": "OpenStreetMap — Reserve Hose Co District #3 Station 2",
      "url": "https://www.openstreetmap.org/way/280407676",
      "retrieved": "2026-08-17"
     }
    ],
    "confidence": "low",
    "last_verified": "2026-08-17"
   }
  },
  {
   "type": "Feature",
   "geometry": {
    "type": "Point",
    "coordinates": [
     -78.93836,
     42.72085
    ]
   },
   "properties": {
    "id": "lakeview-volunteer-fire-station-no-2",
    "name": "Lakeview Volunteer Fire Station No. 2",
    "category": "fire",
    "subtype": "volunteer",
    "subregion_id": "hamburg-town",
    "status": "active",
    "agency": {
     "name": "Lakeview Volunteer Fire Station No. 2",
     "type": "fire_department",
     "level": "municipal",
     "parent": null
    },
    "address": {
     "street": "6100 Lake Shore Road",
     "city": "Hamburg",
     "county": "Erie",
     "state": "NY",
     "country": "US"
    },
    "staffing_model": "volunteer",
    "operating_hours": "on_call",
    "units": [],
    "game": {
     "building_types": [
      "Small Fire Station"
     ],
     "recommended": false,
     "notes": "Additional station of a department already listed; OSM is the only source for it."
    },
    "sources": [
     {
      "title": "OpenStreetMap — Lakeview Volunteer Fire Station No. 2",
      "url": "https://www.openstreetmap.org/way/564444294",
      "retrieved": "2026-08-17"
     }
    ],
    "confidence": "low",
    "last_verified": "2026-08-17"
   }
  },
  {
   "type": "Feature",
   "geometry": {
    "type": "Point",
    "coordinates": [
     -78.8927,
     43.01287
    ]
   },
   "properties": {
    "id": "niagara-hose-co-3",
    "name": "Niagara Hose Co. #3",
    "category": "fire",
    "subtype": "volunteer",
    "subregion_id": "tonawanda",
    "status": "active",
    "agency": {
     "name": "Niagara Hose Co. #3",
     "type": "fire_department",
     "level": "municipal",
     "parent": null
    },
    "address": {
     "street": "74 Wheeler Street",
     "city": "Tonawanda",
     "county": "Erie",
     "state": "NY",
     "country": "US"
    },
    "staffing_model": "volunteer",
    "operating_hours": "on_call",
    "units": [],
    "game": {
     "building_types": [
      "Small Fire Station"
     ],
     "recommended": false,
     "notes": "Additional station of a department already listed; OSM is the only source for it."
    },
    "sources": [
     {
      "title": "OpenStreetMap — Niagara Hose Co. #3",
      "url": "https://www.openstreetmap.org/way/807321522",
      "retrieved": "2026-08-17"
     }
    ],
    "confidence": "low",
    "last_verified": "2026-08-17"
   }
  },
  {
   "type": "Feature",
   "geometry": {
    "type": "Point",
    "coordinates": [
     -78.74635,
     42.97803
    ]
   },
   "properties": {
    "id": "hutchinson-hose-co-station-2",
    "name": "Hutchinson Hose Co. Station 2",
    "category": "fire",
    "subtype": "volunteer",
    "subregion_id": "amherst",
    "status": "active",
    "agency": {
     "name": "Hutchinson Hose Co.",
     "type": "fire_department",
     "level": "municipal",
     "parent": null
    },
    "address": {
     "street": "5045 Sheridan Drive",
     "city": "Buffalo",
     "county": "Erie",
     "state": "NY",
     "country": "US"
    },
    "staffing_model": "volunteer",
    "operating_hours": "on_call",
    "units": [],
    "game": {
     "building_types": [
      "Small Fire Station"
     ],
     "recommended": false,
     "notes": "Additional station of a department already listed; OSM is the only source for it."
    },
    "sources": [
     {
      "title": "OpenStreetMap — Hutchinson Hose Co. Station 2",
      "url": "https://www.openstreetmap.org/way/816214637",
      "retrieved": "2026-08-17"
     }
    ],
    "confidence": "low",
    "last_verified": "2026-08-17"
   }
  },
  {
   "type": "Feature",
   "geometry": {
    "type": "Point",
    "coordinates": [
     -78.80022,
     43.04163
    ]
   },
   "properties": {
    "id": "ellicott-creek-volunteer-fire-company-2",
    "name": "Ellicott Creek Volunteer Fire Company #2",
    "category": "fire",
    "subtype": "volunteer",
    "subregion_id": "amherst",
    "status": "active",
    "agency": {
     "name": "Ellicott Creek Volunteer Fire Company #2",
     "type": "fire_department",
     "level": "municipal",
     "parent": null
    },
    "address": {
     "street": "3000 Sweet Home Road",
     "city": "Buffalo",
     "county": "Erie",
     "state": "NY",
     "country": "US"
    },
    "staffing_model": "volunteer",
    "operating_hours": "on_call",
    "units": [],
    "game": {
     "building_types": [
      "Small Fire Station"
     ],
     "recommended": false,
     "notes": "Additional station of a department already listed; OSM is the only source for it."
    },
    "sources": [
     {
      "title": "OpenStreetMap — Ellicott Creek Volunteer Fire Company #2",
      "url": "https://www.openstreetmap.org/way/1133893327",
      "retrieved": "2026-08-17"
     }
    ],
    "confidence": "low",
    "last_verified": "2026-08-17"
   }
  },
  {
   "type": "Feature",
   "geometry": {
    "type": "Point",
    "coordinates": [
     -78.82366,
     42.81859
    ]
   },
   "properties": {
    "id": "lackawanna-fire-dept-station-3",
    "name": "Lackawanna Fire Dept Station #3",
    "category": "fire",
    "subregion_id": "lackawanna",
    "status": "active",
    "agency": {
     "name": "Lackawanna Fire Department",
     "type": "fire_department",
     "level": "municipal",
     "parent": null
    },
    "address": {
     "street": "2990 South Park Avenue",
     "city": "Buffalo",
     "county": "Erie",
     "state": "NY",
     "country": "US"
    },
    "staffing_model": "unknown",
    "operating_hours": "unknown",
    "units": [],
    "game": {
     "building_types": [
      "Fire Station"
     ],
     "recommended": false,
     "notes": "Additional station of a department already listed; OSM is the only source for it."
    },
    "sources": [
     {
      "title": "OpenStreetMap — Lackawanna Fire Dept Station #3",
      "url": "https://www.openstreetmap.org/way/1153884268",
      "retrieved": "2026-08-17"
     }
    ],
    "confidence": "low",
    "last_verified": "2026-08-17"
   }
  },
  {
   "type": "Feature",
   "geometry": {
    "type": "Point",
    "coordinates": [
     -78.84968,
     42.82753
    ]
   },
   "properties": {
    "id": "lackawanna-fire-dept-station-1",
    "name": "Lackawanna Fire Dept Station #1",
    "category": "fire",
    "subregion_id": "lackawanna",
    "status": "active",
    "agency": {
     "name": "Lackawanna Fire Department",
     "type": "fire_department",
     "level": "municipal",
     "parent": null
    },
    "address": {
     "street": "55 Ridge Road",
     "city": "Lackawanna",
     "county": "Erie",
     "state": "NY",
     "country": "US"
    },
    "staffing_model": "unknown",
    "operating_hours": "unknown",
    "units": [],
    "game": {
     "building_types": [
      "Fire Station"
     ],
     "recommended": false,
     "notes": "Additional station of a department already listed; OSM is the only source for it."
    },
    "sources": [
     {
      "title": "OpenStreetMap — Lackawanna Fire Dept Station #1",
      "url": "https://www.openstreetmap.org/way/1153884270",
      "retrieved": "2026-08-17"
     }
    ],
    "confidence": "low",
    "last_verified": "2026-08-17"
   }
  },
  {
   "type": "Feature",
   "geometry": {
    "type": "Point",
    "coordinates": [
     -78.67357,
     42.9106
    ]
   },
   "properties": {
    "id": "lancaster-fire-dept-station-2",
    "name": "Lancaster Fire Dept Station 2",
    "category": "fire",
    "subregion_id": "lancaster-village",
    "status": "active",
    "agency": {
     "name": "Lancaster Fire Department",
     "type": "fire_department",
     "level": "municipal",
     "parent": null
    },
    "address": {
     "street": "24 West Drullard Avenue",
     "city": "Lancaster",
     "county": "Erie",
     "state": "NY",
     "country": "US"
    },
    "staffing_model": "unknown",
    "operating_hours": "unknown",
    "units": [],
    "game": {
     "building_types": [
      "Fire Station"
     ],
     "recommended": false,
     "notes": "Additional station of a department already listed; OSM is the only source for it."
    },
    "sources": [
     {
      "title": "OpenStreetMap — Lancaster Fire Dept Station 2",
      "url": "https://www.openstreetmap.org/way/1153884274",
      "retrieved": "2026-08-17"
     }
    ],
    "confidence": "low",
    "last_verified": "2026-08-17"
   }
  },
  {
   "type": "Feature",
   "geometry": {
    "type": "Point",
    "coordinates": [
     -78.63761,
     42.90015
    ]
   },
   "properties": {
    "id": "town-line-fire-dept-station-2",
    "name": "Town Line Fire Dept Station 2",
    "category": "fire",
    "subregion_id": "lancaster-town",
    "status": "active",
    "agency": {
     "name": "Town Line Fire Department",
     "type": "fire_department",
     "level": "municipal",
     "parent": null
    },
    "address": {
     "street": "63 Cemetery Road",
     "city": "Lancaster",
     "county": "Erie",
     "state": "NY",
     "country": "US"
    },
    "staffing_model": "unknown",
    "operating_hours": "unknown",
    "units": [],
    "game": {
     "building_types": [
      "Fire Station"
     ],
     "recommended": false,
     "notes": "Additional station of a department already listed; OSM is the only source for it."
    },
    "sources": [
     {
      "title": "OpenStreetMap — Town Line Fire Dept Station 2",
      "url": "https://www.openstreetmap.org/way/1153884291",
      "retrieved": "2026-08-17"
     }
    ],
    "confidence": "low",
    "last_verified": "2026-08-17"
   }
  },
  {
   "type": "Feature",
   "geometry": {
    "type": "Point",
    "coordinates": [
     -78.75391,
     42.8505
    ]
   },
   "properties": {
    "id": "union-fire-co-district-2",
    "name": "Union Fire Co District #2",
    "category": "fire",
    "subregion_id": "west-seneca",
    "status": "active",
    "agency": {
     "name": "Union Fire Co District #2",
     "type": "fire_department",
     "level": "district",
     "parent": null
    },
    "address": {
     "street": "1845 Union Road",
     "city": "West Seneca",
     "county": "Erie",
     "state": "NY",
     "country": "US"
    },
    "staffing_model": "unknown",
    "operating_hours": "unknown",
    "units": [],
    "game": {
     "building_types": [
      "Fire Station"
     ],
     "recommended": false,
     "notes": "Additional station of a department already listed; OSM is the only source for it."
    },
    "sources": [
     {
      "title": "OpenStreetMap — Union Fire Co District #2",
      "url": "https://www.openstreetmap.org/way/1163022885",
      "retrieved": "2026-08-17"
     }
    ],
    "confidence": "low",
    "last_verified": "2026-08-17"
   }
  },
  {
   "type": "Feature",
   "geometry": {
    "type": "Point",
    "coordinates": [
     -78.74629,
     42.91402
    ]
   },
   "properties": {
    "id": "forks-fire-department-substation",
    "name": "Forks Fire Department Substation",
    "category": "fire",
    "subregion_id": "cheektowaga",
    "status": "active",
    "agency": {
     "name": "Forks Fire Department Substation",
     "type": "fire_department",
     "level": "municipal",
     "parent": null
    },
    "address": {
     "street": "222 Nagel Drive",
     "city": "Buffalo",
     "county": "Erie",
     "state": "NY",
     "country": "US"
    },
    "staffing_model": "unknown",
    "operating_hours": "unknown",
    "units": [],
    "game": {
     "building_types": [
      "Fire Station"
     ],
     "recommended": false,
     "notes": "Additional station of a department already listed; OSM is the only source for it."
    },
    "sources": [
     {
      "title": "OpenStreetMap — Forks Fire Department Substation",
      "url": "https://www.openstreetmap.org/way/1196520505",
      "retrieved": "2026-08-17"
     }
    ],
    "confidence": "low",
    "last_verified": "2026-08-17"
   }
  },
  {
   "type": "Feature",
   "geometry": {
    "type": "Point",
    "coordinates": [
     -78.79294,
     42.91974
    ]
   },
   "properties": {
    "id": "pine-hill-hose-5",
    "name": "Pine Hill Hose #5",
    "category": "fire",
    "subtype": "volunteer",
    "subregion_id": "cheektowaga",
    "status": "active",
    "agency": {
     "name": "Pine Hill Hose #5",
     "type": "fire_department",
     "level": "municipal",
     "parent": null
    },
    "address": {
     "city": "Cheektowaga",
     "county": "Erie",
     "state": "NY",
     "country": "US"
    },
    "staffing_model": "volunteer",
    "operating_hours": "on_call",
    "units": [],
    "game": {
     "building_types": [
      "Small Fire Station"
     ],
     "recommended": false,
     "notes": "Additional station of a department already listed; OSM is the only source for it."
    },
    "sources": [
     {
      "title": "OpenStreetMap — Pine Hill Hose #5",
      "url": "https://www.openstreetmap.org/way/1217662976",
      "retrieved": "2026-08-17"
     }
    ],
    "confidence": "low",
    "last_verified": "2026-08-17"
   }
  },
  {
   "type": "Feature",
   "geometry": {
    "type": "Point",
    "coordinates": [
     -78.94457,
     43.05194
    ]
   },
   "properties": {
    "id": "grand-island-fire-co-station-2",
    "name": "Grand Island Fire Co. Station 2",
    "category": "fire",
    "subregion_id": "grand-island",
    "status": "active",
    "agency": {
     "name": "Grand Island Fire Co.",
     "type": "fire_department",
     "level": "municipal",
     "parent": null
    },
    "address": {
     "street": "3293 Stony Point Road",
     "city": "Grand Island",
     "county": "Erie",
     "state": "NY",
     "country": "US"
    },
    "staffing_model": "unknown",
    "operating_hours": "unknown",
    "units": [],
    "game": {
     "building_types": [
      "Fire Station"
     ],
     "recommended": false,
     "notes": "Additional station of a department already listed; OSM is the only source for it."
    },
    "sources": [
     {
      "title": "OpenStreetMap — Grand Island Fire Co. Station 2",
      "url": "https://www.openstreetmap.org/way/1217885738",
      "retrieved": "2026-08-17"
     }
    ],
    "confidence": "low",
    "last_verified": "2026-08-17"
   }
  },
  {
   "type": "Feature",
   "geometry": {
    "type": "Point",
    "coordinates": [
     -78.60684,
     42.83236
    ]
   },
   "properties": {
    "id": "elma-fire-company-fire-station-2",
    "name": "Elma Fire Company Fire Station 2",
    "category": "fire",
    "subregion_id": "elma",
    "status": "active",
    "agency": {
     "name": "Elma Fire Company Fire",
     "type": "fire_department",
     "level": "municipal",
     "parent": null
    },
    "address": {
     "street": "2070 Girdle Road",
     "city": "Elma",
     "county": "Erie",
     "state": "NY",
     "country": "US"
    },
    "staffing_model": "unknown",
    "operating_hours": "unknown",
    "units": [],
    "game": {
     "building_types": [
      "Fire Station"
     ],
     "recommended": false,
     "notes": "Additional station of a department already listed; OSM is the only source for it."
    },
    "sources": [
     {
      "title": "OpenStreetMap — Elma Fire Company Fire Station 2",
      "url": "https://www.openstreetmap.org/way/1483671655",
      "retrieved": "2026-08-17"
     }
    ],
    "confidence": "low",
    "last_verified": "2026-08-17"
   }
  },
  {
   "type": "Feature",
   "geometry": {
    "type": "Point",
    "coordinates": [
     -78.89589,
     42.65195
    ]
   },
   "properties": {
    "id": "eden-emergency-rescue-squad",
    "name": "Eden Emergency & Rescue Squad",
    "category": "ems",
    "subtype": "volunteer",
    "subregion_id": "eden",
    "status": "active",
    "agency": {
     "name": "Eden Emergency & Rescue Squad",
     "type": "ems_agency",
     "level": "municipal",
     "parent": null
    },
    "address": {
     "street": "2795 West Church Street",
     "city": "Eden",
     "county": "Erie",
     "state": "NY",
     "country": "US"
    },
    "staffing_model": "volunteer",
    "units": [],
    "game": {
     "building_types": [
      "Rescue Station"
     ],
     "recommended": false,
     "notes": "Ambulance station — stock ALS/BLS transports rather than fire apparatus."
    },
    "significance": "Volunteer rescue squad covering the town of Eden.",
    "sources": [
     {
      "title": "OpenStreetMap — Eden Emergency and Rescue Squad",
      "url": "https://www.openstreetmap.org/way/793889761",
      "retrieved": "2026-08-17"
     },
     {
      "title": "New York State Fire — Erie County fire & EMS department directory",
      "url": "https://www.newyorkstatefire.com/Erie.htm",
      "retrieved": "2026-08-17"
     }
    ],
    "confidence": "medium",
    "last_verified": "2026-08-17"
   }
  },
  {
   "type": "Feature",
   "geometry": {
    "type": "Point",
    "coordinates": [
     -78.66989,
     42.91455
    ]
   },
   "properties": {
    "id": "lancaster-volunteer-ambulance-corps",
    "name": "Lancaster Volunteer Ambulance Corps",
    "category": "ems",
    "subtype": "volunteer",
    "subregion_id": "lancaster-village",
    "status": "active",
    "agency": {
     "name": "Lancaster Volunteer Ambulance Corps",
     "type": "ems_agency",
     "level": "municipal",
     "parent": null
    },
    "address": {
     "street": "40 Embry Place",
     "city": "Lancaster",
     "county": "Erie",
     "state": "NY",
     "country": "US"
    },
    "staffing_model": "volunteer",
    "units": [],
    "game": {
     "building_types": [
      "Rescue Station"
     ],
     "recommended": false,
     "notes": "Ambulance station — stock ALS/BLS transports rather than fire apparatus."
    },
    "significance": "Volunteer ambulance corps covering Lancaster, Depew and the surrounding towns.",
    "sources": [
     {
      "title": "OpenStreetMap — Lancaster Ambulance",
      "url": "https://www.openstreetmap.org/way/1245830871",
      "retrieved": "2026-08-17"
     },
     {
      "title": "New York State Fire — Erie County fire & EMS department directory",
      "url": "https://www.newyorkstatefire.com/Erie.htm",
      "retrieved": "2026-08-17"
     }
    ],
    "confidence": "medium",
    "last_verified": "2026-08-17"
   }
  },
  {
   "type": "Feature",
   "geometry": {
    "type": "Point",
    "coordinates": [
     -78.93345,
     42.46353
    ]
   },
   "properties": {
    "id": "gowanda-ambulance-service",
    "name": "Gowanda Ambulance Service",
    "category": "ems",
    "subregion_id": "gowanda-village",
    "status": "active",
    "agency": {
     "name": "Gowanda Ambulance Service",
     "type": "ems_agency",
     "level": "municipal",
     "parent": null
    },
    "address": {
     "street": "10 Mill Street",
     "city": "Gowanda",
     "county": "Erie",
     "state": "NY",
     "country": "US"
    },
    "units": [],
    "game": {
     "building_types": [
      "Rescue Station"
     ],
     "recommended": false,
     "notes": "Ambulance station — stock ALS/BLS transports rather than fire apparatus."
    },
    "sources": [
     {
      "title": "OpenStreetMap — Gowanda Ambulance Service",
      "url": "https://www.openstreetmap.org/way/749314881",
      "retrieved": "2026-08-17"
     }
    ],
    "confidence": "low",
    "last_verified": "2026-08-17"
   }
  },
  {
   "type": "Feature",
   "geometry": {
    "type": "Point",
    "coordinates": [
     -78.65009,
     42.96946
    ]
   },
   "properties": {
    "id": "twin-city-ambulance",
    "name": "Twin City Ambulance",
    "category": "ems",
    "subtype": "private",
    "subregion_id": "clarence",
    "status": "active",
    "agency": {
     "name": "Twin City Ambulance",
     "type": "ems_agency",
     "level": "private",
     "parent": null
    },
    "address": {
     "city": "Amherst",
     "county": "Erie",
     "state": "NY",
     "country": "US"
    },
    "units": [],
    "game": {
     "building_types": [
      "Rescue Station"
     ],
     "recommended": false,
     "notes": "Ambulance station — stock ALS/BLS transports rather than fire apparatus."
    },
    "significance": "Family-owned commercial service running 911 and interfacility work across Erie and Niagara counties.",
    "sources": [
     {
      "title": "OpenStreetMap — Twin City Ambulance",
      "url": "https://www.openstreetmap.org/way/1482381821",
      "retrieved": "2026-08-17"
     }
    ],
    "confidence": "low",
    "last_verified": "2026-08-17"
   }
  },
  {
   "type": "Feature",
   "geometry": {
    "type": "Point",
    "coordinates": [
     -78.93992,
     42.59505
    ]
   },
   "properties": {
    "id": "north-collins-emergency-squad",
    "name": "North Collins Emergency Squad",
    "category": "ems",
    "subtype": "volunteer",
    "subregion_id": "north-collins-village",
    "status": "active",
    "agency": {
     "name": "North Collins Emergency Squad",
     "type": "ems_agency",
     "level": "municipal",
     "parent": null
    },
    "address": {
     "street": "2037 Sherman Avenue",
     "city": "North Collins",
     "county": "Erie",
     "state": "NY",
     "country": "US"
    },
    "staffing_model": "volunteer",
    "units": [],
    "game": {
     "building_types": [
      "Rescue Station"
     ],
     "recommended": false
    },
    "sources": [
     {
      "title": "New York State Fire — Erie County fire & EMS department directory",
      "url": "https://www.newyorkstatefire.com/Erie.htm",
      "retrieved": "2026-08-17"
     },
     {
      "title": "OpenStreetMap — geocoded station address (Nominatim)",
      "url": "https://www.openstreetmap.org/way/12300864",
      "retrieved": "2026-08-17"
     }
    ],
    "confidence": "medium",
    "last_verified": "2026-08-17"
   }
  },
  {
   "type": "Feature",
   "geometry": {
    "type": "Point",
    "coordinates": [
     -78.80465,
     43.0286
    ]
   },
   "properties": {
    "id": "erie-county-ambulance-service",
    "name": "Erie County Ambulance Service",
    "category": "ems",
    "subtype": "third_service",
    "subregion_id": "amherst",
    "status": "active",
    "agency": {
     "name": "Erie County Department of Health — Division of Emergency Medical Services",
     "type": "ems_agency",
     "level": "county",
     "parent": "Erie County"
    },
    "address": {
     "street": "500 Commerce Drive",
     "city": "Amherst",
     "county": "Erie",
     "state": "NY",
     "country": "US"
    },
    "operating_hours": "24_7",
    "units": [],
    "game": {
     "building_types": [
      "Rescue Station"
     ],
     "recommended": true,
     "notes": "County-run ambulance service — the safety net where volunteer coverage thins out."
    },
    "significance": "County-operated ambulance service launched in September 2023 to backfill shortages in pre-hospital transport, particularly in the rural southern towns.",
    "sources": [
     {
      "title": "Erie County EMS — Erie County Ambulance Program",
      "url": "https://www3.erie.gov/ems/erie-county-ambulance-program",
      "retrieved": "2026-08-17"
     },
     {
      "title": "OpenStreetMap — geocoded address (Nominatim)",
      "url": "https://www.openstreetmap.org/way/971463491",
      "retrieved": "2026-08-17"
     }
    ],
    "confidence": "medium",
    "last_verified": "2026-08-17"
   }
  },
  {
   "type": "Feature",
   "geometry": {
    "type": "Point",
    "coordinates": [
     -78.82041,
     42.9286
    ]
   },
   "properties": {
    "id": "amr-western-new-york",
    "name": "AMR Western New York",
    "category": "ems",
    "subtype": "private",
    "subregion_id": "buffalo",
    "status": "active",
    "agency": {
     "name": "American Medical Response",
     "type": "ems_agency",
     "level": "private",
     "parent": null
    },
    "address": {
     "street": "481 William Gaiter Parkway",
     "city": "Buffalo",
     "county": "Erie",
     "state": "NY",
     "country": "US"
    },
    "operating_hours": "24_7",
    "units": [],
    "game": {
     "building_types": [
      "Rescue Station"
     ],
     "recommended": true,
     "notes": "The dominant commercial 911 transport provider in the county — the bulk of ambulance runs."
    },
    "significance": "Primary commercial 911 and interfacility transport provider across Erie and Niagara counties, with satellite bases hosted in fire halls and town buildings around the county.",
    "sources": [
     {
      "title": "AMR — Western New York",
      "url": "https://www.amr.net/locations/new-york/western-new-york",
      "retrieved": "2026-08-17"
     },
     {
      "title": "OpenStreetMap — geocoded street (Nominatim); position approximate",
      "url": "https://www.openstreetmap.org/way/27745427",
      "retrieved": "2026-08-17"
     }
    ],
    "confidence": "low",
    "last_verified": "2026-08-17"
   }
  },
  {
   "type": "Feature",
   "geometry": {
    "type": "Point",
    "coordinates": [
     -78.83328,
     42.92661
    ]
   },
   "properties": {
    "id": "ecmc",
    "name": "Erie County Medical Center",
    "category": "hospital",
    "subtype": "trauma_center",
    "subregion_id": "buffalo",
    "status": "active",
    "agency": {
     "name": "Erie County Medical Center Corporation",
     "type": "hospital_system",
     "level": "county",
     "parent": null
    },
    "address": {
     "street": "462 Grider Street",
     "city": "Buffalo",
     "county": "Erie",
     "state": "NY",
     "country": "US"
    },
    "operating_hours": "24_7",
    "units": [],
    "specialties": [
     "trauma_major",
     "trauma_level_1",
     "burn_center",
     "helipad"
    ],
    "attributes": {
     "beds": 550,
     "trauma_level": "1",
     "trauma_designation": {
      "system": "acs",
      "label": "Level I"
     },
     "emergency_department": true,
     "burn_center": true,
     "helipad": true
    },
    "game": {
     "building_types": [
      "Hospital"
     ],
     "recommended": true,
     "notes": "The region's top-tier hospital: build it first if you want serious trauma and burn patients to have somewhere to go."
    },
    "significance": "Western New York's only Level I adult trauma centre and its regional burn centre — the destination for the region's most serious trauma from all eight WNY counties.",
    "sources": [
     {
      "title": "ECMC — Trauma Care",
      "url": "https://www.ecmc.edu/health-services/emergency-and-trauma-care/trauma-care/",
      "retrieved": "2026-08-17"
     },
     {
      "title": "Wikipedia — Erie County Medical Center",
      "url": "https://en.wikipedia.org/wiki/Erie_County_Medical_Center",
      "retrieved": "2026-08-17"
     },
     {
      "title": "NYS Department of Health — Level 1 Adult Trauma Centers",
      "url": "https://profiles.health.ny.gov/hospital/designated_center/Level+1+Adult+Trauma+Center",
      "retrieved": "2026-08-17"
     },
     {
      "title": "Erie County EMS — Erie County hospitals emergency department status",
      "url": "https://www3.erie.gov/ems/form/erie-county-hospitals-emergency-",
      "retrieved": "2026-08-17"
     }
    ],
    "confidence": "high",
    "last_verified": "2026-08-17"
   }
  },
  {
   "type": "Feature",
   "geometry": {
    "type": "Point",
    "coordinates": [
     -78.86772,
     42.90083
    ]
   },
   "properties": {
    "id": "golisano-childrens-hospital",
    "name": "Golisano Children's Hospital of Buffalo",
    "category": "hospital",
    "subtype": "childrens",
    "subregion_id": "buffalo",
    "status": "active",
    "agency": {
     "name": "Kaleida Health",
     "type": "hospital_system",
     "level": "private",
     "parent": null
    },
    "address": {
     "street": "818 Ellicott Street",
     "city": "Buffalo",
     "county": "Erie",
     "state": "NY",
     "country": "US"
    },
    "operating_hours": "24_7",
    "units": [],
    "specialties": [
     "trauma_major",
     "trauma_level_1",
     "pediatric"
    ],
    "attributes": {
     "beds": 185,
     "trauma_level": "1",
     "trauma_designation": {
      "system": "acs",
      "label": "Level I (pediatric)"
     },
     "emergency_department": true
    },
    "game": {
     "building_types": [
      "Hospital"
     ],
     "recommended": true,
     "notes": "Paediatric trauma destination — the children's counterpart to ECMC."
    },
    "significance": "The region's Level I paediatric trauma centre, on the Buffalo Niagara Medical Campus. Renamed from John R. Oishei Children's Hospital in January 2026.",
    "sources": [
     {
      "title": "Wikipedia — Golisano Children's Hospital of Buffalo",
      "url": "https://en.wikipedia.org/wiki/Golisano_Children%27s_Hospital_of_Buffalo",
      "retrieved": "2026-08-17"
     },
     {
      "title": "Erie County EMS — Erie County hospitals emergency department status",
      "url": "https://www3.erie.gov/ems/form/erie-county-hospitals-emergency-",
      "retrieved": "2026-08-17"
     }
    ],
    "confidence": "high",
    "last_verified": "2026-08-17"
   }
  },
  {
   "type": "Feature",
   "geometry": {
    "type": "Point",
    "coordinates": [
     -78.86596,
     42.90124
    ]
   },
   "properties": {
    "id": "buffalo-general",
    "name": "Buffalo General Medical Center",
    "category": "hospital",
    "subtype": "community",
    "subregion_id": "buffalo",
    "status": "active",
    "agency": {
     "name": "Kaleida Health",
     "type": "hospital_system",
     "level": "private",
     "parent": null
    },
    "address": {
     "street": "100 High Street",
     "city": "Buffalo",
     "county": "Erie",
     "state": "NY",
     "country": "US"
    },
    "operating_hours": "24_7",
    "units": [],
    "attributes": {
     "emergency_department": true
    },
    "game": {
     "building_types": [
      "Hospital"
     ],
     "recommended": true
    },
    "significance": "Kaleida Health's flagship adult hospital on the Buffalo Niagara Medical Campus.",
    "sources": [
     {
      "title": "OpenStreetMap — Buffalo General Hospital",
      "url": "https://www.openstreetmap.org/way/448018635",
      "retrieved": "2026-08-17"
     },
     {
      "title": "Erie County EMS — Erie County hospitals emergency department status",
      "url": "https://www3.erie.gov/ems/form/erie-county-hospitals-emergency-",
      "retrieved": "2026-08-17"
     }
    ],
    "confidence": "medium",
    "last_verified": "2026-08-17"
   }
  },
  {
   "type": "Feature",
   "geometry": {
    "type": "Point",
    "coordinates": [
     -78.72995,
     42.99401
    ]
   },
   "properties": {
    "id": "millard-fillmore-suburban",
    "name": "Millard Fillmore Suburban Hospital",
    "category": "hospital",
    "subtype": "community",
    "subregion_id": "amherst",
    "status": "active",
    "agency": {
     "name": "Kaleida Health",
     "type": "hospital_system",
     "level": "private",
     "parent": null
    },
    "address": {
     "street": "1540 Maple Road",
     "city": "Williamsville",
     "county": "Erie",
     "state": "NY",
     "country": "US"
    },
    "operating_hours": "24_7",
    "units": [],
    "attributes": {
     "emergency_department": true
    },
    "game": {
     "building_types": [
      "Hospital"
     ],
     "recommended": true
    },
    "significance": "Kaleida Health's Northtowns hospital.",
    "sources": [
     {
      "title": "OpenStreetMap — Millard Fillmore Suburban Hospital",
      "url": "https://www.openstreetmap.org/way/161754402",
      "retrieved": "2026-08-17"
     },
     {
      "title": "Erie County EMS — Erie County hospitals emergency department status",
      "url": "https://www3.erie.gov/ems/form/erie-county-hospitals-emergency-",
      "retrieved": "2026-08-17"
     }
    ],
    "confidence": "medium",
    "last_verified": "2026-08-17"
   }
  },
  {
   "type": "Feature",
   "geometry": {
    "type": "Point",
    "coordinates": [
     -78.84836,
     42.92893
    ]
   },
   "properties": {
    "id": "sisters-of-charity",
    "name": "Sisters of Charity Hospital",
    "category": "hospital",
    "subtype": "community",
    "subregion_id": "buffalo",
    "status": "active",
    "agency": {
     "name": "Catholic Health",
     "type": "hospital_system",
     "level": "private",
     "parent": null
    },
    "address": {
     "street": "2157 Main Street",
     "city": "Buffalo",
     "county": "Erie",
     "state": "NY",
     "country": "US"
    },
    "operating_hours": "24_7",
    "units": [],
    "attributes": {
     "emergency_department": true
    },
    "game": {
     "building_types": [
      "Hospital"
     ],
     "recommended": true
    },
    "sources": [
     {
      "title": "OpenStreetMap — Sisters of Charity Hospital",
      "url": "https://www.openstreetmap.org/way/558629576",
      "retrieved": "2026-08-17"
     },
     {
      "title": "Erie County EMS — Erie County hospitals emergency department status",
      "url": "https://www3.erie.gov/ems/form/erie-county-hospitals-emergency-",
      "retrieved": "2026-08-17"
     }
    ],
    "confidence": "medium",
    "last_verified": "2026-08-17"
   }
  },
  {
   "type": "Feature",
   "geometry": {
    "type": "Point",
    "coordinates": [
     -78.78182,
     42.91455
    ]
   },
   "properties": {
    "id": "sisters-st-joseph-campus",
    "name": "Sisters of Charity Hospital — St. Joseph Campus",
    "category": "hospital",
    "subtype": "community",
    "subregion_id": "cheektowaga",
    "status": "active",
    "agency": {
     "name": "Catholic Health",
     "type": "hospital_system",
     "level": "private",
     "parent": null
    },
    "address": {
     "street": "2605 Harlem Road",
     "city": "Cheektowaga",
     "county": "Erie",
     "state": "NY",
     "country": "US"
    },
    "operating_hours": "24_7",
    "units": [],
    "attributes": {
     "emergency_department": true
    },
    "game": {
     "building_types": [
      "Hospital"
     ],
     "recommended": true
    },
    "sources": [
     {
      "title": "OpenStreetMap — Sisters of Charity Hospital, Saint Joseph Campus",
      "url": "https://www.openstreetmap.org/way/558645715",
      "retrieved": "2026-08-17"
     },
     {
      "title": "Erie County EMS — Erie County hospitals emergency department status",
      "url": "https://www3.erie.gov/ems/form/erie-county-hospitals-emergency-",
      "retrieved": "2026-08-17"
     }
    ],
    "confidence": "medium",
    "last_verified": "2026-08-17"
   }
  },
  {
   "type": "Feature",
   "geometry": {
    "type": "Point",
    "coordinates": [
     -78.81287,
     42.84782
    ]
   },
   "properties": {
    "id": "mercy-hospital-buffalo",
    "name": "Mercy Hospital of Buffalo",
    "category": "hospital",
    "subtype": "community",
    "subregion_id": "buffalo",
    "status": "active",
    "agency": {
     "name": "Catholic Health",
     "type": "hospital_system",
     "level": "private",
     "parent": null
    },
    "address": {
     "street": "565 Abbott Road",
     "city": "Buffalo",
     "county": "Erie",
     "state": "NY",
     "country": "US"
    },
    "operating_hours": "24_7",
    "units": [],
    "attributes": {
     "emergency_department": true
    },
    "game": {
     "building_types": [
      "Hospital"
     ],
     "recommended": true
    },
    "significance": "Catholic Health's South Buffalo hospital.",
    "sources": [
     {
      "title": "OpenStreetMap — Mercy Hospital of Buffalo",
      "url": "https://www.openstreetmap.org/way/558534937",
      "retrieved": "2026-08-17"
     },
     {
      "title": "Erie County EMS — Erie County hospitals emergency department status",
      "url": "https://www3.erie.gov/ems/form/erie-county-hospitals-emergency-",
      "retrieved": "2026-08-17"
     }
    ],
    "confidence": "medium",
    "last_verified": "2026-08-17"
   }
  },
  {
   "type": "Feature",
   "geometry": {
    "type": "Point",
    "coordinates": [
     -78.77265,
     42.78026
    ]
   },
   "properties": {
    "id": "mercy-orchard-park",
    "name": "Mercy Ambulatory Care Center — Orchard Park",
    "category": "hospital",
    "subtype": "community",
    "subregion_id": "orchard-park-town",
    "status": "active",
    "agency": {
     "name": "Catholic Health",
     "type": "hospital_system",
     "level": "private",
     "parent": null
    },
    "address": {
     "street": "3669 Southwestern Boulevard",
     "city": "Orchard Park",
     "county": "Erie",
     "state": "NY",
     "country": "US"
    },
    "operating_hours": "24_7",
    "units": [],
    "attributes": {
     "emergency_department": true
    },
    "game": {
     "building_types": [
      "Hospital"
     ],
     "recommended": true
    },
    "significance": "Southtowns emergency department run by Catholic Health.",
    "sources": [
     {
      "title": "OpenStreetMap — Mercy Hospital - Mercy Hospital Orchard Park Division",
      "url": "https://www.openstreetmap.org/node/8457918967",
      "retrieved": "2026-08-17"
     },
     {
      "title": "Erie County EMS — Erie County hospitals emergency department status",
      "url": "https://www3.erie.gov/ems/form/erie-county-hospitals-emergency-",
      "retrieved": "2026-08-17"
     }
    ],
    "confidence": "medium",
    "last_verified": "2026-08-17"
   }
  },
  {
   "type": "Feature",
   "geometry": {
    "type": "Point",
    "coordinates": [
     -78.88103,
     42.97762
    ]
   },
   "properties": {
    "id": "kenmore-mercy",
    "name": "Kenmore Mercy Hospital",
    "category": "hospital",
    "subtype": "community",
    "subregion_id": "tonawanda-town",
    "status": "active",
    "agency": {
     "name": "Catholic Health",
     "type": "hospital_system",
     "level": "private",
     "parent": null
    },
    "address": {
     "street": "2950 Elmwood Avenue",
     "city": "Kenmore",
     "county": "Erie",
     "state": "NY",
     "country": "US"
    },
    "operating_hours": "24_7",
    "units": [],
    "attributes": {
     "emergency_department": true
    },
    "game": {
     "building_types": [
      "Hospital"
     ],
     "recommended": true
    },
    "sources": [
     {
      "title": "OpenStreetMap — Kenmore Mercy Hospital",
      "url": "https://www.openstreetmap.org/way/558679646",
      "retrieved": "2026-08-17"
     },
     {
      "title": "Erie County EMS — Erie County hospitals emergency department status",
      "url": "https://www3.erie.gov/ems/form/erie-county-hospitals-emergency-",
      "retrieved": "2026-08-17"
     }
    ],
    "confidence": "medium",
    "last_verified": "2026-08-17"
   }
  },
  {
   "type": "Feature",
   "geometry": {
    "type": "Point",
    "coordinates": [
     -78.81214,
     42.95128
    ]
   },
   "properties": {
    "id": "buffalo-va",
    "name": "Buffalo VA Medical Center",
    "category": "hospital",
    "subtype": "va",
    "subregion_id": "buffalo",
    "status": "active",
    "agency": {
     "name": "Veterans Health Administration",
     "type": "hospital_system",
     "level": "federal",
     "parent": null
    },
    "address": {
     "street": "3495 Bailey Avenue",
     "city": "Buffalo",
     "county": "Erie",
     "state": "NY",
     "country": "US"
    },
    "operating_hours": "24_7",
    "units": [],
    "attributes": {
     "emergency_department": true
    },
    "game": {
     "building_types": [
      "Hospital"
     ],
     "recommended": true
    },
    "significance": "Veterans Health Administration medical centre serving western New York.",
    "sources": [
     {
      "title": "OpenStreetMap — Buffalo VA Medical Center",
      "url": "https://www.openstreetmap.org/way/558670309",
      "retrieved": "2026-08-17"
     },
     {
      "title": "Erie County EMS — Erie County hospitals emergency department status",
      "url": "https://www3.erie.gov/ems/form/erie-county-hospitals-emergency-",
      "retrieved": "2026-08-17"
     }
    ],
    "confidence": "medium",
    "last_verified": "2026-08-17"
   }
  },
  {
   "type": "Feature",
   "geometry": {
    "type": "Point",
    "coordinates": [
     -78.65862,
     42.50949
    ]
   },
   "properties": {
    "id": "bertrand-chaffee",
    "name": "Bertrand Chaffee Hospital",
    "category": "hospital",
    "subtype": "community",
    "subregion_id": "springville-village",
    "status": "active",
    "agency": {
     "name": "Bertrand Chaffee Hospital",
     "type": "hospital_system",
     "level": "private",
     "parent": null
    },
    "address": {
     "street": "224 East Main Street",
     "city": "Springville",
     "county": "Erie",
     "state": "NY",
     "country": "US"
    },
    "operating_hours": "24_7",
    "units": [],
    "attributes": {
     "emergency_department": true
    },
    "game": {
     "building_types": [
      "Hospital"
     ],
     "recommended": true,
     "notes": "The lone southern-county hospital — everything else is 30+ minutes north."
    },
    "significance": "The only hospital in the rural southern half of the county.",
    "sources": [
     {
      "title": "OpenStreetMap — Bertrand Chaffee Hospital",
      "url": "https://www.openstreetmap.org/way/630327894",
      "retrieved": "2026-08-17"
     },
     {
      "title": "Erie County EMS — Erie County hospitals emergency department status",
      "url": "https://www3.erie.gov/ems/form/erie-county-hospitals-emergency-",
      "retrieved": "2026-08-17"
     }
    ],
    "confidence": "medium",
    "last_verified": "2026-08-17"
   }
  },
  {
   "type": "Feature",
   "geometry": {
    "type": "Point",
    "coordinates": [
     -78.8655,
     42.89854
    ]
   },
   "properties": {
    "id": "roswell-park",
    "name": "Roswell Park Comprehensive Cancer Center",
    "category": "hospital",
    "subtype": "cancer_center",
    "subregion_id": "buffalo",
    "status": "active",
    "agency": {
     "name": "Roswell Park Comprehensive Cancer Center",
     "type": "hospital_system",
     "level": "state",
     "parent": null
    },
    "address": {
     "street": "Elm and Carlton Streets",
     "city": "Buffalo",
     "county": "Erie",
     "state": "NY",
     "country": "US"
    },
    "units": [],
    "attributes": {
     "emergency_department": false
    },
    "game": {
     "building_types": [
      "Hospital"
     ],
     "recommended": false
    },
    "significance": "National Cancer Institute-designated comprehensive cancer centre; not a 911-receiving emergency department.",
    "sources": [
     {
      "title": "OpenStreetMap — Roswell Park Comprehensive Cancer Center",
      "url": "https://www.openstreetmap.org/way/448018628",
      "retrieved": "2026-08-17"
     }
    ],
    "confidence": "medium",
    "last_verified": "2026-08-17"
   }
  },
  {
   "type": "Feature",
   "geometry": {
    "type": "Point",
    "coordinates": [
     -78.87916,
     42.92965
    ]
   },
   "properties": {
    "id": "buffalo-psychiatric-center",
    "name": "Buffalo Psychiatric Center",
    "category": "hospital",
    "subtype": "psychiatric",
    "subregion_id": "buffalo",
    "status": "active",
    "agency": {
     "name": "New York State Office of Mental Health",
     "type": "hospital_system",
     "level": "state",
     "parent": null
    },
    "address": {
     "street": "400 Forest Avenue",
     "city": "Buffalo",
     "county": "Erie",
     "state": "NY",
     "country": "US"
    },
    "units": [],
    "attributes": {
     "emergency_department": false
    },
    "game": {
     "building_types": [
      "Hospital"
     ],
     "recommended": false
    },
    "significance": "State-run inpatient psychiatric hospital.",
    "sources": [
     {
      "title": "OpenStreetMap — Buffalo Psychiatric Center",
      "url": "https://www.openstreetmap.org/way/1075176885",
      "retrieved": "2026-08-17"
     }
    ],
    "confidence": "medium",
    "last_verified": "2026-08-17"
   }
  },
  {
   "type": "Feature",
   "geometry": {
    "type": "Point",
    "coordinates": [
     -78.78056,
     43.01767
    ]
   },
   "properties": {
    "id": "amherst-pd",
    "name": "Amherst Police Department",
    "category": "police_local",
    "subtype": "headquarters",
    "subregion_id": "amherst",
    "status": "active",
    "agency": {
     "name": "Amherst Police Department",
     "type": "police_department",
     "level": "municipal",
     "parent": "Town of Amherst"
    },
    "address": {
     "street": "500 John James Audubon Parkway",
     "city": "Amherst",
     "county": "Erie",
     "state": "NY",
     "country": "US"
    },
    "units": [],
    "game": {
     "building_types": [
      "Police Station"
     ],
     "recommended": true
    },
    "sources": [
     {
      "title": "OpenStreetMap — Amherst Police Department",
      "url": "https://www.openstreetmap.org/way/195593053",
      "retrieved": "2026-08-17"
     }
    ],
    "confidence": "low",
    "last_verified": "2026-08-17"
   }
  },
  {
   "type": "Feature",
   "geometry": {
    "type": "Point",
    "coordinates": [
     -78.82386,
     42.84843
    ]
   },
   "properties": {
    "id": "bpd-a-district",
    "name": "Buffalo Police A District",
    "category": "police_local",
    "subtype": "precinct",
    "subregion_id": "buffalo",
    "status": "active",
    "agency": {
     "name": "Buffalo Police A District",
     "type": "police_department",
     "level": "municipal",
     "parent": "City of Buffalo"
    },
    "address": {
     "street": "South Park Avenue",
     "city": "Buffalo",
     "county": "Erie",
     "state": "NY",
     "country": "US"
    },
    "units": [],
    "game": {
     "building_types": [
      "Police Station"
     ],
     "recommended": false
    },
    "sources": [
     {
      "title": "OpenStreetMap — Buffalo Police A- disrtict",
      "url": "https://www.openstreetmap.org/node/1386793908",
      "retrieved": "2026-08-17"
     }
    ],
    "confidence": "low",
    "last_verified": "2026-08-17"
   }
  },
  {
   "type": "Feature",
   "geometry": {
    "type": "Point",
    "coordinates": [
     -78.87164,
     42.89297
    ]
   },
   "properties": {
    "id": "bpd-b-district",
    "name": "Buffalo Police B District",
    "category": "police_local",
    "subtype": "precinct",
    "subregion_id": "buffalo",
    "status": "active",
    "agency": {
     "name": "Buffalo Police B District",
     "type": "police_department",
     "level": "municipal",
     "parent": "City of Buffalo"
    },
    "address": {
     "street": "695 Main Street",
     "city": "Buffalo",
     "county": "Erie",
     "state": "NY",
     "country": "US"
    },
    "units": [],
    "game": {
     "building_types": [
      "Police Station"
     ],
     "recommended": false
    },
    "sources": [
     {
      "title": "OpenStreetMap — Buffalo Police Department B District",
      "url": "https://www.openstreetmap.org/way/141900949",
      "retrieved": "2026-08-17"
     }
    ],
    "confidence": "low",
    "last_verified": "2026-08-17"
   }
  },
  {
   "type": "Feature",
   "geometry": {
    "type": "Point",
    "coordinates": [
     -78.83855,
     42.91447
    ]
   },
   "properties": {
    "id": "bpd-c-district",
    "name": "Buffalo Police C District",
    "category": "police_local",
    "subtype": "precinct",
    "subregion_id": "buffalo",
    "status": "active",
    "agency": {
     "name": "Buffalo Police C District",
     "type": "police_department",
     "level": "municipal",
     "parent": "City of Buffalo"
    },
    "address": {
     "city": "Buffalo",
     "county": "Erie",
     "state": "NY",
     "country": "US"
    },
    "units": [],
    "game": {
     "building_types": [
      "Police Station"
     ],
     "recommended": false
    },
    "sources": [
     {
      "title": "OpenStreetMap — Buffalo Police Department C District",
      "url": "https://www.openstreetmap.org/node/9876524719",
      "retrieved": "2026-08-17"
     }
    ],
    "confidence": "low",
    "last_verified": "2026-08-17"
   }
  },
  {
   "type": "Feature",
   "geometry": {
    "type": "Point",
    "coordinates": [
     -78.88379,
     42.9475
    ]
   },
   "properties": {
    "id": "bpd-d-district",
    "name": "Buffalo Police D District",
    "category": "police_local",
    "subtype": "precinct",
    "subregion_id": "buffalo",
    "status": "active",
    "agency": {
     "name": "Buffalo Police D District",
     "type": "police_department",
     "level": "municipal",
     "parent": "City of Buffalo"
    },
    "address": {
     "street": "669 Hertel Avenue",
     "city": "Buffalo",
     "county": "Erie",
     "state": "NY",
     "country": "US"
    },
    "units": [],
    "game": {
     "building_types": [
      "Police Station"
     ],
     "recommended": false
    },
    "sources": [
     {
      "title": "OpenStreetMap — Buffalo Police Department D District",
      "url": "https://www.openstreetmap.org/node/4698390988",
      "retrieved": "2026-08-17"
     }
    ],
    "confidence": "low",
    "last_verified": "2026-08-17"
   }
  },
  {
   "type": "Feature",
   "geometry": {
    "type": "Point",
    "coordinates": [
     -78.8133,
     42.9303
    ]
   },
   "properties": {
    "id": "bpd-e-district",
    "name": "Buffalo Police E District",
    "category": "police_local",
    "subtype": "precinct",
    "subregion_id": "buffalo",
    "status": "active",
    "agency": {
     "name": "Buffalo Police E District",
     "type": "police_department",
     "level": "municipal",
     "parent": "City of Buffalo"
    },
    "address": {
     "city": "Buffalo",
     "county": "Erie",
     "state": "NY",
     "country": "US"
    },
    "units": [],
    "game": {
     "building_types": [
      "Police Station"
     ],
     "recommended": false
    },
    "sources": [
     {
      "title": "OpenStreetMap — Buffalo Police Department E District",
      "url": "https://www.openstreetmap.org/node/9876531103",
      "retrieved": "2026-08-17"
     }
    ],
    "confidence": "low",
    "last_verified": "2026-08-17"
   }
  },
  {
   "type": "Feature",
   "geometry": {
    "type": "Point",
    "coordinates": [
     -78.87796,
     42.877
    ]
   },
   "properties": {
    "id": "bpd-canalside-substation",
    "name": "Buffalo Police Canalside Substation",
    "category": "police_local",
    "subtype": "substation",
    "subregion_id": "buffalo",
    "status": "active",
    "agency": {
     "name": "Buffalo Police Canalside Substation",
     "type": "police_department",
     "level": "municipal",
     "parent": "City of Buffalo"
    },
    "address": {
     "city": "Buffalo",
     "county": "Erie",
     "state": "NY",
     "country": "US"
    },
    "units": [],
    "game": {
     "building_types": [
      "Police Station"
     ],
     "recommended": false
    },
    "sources": [
     {
      "title": "OpenStreetMap — City of Buffalo Police Substation at Canalside",
      "url": "https://www.openstreetmap.org/way/1072510141",
      "retrieved": "2026-08-17"
     }
    ],
    "confidence": "low",
    "last_verified": "2026-08-17"
   }
  },
  {
   "type": "Feature",
   "geometry": {
    "type": "Point",
    "coordinates": [
     -78.75356,
     42.90161
    ]
   },
   "properties": {
    "id": "cheektowaga-pd",
    "name": "Cheektowaga Police Department",
    "category": "police_local",
    "subtype": "headquarters",
    "subregion_id": "cheektowaga",
    "status": "active",
    "agency": {
     "name": "Cheektowaga Police Department",
     "type": "police_department",
     "level": "municipal",
     "parent": "Town of Cheektowaga"
    },
    "address": {
     "street": "3223 Union Road",
     "city": "Cheektowaga",
     "county": "Erie",
     "state": "NY",
     "country": "US"
    },
    "units": [],
    "game": {
     "building_types": [
      "Police Station"
     ],
     "recommended": true
    },
    "sources": [
     {
      "title": "OpenStreetMap — Cheektowaga Police",
      "url": "https://www.openstreetmap.org/node/467272908",
      "retrieved": "2026-08-17"
     }
    ],
    "confidence": "low",
    "last_verified": "2026-08-17"
   }
  },
  {
   "type": "Feature",
   "geometry": {
    "type": "Point",
    "coordinates": [
     -78.8863,
     43.01948
    ]
   },
   "properties": {
    "id": "tonawanda-city-pd",
    "name": "City of Tonawanda Police Department",
    "category": "police_local",
    "subtype": "headquarters",
    "subregion_id": "tonawanda",
    "status": "active",
    "agency": {
     "name": "City of Tonawanda Police Department",
     "type": "police_department",
     "level": "municipal",
     "parent": "City of Tonawanda"
    },
    "address": {
     "street": "200 Niagara Street",
     "city": "Tonawanda",
     "county": "Erie",
     "state": "NY",
     "country": "US"
    },
    "units": [],
    "game": {
     "building_types": [
      "Police Station"
     ],
     "recommended": true
    },
    "sources": [
     {
      "title": "OpenStreetMap — City of Tonawanda Police Department",
      "url": "https://www.openstreetmap.org/way/84873308",
      "retrieved": "2026-08-17"
     }
    ],
    "confidence": "low",
    "last_verified": "2026-08-17"
   }
  },
  {
   "type": "Feature",
   "geometry": {
    "type": "Point",
    "coordinates": [
     -78.86658,
     42.98038
    ]
   },
   "properties": {
    "id": "tonawanda-town-pd",
    "name": "Town of Tonawanda Police Department",
    "category": "police_local",
    "subtype": "headquarters",
    "subregion_id": "tonawanda-town",
    "status": "active",
    "agency": {
     "name": "Town of Tonawanda Police Department",
     "type": "police_department",
     "level": "municipal",
     "parent": "Town of Tonawanda"
    },
    "address": {
     "street": "1835 Sheridan Drive",
     "city": "Tonawanda",
     "county": "Erie",
     "state": "NY",
     "country": "US"
    },
    "units": [],
    "game": {
     "building_types": [
      "Police Station"
     ],
     "recommended": true
    },
    "sources": [
     {
      "title": "OpenStreetMap — Town of Tonawanda Police Station",
      "url": "https://www.openstreetmap.org/way/93410928",
      "retrieved": "2026-08-17"
     }
    ],
    "confidence": "low",
    "last_verified": "2026-08-17"
   }
  },
  {
   "type": "Feature",
   "geometry": {
    "type": "Point",
    "coordinates": [
     -78.75462,
     42.83457
    ]
   },
   "properties": {
    "id": "west-seneca-pd",
    "name": "West Seneca Police Department",
    "category": "police_local",
    "subtype": "headquarters",
    "subregion_id": "west-seneca",
    "status": "active",
    "agency": {
     "name": "West Seneca Police Department",
     "type": "police_department",
     "level": "municipal",
     "parent": "Town of West Seneca"
    },
    "address": {
     "street": "1250 Union Road",
     "city": "West Seneca",
     "county": "Erie",
     "state": "NY",
     "country": "US"
    },
    "units": [],
    "game": {
     "building_types": [
      "Police Station"
     ],
     "recommended": true
    },
    "sources": [
     {
      "title": "OpenStreetMap — West Seneca Police Department",
      "url": "https://www.openstreetmap.org/node/3906195106",
      "retrieved": "2026-08-17"
     }
    ],
    "confidence": "low",
    "last_verified": "2026-08-17"
   }
  },
  {
   "type": "Feature",
   "geometry": {
    "type": "Point",
    "coordinates": [
     -78.62224,
     42.92973
    ]
   },
   "properties": {
    "id": "lancaster-town-pd",
    "name": "Town of Lancaster Police Department",
    "category": "police_local",
    "subtype": "headquarters",
    "subregion_id": "lancaster-town",
    "status": "active",
    "agency": {
     "name": "Town of Lancaster Police Department",
     "type": "police_department",
     "level": "municipal",
     "parent": "Town of Lancaster"
    },
    "address": {
     "street": "525 Pavement Road",
     "city": "Lancaster",
     "county": "Erie",
     "state": "NY",
     "country": "US"
    },
    "units": [],
    "game": {
     "building_types": [
      "Police Station"
     ],
     "recommended": true
    },
    "sources": [
     {
      "title": "OpenStreetMap — Town of Lancaster Police Department",
      "url": "https://www.openstreetmap.org/node/1049824236",
      "retrieved": "2026-08-17"
     }
    ],
    "confidence": "low",
    "last_verified": "2026-08-17"
   }
  },
  {
   "type": "Feature",
   "geometry": {
    "type": "Point",
    "coordinates": [
     -78.82359,
     42.72935
    ]
   },
   "properties": {
    "id": "hamburg-town-pd",
    "name": "Town of Hamburg Police Department",
    "category": "police_local",
    "subtype": "headquarters",
    "subregion_id": "hamburg-town",
    "status": "active",
    "agency": {
     "name": "Town of Hamburg Police Department",
     "type": "police_department",
     "level": "municipal",
     "parent": "Town of Hamburg"
    },
    "address": {
     "city": "Hamburg",
     "county": "Erie",
     "state": "NY",
     "country": "US"
    },
    "units": [],
    "game": {
     "building_types": [
      "Police Station"
     ],
     "recommended": true
    },
    "sources": [
     {
      "title": "OpenStreetMap — Town of Hamburg Police",
      "url": "https://www.openstreetmap.org/way/560544661",
      "retrieved": "2026-08-17"
     }
    ],
    "confidence": "low",
    "last_verified": "2026-08-17"
   }
  },
  {
   "type": "Feature",
   "geometry": {
    "type": "Point",
    "coordinates": [
     -78.74335,
     42.76629
    ]
   },
   "properties": {
    "id": "orchard-park-pd",
    "name": "Orchard Park Police Department",
    "category": "police_local",
    "subtype": "headquarters",
    "subregion_id": "orchard-park-village",
    "status": "active",
    "agency": {
     "name": "Orchard Park Police Department",
     "type": "police_department",
     "level": "municipal",
     "parent": "Town of Orchard Park"
    },
    "address": {
     "city": "Orchard Park",
     "county": "Erie",
     "state": "NY",
     "country": "US"
    },
    "units": [],
    "game": {
     "building_types": [
      "Police Station"
     ],
     "recommended": true
    },
    "sources": [
     {
      "title": "OpenStreetMap — Orchard Park Police Station",
      "url": "https://www.openstreetmap.org/node/1847456422",
      "retrieved": "2026-08-17"
     }
    ],
    "confidence": "low",
    "last_verified": "2026-08-17"
   }
  },
  {
   "type": "Feature",
   "geometry": {
    "type": "Point",
    "coordinates": [
     -79.04197,
     42.64636
    ]
   },
   "properties": {
    "id": "evans-pd",
    "name": "Town of Evans Police Department",
    "category": "police_local",
    "subtype": "headquarters",
    "subregion_id": "evans",
    "status": "active",
    "agency": {
     "name": "Town of Evans Police Department",
     "type": "police_department",
     "level": "municipal",
     "parent": "Town of Evans"
    },
    "address": {
     "street": "8787 Erie Road",
     "city": "Angola",
     "county": "Erie",
     "state": "NY",
     "country": "US"
    },
    "units": [],
    "game": {
     "building_types": [
      "Police Station"
     ],
     "recommended": true
    },
    "sources": [
     {
      "title": "OpenStreetMap — Town of Evans Police Department",
      "url": "https://www.openstreetmap.org/node/9906562988",
      "retrieved": "2026-08-17"
     }
    ],
    "confidence": "low",
    "last_verified": "2026-08-17"
   }
  },
  {
   "type": "Feature",
   "geometry": {
    "type": "Point",
    "coordinates": [
     -78.89529,
     42.65221
    ]
   },
   "properties": {
    "id": "eden-pd",
    "name": "Eden Police Department",
    "category": "police_local",
    "subtype": "headquarters",
    "subregion_id": "eden",
    "status": "active",
    "agency": {
     "name": "Eden Police Department",
     "type": "police_department",
     "level": "municipal",
     "parent": "Town of Eden"
    },
    "address": {
     "city": "Eden",
     "county": "Erie",
     "state": "NY",
     "country": "US"
    },
    "units": [],
    "game": {
     "building_types": [
      "Police Station"
     ],
     "recommended": true
    },
    "sources": [
     {
      "title": "OpenStreetMap — Eden Police Department",
      "url": "https://www.openstreetmap.org/node/457540414",
      "retrieved": "2026-08-17"
     }
    ],
    "confidence": "low",
    "last_verified": "2026-08-17"
   }
  },
  {
   "type": "Feature",
   "geometry": {
    "type": "Point",
    "coordinates": [
     -78.61334,
     42.76759
    ]
   },
   "properties": {
    "id": "east-aurora-pd",
    "name": "East Aurora Police Department",
    "category": "police_local",
    "subtype": "headquarters",
    "subregion_id": "east-aurora-village",
    "status": "active",
    "agency": {
     "name": "East Aurora Police Department",
     "type": "police_department",
     "level": "municipal",
     "parent": "Village of East Aurora"
    },
    "address": {
     "city": "East Aurora",
     "county": "Erie",
     "state": "NY",
     "country": "US"
    },
    "units": [],
    "game": {
     "building_types": [
      "Police Station"
     ],
     "recommended": true
    },
    "sources": [
     {
      "title": "OpenStreetMap — East Aurora Police Dept.",
      "url": "https://www.openstreetmap.org/node/164487256",
      "retrieved": "2026-08-17"
     }
    ],
    "confidence": "low",
    "last_verified": "2026-08-17"
   }
  },
  {
   "type": "Feature",
   "geometry": {
    "type": "Point",
    "coordinates": [
     -78.87841,
     42.96251
    ]
   },
   "properties": {
    "id": "kenmore-pd",
    "name": "Kenmore Police Department",
    "category": "police_local",
    "subtype": "headquarters",
    "subregion_id": "kenmore-village",
    "status": "active",
    "agency": {
     "name": "Kenmore Police Department",
     "type": "police_department",
     "level": "municipal",
     "parent": "Village of Kenmore"
    },
    "address": {
     "street": "2395 Elmwood Avenue",
     "city": "Kenmore",
     "county": "Erie",
     "state": "NY",
     "country": "US"
    },
    "units": [],
    "game": {
     "building_types": [
      "Police Station"
     ],
     "recommended": true
    },
    "sources": [
     {
      "title": "OpenStreetMap — Kenmore Police Department",
      "url": "https://www.openstreetmap.org/way/257818454",
      "retrieved": "2026-08-17"
     }
    ],
    "confidence": "low",
    "last_verified": "2026-08-17"
   }
  },
  {
   "type": "Feature",
   "geometry": {
    "type": "Point",
    "coordinates": [
     -78.8253,
     42.82628
    ]
   },
   "properties": {
    "id": "lackawanna-pd",
    "name": "Lackawanna Police Department",
    "category": "police_local",
    "subtype": "headquarters",
    "subregion_id": "lackawanna",
    "status": "active",
    "agency": {
     "name": "Lackawanna Police Department",
     "type": "police_department",
     "level": "municipal",
     "parent": "City of Lackawanna"
    },
    "address": {
     "street": "714 Ridge Road",
     "city": "Lackawanna",
     "county": "Erie",
     "state": "NY",
     "country": "US"
    },
    "units": [],
    "game": {
     "building_types": [
      "Police Station"
     ],
     "recommended": true
    },
    "sources": [
     {
      "title": "OpenStreetMap — Lackawanna Police Department",
      "url": "https://www.openstreetmap.org/node/10731396896",
      "retrieved": "2026-08-17"
     }
    ],
    "confidence": "low",
    "last_verified": "2026-08-17"
   }
  },
  {
   "type": "Feature",
   "geometry": {
    "type": "Point",
    "coordinates": [
     -78.96042,
     43.02134
    ]
   },
   "properties": {
    "id": "grand-island-pd",
    "name": "Grand Island Police Headquarters",
    "category": "police_local",
    "subtype": "headquarters",
    "subregion_id": "grand-island",
    "status": "active",
    "agency": {
     "name": "Grand Island Police",
     "type": "police_department",
     "level": "municipal",
     "parent": "Town of Grand Island"
    },
    "address": {
     "city": "Grand Island",
     "county": "Erie",
     "state": "NY",
     "country": "US"
    },
    "units": [],
    "game": {
     "building_types": [
      "Police Station"
     ],
     "recommended": true
    },
    "sources": [
     {
      "title": "OpenStreetMap — Grand Island Police Headquarters",
      "url": "https://www.openstreetmap.org/node/5281302088",
      "retrieved": "2026-08-17"
     }
    ],
    "confidence": "low",
    "last_verified": "2026-08-17"
   }
  },
  {
   "type": "Feature",
   "geometry": {
    "type": "Point",
    "coordinates": [
     -78.87708,
     42.88568
    ]
   },
   "properties": {
    "id": "bpd-headquarters",
    "name": "Buffalo Police Department Headquarters",
    "category": "police_local",
    "subtype": "headquarters",
    "subregion_id": "buffalo",
    "status": "active",
    "agency": {
     "name": "Buffalo Police Department",
     "type": "police_department",
     "level": "municipal",
     "parent": "City of Buffalo"
    },
    "address": {
     "street": "68 Court Street",
     "city": "Buffalo",
     "county": "Erie",
     "state": "NY",
     "country": "US"
    },
    "units": [],
    "game": {
     "building_types": [
      "Police Station"
     ],
     "recommended": true
    },
    "significance": "Headquarters of the county's largest municipal force, which polices the city from five districts (A–E).",
    "sources": [
     {
      "title": "OpenStreetMap — geocoded address (Nominatim)",
      "url": "https://www.openstreetmap.org/way/119487731",
      "retrieved": "2026-08-17"
     },
     {
      "title": "Buffalo Police Department — official site",
      "url": "https://www.bpdny.org/",
      "retrieved": "2026-08-17"
     }
    ],
    "confidence": "low",
    "last_verified": "2026-08-17"
   }
  },
  {
   "type": "Feature",
   "geometry": {
    "type": "Point",
    "coordinates": [
     -78.86615,
     42.91186
    ]
   },
   "properties": {
    "id": "nfta-transit-police",
    "name": "NFTA Transit Police Headquarters",
    "category": "police_local",
    "subtype": "transit",
    "subregion_id": "buffalo",
    "status": "active",
    "agency": {
     "name": "Niagara Frontier Transportation Authority Police",
     "type": "police_department",
     "level": "regional",
     "parent": "Niagara Frontier Transportation Authority"
    },
    "address": {
     "street": "1404 Main Street",
     "city": "Buffalo",
     "county": "Erie",
     "state": "NY",
     "country": "US"
    },
    "units": [],
    "game": {
     "building_types": [
      "Police Station"
     ],
     "recommended": false
    },
    "significance": "Transit authority police covering the Metro Rail, bus system and Buffalo Niagara International Airport.",
    "sources": [
     {
      "title": "OpenStreetMap — NFTA Transit Police Headquarters",
      "url": "https://www.openstreetmap.org/way/1024785995",
      "retrieved": "2026-08-17"
     }
    ],
    "confidence": "low",
    "last_verified": "2026-08-17"
   }
  },
  {
   "type": "Feature",
   "geometry": {
    "type": "Point",
    "coordinates": [
     -78.78072,
     42.99856
    ]
   },
   "properties": {
    "id": "ub-police",
    "name": "University at Buffalo Police (Bissell Hall)",
    "category": "police_local",
    "subtype": "campus",
    "subregion_id": "amherst",
    "status": "active",
    "agency": {
     "name": "University at Buffalo Police Department",
     "type": "police_department",
     "level": "state",
     "parent": "State University of New York"
    },
    "address": {
     "street": "20 Webster Road",
     "city": "Amherst",
     "county": "Erie",
     "state": "NY",
     "country": "US"
    },
    "units": [],
    "game": {
     "building_types": [
      "Police Station"
     ],
     "recommended": false
    },
    "significance": "SUNY campus police for the University at Buffalo's North and South campuses.",
    "sources": [
     {
      "title": "OpenStreetMap — Bissell Hall — University at Buffalo Police",
      "url": "https://www.openstreetmap.org/way/262686651",
      "retrieved": "2026-08-17"
     }
    ],
    "confidence": "low",
    "last_verified": "2026-08-17"
   }
  },
  {
   "type": "Feature",
   "geometry": {
    "type": "Point",
    "coordinates": [
     -78.87929,
     42.88406
    ]
   },
   "properties": {
    "id": "ecso-hq",
    "name": "Erie County Sheriff's Office Headquarters",
    "category": "sheriff",
    "subtype": "hq",
    "subregion_id": "buffalo",
    "status": "active",
    "agency": {
     "name": "Erie County Sheriff's Office",
     "type": "sheriff_office",
     "level": "county",
     "parent": "Erie County"
    },
    "address": {
     "street": "10 Delaware Avenue",
     "city": "Buffalo",
     "county": "Erie",
     "state": "NY",
     "country": "US"
    },
    "units": [],
    "game": {
     "building_types": [
      "Police Station"
     ],
     "recommended": true
    },
    "significance": "Headquarters of the county's sheriff — the police agency of record for the towns that have no force of their own.",
    "sources": [
     {
      "title": "Erie County Sheriff's Office — Contacts",
      "url": "https://www4.erie.gov/sheriff/contacts",
      "retrieved": "2026-08-17"
     },
     {
      "title": "OpenStreetMap — geocoded address (Nominatim)",
      "url": "https://www.openstreetmap.org/node/8454665216",
      "retrieved": "2026-08-17"
     }
    ],
    "confidence": "medium",
    "last_verified": "2026-08-17"
   }
  },
  {
   "type": "Feature",
   "geometry": {
    "type": "Point",
    "coordinates": [
     -78.86967,
     42.88205
    ]
   },
   "properties": {
    "id": "ecso-police-services",
    "name": "Erie County Sheriff — Police Services Division",
    "category": "sheriff",
    "subtype": "patrol",
    "subregion_id": "buffalo",
    "status": "active",
    "agency": {
     "name": "Erie County Sheriff's Office",
     "type": "sheriff_office",
     "level": "county",
     "parent": "Erie County"
    },
    "address": {
     "street": "45 Elm Street",
     "city": "Buffalo",
     "county": "Erie",
     "state": "NY",
     "country": "US"
    },
    "units": [],
    "game": {
     "building_types": [
      "Police Station"
     ],
     "recommended": true
    },
    "significance": "Road patrol division, co-located on the Erie County Public Safety Campus with the county 911 centre.",
    "sources": [
     {
      "title": "Erie County Sheriff's Office — Contacts",
      "url": "https://www4.erie.gov/sheriff/contacts",
      "retrieved": "2026-08-17"
     },
     {
      "title": "OpenStreetMap — geocoded address (Nominatim)",
      "url": "https://www.openstreetmap.org/way/331010755",
      "retrieved": "2026-08-17"
     }
    ],
    "confidence": "medium",
    "last_verified": "2026-08-17"
   }
  },
  {
   "type": "Feature",
   "geometry": {
    "type": "Point",
    "coordinates": [
     -78.87977,
     42.88486
    ]
   },
   "properties": {
    "id": "ecso-civil",
    "name": "Erie County Sheriff — Civil Enforcement Division",
    "category": "sheriff",
    "subtype": "substation",
    "subregion_id": "buffalo",
    "status": "active",
    "agency": {
     "name": "Erie County Sheriff's Office",
     "type": "sheriff_office",
     "level": "county",
     "parent": "Erie County"
    },
    "address": {
     "street": "134 West Eagle Street",
     "city": "Buffalo",
     "county": "Erie",
     "state": "NY",
     "country": "US"
    },
    "units": [],
    "game": {
     "building_types": [
      "Police Station"
     ],
     "recommended": false
    },
    "sources": [
     {
      "title": "Erie County Sheriff's Office — Contacts",
      "url": "https://www4.erie.gov/sheriff/contacts",
      "retrieved": "2026-08-17"
     },
     {
      "title": "OpenStreetMap — geocoded address (Nominatim)",
      "url": "https://www.openstreetmap.org/way/119487729",
      "retrieved": "2026-08-17"
     }
    ],
    "confidence": "medium",
    "last_verified": "2026-08-17"
   }
  },
  {
   "type": "Feature",
   "geometry": {
    "type": "Point",
    "coordinates": [
     -78.87803,
     42.88715
    ]
   },
   "properties": {
    "id": "erie-county-holding-center",
    "name": "Erie County Holding Center",
    "category": "jail",
    "subtype": "county",
    "subregion_id": "buffalo",
    "status": "active",
    "agency": {
     "name": "Erie County Sheriff's Office",
     "type": "corrections",
     "level": "county",
     "parent": "Erie County"
    },
    "address": {
     "street": "40 Delaware Avenue",
     "city": "Buffalo",
     "county": "Erie",
     "state": "NY",
     "country": "US"
    },
    "units": [],
    "specialties": [
     "booking",
     "max_security"
    ],
    "attributes": {
     "security_level": "maximum",
     "role": "pre-trial detention"
    },
    "game": {
     "building_types": [
      "Prison"
     ],
     "recommended": true,
     "notes": "Downtown pre-trial jail — the receiving end of most city arrests."
    },
    "significance": "Maximum-security pre-trial detention facility for the county, next to the Sheriff's headquarters.",
    "sources": [
     {
      "title": "Erie County Sheriff's Office — Contacts",
      "url": "https://www4.erie.gov/sheriff/contacts",
      "retrieved": "2026-08-17"
     },
     {
      "title": "Wikipedia — Erie County Holding Center",
      "url": "https://en.wikipedia.org/wiki/Erie_County_Holding_Center",
      "retrieved": "2026-08-17"
     },
     {
      "title": "OpenStreetMap — Erie County Jail",
      "url": "https://www.openstreetmap.org/node/4437322419",
      "retrieved": "2026-08-17"
     }
    ],
    "confidence": "medium",
    "last_verified": "2026-08-17"
   }
  },
  {
   "type": "Feature",
   "geometry": {
    "type": "Point",
    "coordinates": [
     -78.55686,
     42.9331
    ]
   },
   "properties": {
    "id": "erie-county-correctional-facility",
    "name": "Erie County Correctional Facility",
    "category": "jail",
    "subtype": "county",
    "subregion_id": "alden-town",
    "status": "active",
    "agency": {
     "name": "Erie County Sheriff's Office",
     "type": "corrections",
     "level": "county",
     "parent": "Erie County"
    },
    "address": {
     "street": "11581 Walden Avenue",
     "city": "Alden",
     "county": "Erie",
     "state": "NY",
     "country": "US"
    },
    "units": [],
    "attributes": {
     "security_level": "medium"
    },
    "game": {
     "building_types": [
      "Prison"
     ],
     "recommended": false
    },
    "significance": "The county's sentenced-inmate facility, out in the rural east of the county.",
    "sources": [
     {
      "title": "Erie County Sheriff's Office — Contacts",
      "url": "https://www4.erie.gov/sheriff/contacts",
      "retrieved": "2026-08-17"
     },
     {
      "title": "OpenStreetMap — Erie County Correctional Facility",
      "url": "https://www.openstreetmap.org/way/1070411965",
      "retrieved": "2026-08-17"
     }
    ],
    "confidence": "medium",
    "last_verified": "2026-08-17"
   }
  },
  {
   "type": "Feature",
   "geometry": {
    "type": "Point",
    "coordinates": [
     -78.83551,
     42.91542
    ]
   },
   "properties": {
    "id": "erie-county-youth-services-center",
    "name": "Erie County Youth Services Center",
    "category": "jail",
    "subtype": "detention",
    "subregion_id": "buffalo",
    "status": "active",
    "agency": {
     "name": "Erie County Department of Social Services",
     "type": "corrections",
     "level": "county",
     "parent": "Erie County"
    },
    "address": {
     "city": "Buffalo",
     "county": "Erie",
     "state": "NY",
     "country": "US"
    },
    "units": [],
    "game": {
     "building_types": [
      "Prison"
     ],
     "recommended": false
    },
    "significance": "Secure juvenile detention.",
    "sources": [
     {
      "title": "OpenStreetMap — Erie County Youth Services Center Secure Detention",
      "url": "https://www.openstreetmap.org/node/9876524739",
      "retrieved": "2026-08-17"
     }
    ],
    "confidence": "low",
    "last_verified": "2026-08-17"
   }
  },
  {
   "type": "Feature",
   "geometry": {
    "type": "Point",
    "coordinates": [
     -78.54519,
     42.92992
    ]
   },
   "properties": {
    "id": "wende-correctional-facility",
    "name": "Wende Correctional Facility",
    "category": "prison",
    "subtype": "state",
    "subregion_id": "alden-town",
    "status": "active",
    "agency": {
     "name": "New York State Department of Corrections and Community Supervision",
     "type": "corrections",
     "level": "state",
     "parent": null
    },
    "address": {
     "street": "3040 Wende Road",
     "city": "Alden",
     "county": "Erie",
     "state": "NY",
     "country": "US"
    },
    "units": [],
    "specialties": [
     "max_security"
    ],
    "attributes": {
     "security_level": "maximum"
    },
    "game": {
     "building_types": [
      "Prison"
     ],
     "recommended": true,
     "notes": "Maximum-security state prison — the big prison-transport and riot missions."
    },
    "significance": "Maximum-security state prison in the town of Alden, and the reception centre for the region.",
    "sources": [
     {
      "title": "OpenStreetMap — Wende Correctional Facility",
      "url": "https://www.openstreetmap.org/way/899850865",
      "retrieved": "2026-08-17"
     },
     {
      "title": "Wikipedia — Wende Correctional Facility",
      "url": "https://en.wikipedia.org/wiki/Wende_Correctional_Facility",
      "retrieved": "2026-08-17"
     }
    ],
    "confidence": "medium",
    "last_verified": "2026-08-17"
   }
  },
  {
   "type": "Feature",
   "geometry": {
    "type": "Point",
    "coordinates": [
     -78.93462,
     42.48854
    ]
   },
   "properties": {
    "id": "collins-correctional-facility",
    "name": "Collins Correctional Facility",
    "category": "prison",
    "subtype": "state",
    "subregion_id": "collins",
    "status": "active",
    "agency": {
     "name": "New York State Department of Corrections and Community Supervision",
     "type": "corrections",
     "level": "state",
     "parent": null
    },
    "address": {
     "street": "Middle Road",
     "city": "Collins",
     "county": "Erie",
     "state": "NY",
     "country": "US"
    },
    "units": [],
    "attributes": {
     "security_level": "medium",
     "capacity": 1700
    },
    "game": {
     "building_types": [
      "Prison"
     ],
     "recommended": false
    },
    "significance": "Medium-security state prison in the rural south of the county, next to the site of the Gowanda facility that closed in 2021.",
    "sources": [
     {
      "title": "OpenStreetMap — Collins Correctional Facility",
      "url": "https://www.openstreetmap.org/relation/6497952",
      "retrieved": "2026-08-17"
     },
     {
      "title": "Wikipedia — Collins Correctional Facility",
      "url": "https://en.wikipedia.org/wiki/Collins_Correctional_Facility",
      "retrieved": "2026-08-17"
     }
    ],
    "confidence": "medium",
    "last_verified": "2026-08-17"
   }
  },
  {
   "type": "Feature",
   "geometry": {
    "type": "Point",
    "coordinates": [
     -78.62332,
     42.97436
    ]
   },
   "properties": {
    "id": "nysp-clarence",
    "name": "New York State Police — SP Clarence (Troop A)",
    "category": "state_le",
    "subtype": "post",
    "subregion_id": "clarence",
    "status": "active",
    "agency": {
     "name": "New York State Police",
     "type": "state_agency",
     "level": "state",
     "parent": null
    },
    "address": {
     "street": "9825 Main Street",
     "city": "Clarence",
     "county": "Erie",
     "state": "NY",
     "country": "US"
    },
    "units": [],
    "game": {
     "building_types": [
      "State Police Station"
     ],
     "recommended": true,
     "notes": "State police cover the rural towns and the expressways — worth one build for highway missions."
    },
    "significance": "Troop A station covering Erie County's rural east and the towns without their own police force.",
    "sources": [
     {
      "title": "OpenStreetMap — geocoded address (Nominatim)",
      "url": "https://www.openstreetmap.org/node/8457999681",
      "retrieved": "2026-08-17"
     },
     {
      "title": "Governor's Traffic Safety Committee — New York State Police, Erie County/Clarence",
      "url": "https://trafficsafety.ny.gov/location/new-york-state-police-erie-countyclarence",
      "retrieved": "2026-08-17"
     }
    ],
    "confidence": "medium",
    "last_verified": "2026-08-17"
   }
  },
  {
   "type": "Feature",
   "geometry": {
    "type": "Point",
    "coordinates": [
     -78.76789,
     42.93396
    ]
   },
   "properties": {
    "id": "nysp-troop-t-buffalo",
    "name": "New York State Police — Troop T (Thruway), Buffalo",
    "category": "state_le",
    "subtype": "troop_hq",
    "subregion_id": "cheektowaga",
    "status": "active",
    "agency": {
     "name": "New York State Police",
     "type": "state_agency",
     "level": "state",
     "parent": null
    },
    "address": {
     "city": "Cheektowaga",
     "county": "Erie",
     "state": "NY",
     "country": "US"
    },
    "units": [],
    "game": {
     "building_types": [
      "State Police Station"
     ],
     "recommended": false
    },
    "significance": "Thruway troop station — Troop T polices the New York State Thruway and the I-190 corridor.",
    "sources": [
     {
      "title": "OpenStreetMap — New York State Police — Buffalo (Troop T)",
      "url": "https://www.openstreetmap.org/node/467272849",
      "retrieved": "2026-08-17"
     }
    ],
    "confidence": "low",
    "last_verified": "2026-08-17"
   }
  },
  {
   "type": "Feature",
   "geometry": {
    "type": "Point",
    "coordinates": [
     -78.87989,
     42.88747
    ]
   },
   "properties": {
    "id": "fbi-buffalo",
    "name": "FBI Buffalo Field Office",
    "category": "federal_le",
    "subtype": "field_office",
    "subregion_id": "buffalo",
    "status": "active",
    "agency": {
     "name": "Federal Bureau of Investigation",
     "type": "federal_agency",
     "level": "federal",
     "parent": null
    },
    "address": {
     "street": "One FBI Plaza",
     "city": "Buffalo",
     "county": "Erie",
     "state": "NY",
     "country": "US"
    },
    "units": [],
    "game": {
     "building_types": [
      "Federal Building"
     ],
     "recommended": true
    },
    "significance": "One of the FBI's 55 field offices, covering the seventeen westernmost counties of New York.",
    "sources": [
     {
      "title": "FBI — Buffalo Field Office",
      "url": "https://www.fbi.gov/contact-us/field-offices/buffalo",
      "retrieved": "2026-08-17"
     },
     {
      "title": "OpenStreetMap — FBI Buffalo Field Office",
      "url": "https://www.openstreetmap.org/node/10685124687",
      "retrieved": "2026-08-17"
     }
    ],
    "confidence": "medium",
    "last_verified": "2026-08-17"
   }
  },
  {
   "type": "Feature",
   "geometry": {
    "type": "Point",
    "coordinates": [
     -78.87679,
     42.88318
    ]
   },
   "properties": {
    "id": "dea-buffalo",
    "name": "DEA Buffalo District Office",
    "category": "federal_le",
    "subtype": "resident_agency",
    "subregion_id": "buffalo",
    "status": "active",
    "agency": {
     "name": "Drug Enforcement Administration",
     "type": "federal_agency",
     "level": "federal",
     "parent": null
    },
    "address": {
     "street": "28 Church Street",
     "city": "Buffalo",
     "county": "Erie",
     "state": "NY",
     "country": "US"
    },
    "units": [],
    "game": {
     "building_types": [
      "Federal Building"
     ],
     "recommended": false
    },
    "sources": [
     {
      "title": "OpenStreetMap — geocoded address (Nominatim)",
      "url": "https://www.openstreetmap.org/node/8454665503",
      "retrieved": "2026-08-17"
     },
     {
      "title": "DEA — New York Division",
      "url": "https://www.dea.gov/divisions/new-york",
      "retrieved": "2026-08-17"
     }
    ],
    "confidence": "low",
    "last_verified": "2026-08-17"
   }
  },
  {
   "type": "Feature",
   "geometry": {
    "type": "Point",
    "coordinates": [
     -78.87317,
     42.89034
    ]
   },
   "properties": {
    "id": "atf-buffalo",
    "name": "ATF Buffalo Field Office",
    "category": "federal_le",
    "subtype": "field_office",
    "subregion_id": "buffalo",
    "status": "active",
    "agency": {
     "name": "Bureau of Alcohol, Tobacco, Firearms and Explosives",
     "type": "federal_agency",
     "level": "federal",
     "parent": null
    },
    "address": {
     "street": "598 Main Street",
     "city": "Buffalo",
     "county": "Erie",
     "state": "NY",
     "country": "US"
    },
    "units": [],
    "game": {
     "building_types": [
      "Federal Building"
     ],
     "recommended": false
    },
    "sources": [
     {
      "title": "OpenStreetMap — geocoded address (Nominatim)",
      "url": "https://www.openstreetmap.org/node/8454666537",
      "retrieved": "2026-08-17"
     },
     {
      "title": "ATF — New York Field Division offices",
      "url": "https://www.atf.gov/field-divisions/new-york/field-offices",
      "retrieved": "2026-08-17"
     }
    ],
    "confidence": "low",
    "last_verified": "2026-08-17"
   }
  },
  {
   "type": "Feature",
   "geometry": {
    "type": "Point",
    "coordinates": [
     -78.86044,
     42.99482
    ]
   },
   "properties": {
    "id": "border-patrol-buffalo-station",
    "name": "U.S. Border Patrol — Buffalo Station",
    "category": "federal_le",
    "subtype": "station",
    "subregion_id": "tonawanda-town",
    "status": "active",
    "agency": {
     "name": "U.S. Customs and Border Protection — U.S. Border Patrol",
     "type": "federal_agency",
     "level": "federal",
     "parent": "Buffalo Sector"
    },
    "address": {
     "street": "600 Colvin Woods Parkway",
     "city": "Tonawanda",
     "county": "Erie",
     "state": "NY",
     "country": "US"
    },
    "units": [],
    "game": {
     "building_types": [
      "Federal Building"
     ],
     "recommended": true,
     "notes": "Border enforcement is the structural feature that sets this region apart from an interior metro."
    },
    "significance": "Border Patrol station established in 1924, responsible for 45 miles of international border along Lake Erie and the Niagara River.",
    "sources": [
     {
      "title": "U.S. Customs and Border Protection — Buffalo Station, Buffalo Sector",
      "url": "https://www.cbp.gov/border-security/along-us-borders/border-patrol-sectors/buffalo-sector-new-york/buffalo-station",
      "retrieved": "2026-08-17"
     },
     {
      "title": "OpenStreetMap — geocoded address (Nominatim)",
      "url": "https://www.openstreetmap.org/way/93405135",
      "retrieved": "2026-08-17"
     }
    ],
    "confidence": "medium",
    "last_verified": "2026-08-17"
   }
  },
  {
   "type": "Feature",
   "geometry": {
    "type": "Point",
    "coordinates": [
     -78.89965,
     42.90387
    ]
   },
   "properties": {
    "id": "peace-bridge-port-of-entry",
    "name": "Peace Bridge Port of Entry",
    "category": "federal_le",
    "subtype": "port_of_entry",
    "subregion_id": "buffalo",
    "status": "active",
    "agency": {
     "name": "U.S. Customs and Border Protection — Office of Field Operations",
     "type": "federal_agency",
     "level": "federal",
     "parent": "Buffalo Field Office"
    },
    "address": {
     "street": "1 Peace Bridge Plaza",
     "city": "Buffalo",
     "county": "Erie",
     "state": "NY",
     "country": "US"
    },
    "units": [],
    "game": {
     "building_types": [
      "Federal Building"
     ],
     "recommended": true,
     "notes": "A land border crossing generates its own mission mix — commercial inspection, smuggling, vehicle stops."
    },
    "significance": "One of the busiest US–Canada land crossings, linking Buffalo to Fort Erie, Ontario.",
    "sources": [
     {
      "title": "OpenStreetMap — Peace Bridge border control plaza",
      "url": "https://www.openstreetmap.org/way/231895633",
      "retrieved": "2026-08-17"
     },
     {
      "title": "OpenStreetMap — Peace Bridge",
      "url": "https://www.openstreetmap.org/way/368216246",
      "retrieved": "2026-08-17"
     }
    ],
    "confidence": "medium",
    "last_verified": "2026-08-17"
   }
  },
  {
   "type": "Feature",
   "geometry": {
    "type": "Point",
    "coordinates": [
     -78.883,
     42.87495
    ]
   },
   "properties": {
    "id": "uscg-buffalo",
    "name": "U.S. Coast Guard Sector Buffalo & Station Buffalo",
    "category": "coast_guard",
    "subtype": "sector",
    "subregion_id": "buffalo",
    "status": "active",
    "agency": {
     "name": "United States Coast Guard",
     "type": "federal_agency",
     "level": "federal",
     "parent": null
    },
    "address": {
     "street": "1 Fuhrmann Boulevard",
     "city": "Buffalo",
     "county": "Erie",
     "state": "NY",
     "country": "US"
    },
    "operating_hours": "24_7",
    "units": [],
    "specialties": [
     "marine_rescue"
    ],
    "game": {
     "building_types": [
      "Coast Guard Station",
      "Water Rescue"
     ],
     "recommended": true,
     "notes": "Covers the eastern Great Lakes — search and rescue on Lake Erie and the Niagara River."
    },
    "significance": "Sector headquarters and small-boat station for the eastern Great Lakes, rebuilt on Buffalo's outer harbour in a $30m project completed in 2026.",
    "sources": [
     {
      "title": "OpenStreetMap — geocoded address (Nominatim)",
      "url": "https://www.openstreetmap.org/way/50275594",
      "retrieved": "2026-08-17"
     },
     {
      "title": "Spectrum News — U.S. Coast Guard opens new facility in Buffalo",
      "url": "https://spectrumlocalnews.com/nys/buffalo/news/2026/01/12/u-s--coast-guard-cuts-ribbon-on-new-facility-in-buffalo",
      "retrieved": "2026-08-17"
     }
    ],
    "confidence": "medium",
    "last_verified": "2026-08-17"
   }
  },
  {
   "type": "Feature",
   "geometry": {
    "type": "Point",
    "coordinates": [
     -78.86967,
     42.88205
    ]
   },
   "properties": {
    "id": "erie-county-911",
    "name": "Erie County 9-1-1 Center (Central Police Services)",
    "category": "dispatch",
    "subtype": "psap",
    "subregion_id": "buffalo",
    "status": "active",
    "agency": {
     "name": "Erie County Central Police Services",
     "type": "state_agency",
     "level": "county",
     "parent": "Erie County"
    },
    "address": {
     "street": "45 Elm Street",
     "city": "Buffalo",
     "county": "Erie",
     "state": "NY",
     "country": "US"
    },
    "operating_hours": "24_7",
    "units": [],
    "game": {
     "building_types": [
      "Dispatch Center"
     ],
     "recommended": false,
     "notes": "Context, not a buildable: county call-taking sits behind 15 primary and 5 secondary PSAPs."
    },
    "significance": "The county 9-1-1 centre on the Erie County Public Safety Campus, handling roughly 900,000 calls a year. Erie County is unusually fragmented — 15 primary and 5 secondary PSAPs, including Grand Island Fire Company's own dispatch centre.",
    "sources": [
     {
      "title": "Erie County Central Police Services — Enhanced 9-1-1",
      "url": "https://www3.erie.gov/cps/enhanced-9-1-1",
      "retrieved": "2026-08-17"
     },
     {
      "title": "OpenStreetMap — Erie County Public Safety Campus (geocoded)",
      "url": "https://www.openstreetmap.org/way/331010755",
      "retrieved": "2026-08-17"
     }
    ],
    "confidence": "medium",
    "last_verified": "2026-08-17"
   }
  },
  {
   "type": "Feature",
   "geometry": {
    "type": "Point",
    "coordinates": [
     -78.75252,
     42.90356
    ]
   },
   "properties": {
    "id": "erie-county-emergency-services-center",
    "name": "Erie County Emergency Services Training & Operations Center",
    "category": "dispatch",
    "subtype": "eoc",
    "subregion_id": "cheektowaga",
    "status": "active",
    "agency": {
     "name": "Erie County Division of Fire Safety",
     "type": "state_agency",
     "level": "county",
     "parent": "Erie County"
    },
    "address": {
     "street": "3359 Broadway",
     "city": "Cheektowaga",
     "county": "Erie",
     "state": "NY",
     "country": "US"
    },
    "units": [],
    "game": {
     "building_types": [
      "Dispatch Center"
     ],
     "recommended": false
    },
    "significance": "County fire training academy and emergency operations centre, and the resource hub for the county's 97 fire departments.",
    "sources": [
     {
      "title": "Erie County Division of Fire Safety — About",
      "url": "https://www3.erie.gov/fire/about-fire-safety",
      "retrieved": "2026-08-17"
     },
     {
      "title": "OpenStreetMap — geocoded address (Nominatim)",
      "url": "https://www.openstreetmap.org/node/8457880679",
      "retrieved": "2026-08-17"
     }
    ],
    "confidence": "medium",
    "last_verified": "2026-08-17"
   }
  }
 ]
}
