{
  "type": "FeatureCollection",
  "metadata": {
    "region_id": "us-sc-charleston",
    "name": "Charleston, SC (Tri-County Lowcountry)",
    "country": "US",
    "game_edition": "US",
    "center": [
      -79.95,
      32.85
    ],
    "zoom": 10,
    "subregions": [
      {
        "id": "charleston-county",
        "name": "Charleston County",
        "level": "county",
        "parent": null,
        "center": [
          -79.95,
          32.78
        ],
        "zoom": 10
      },
      {
        "id": "berkeley-county",
        "name": "Berkeley County",
        "level": "county",
        "parent": null,
        "center": [
          -79.95,
          32.95
        ],
        "zoom": 10
      },
      {
        "id": "dorchester-county",
        "name": "Dorchester County",
        "level": "county",
        "parent": null,
        "center": [
          -80.18,
          33
        ],
        "zoom": 10
      },
      {
        "id": "charleston-peninsula",
        "name": "Charleston Peninsula (Downtown)",
        "level": "district",
        "parent": "charleston-county",
        "center": [
          -79.9375,
          32.784
        ],
        "zoom": 14
      },
      {
        "id": "west-ashley",
        "name": "West Ashley",
        "level": "district",
        "parent": "charleston-county",
        "center": [
          -80.03,
          32.807
        ],
        "zoom": 12
      },
      {
        "id": "james-island",
        "name": "James Island",
        "level": "district",
        "parent": "charleston-county",
        "center": [
          -79.955,
          32.73
        ],
        "zoom": 12
      },
      {
        "id": "johns-island",
        "name": "Johns Island",
        "level": "district",
        "parent": "charleston-county",
        "center": [
          -80.08,
          32.71
        ],
        "zoom": 12
      },
      {
        "id": "sea-islands",
        "name": "Kiawah, Seabrook & Wadmalaw",
        "level": "district",
        "parent": "charleston-county",
        "center": [
          -80.12,
          32.62
        ],
        "zoom": 12
      },
      {
        "id": "north-charleston",
        "name": "North Charleston",
        "level": "municipality",
        "parent": "charleston-county",
        "center": [
          -80.02,
          32.89
        ],
        "zoom": 12
      },
      {
        "id": "mount-pleasant",
        "name": "Mount Pleasant",
        "level": "municipality",
        "parent": "charleston-county",
        "center": [
          -79.85,
          32.83
        ],
        "zoom": 12
      },
      {
        "id": "isle-of-palms",
        "name": "Isle of Palms",
        "level": "municipality",
        "parent": "charleston-county",
        "center": [
          -79.775,
          32.795
        ],
        "zoom": 13
      },
      {
        "id": "sullivans-island",
        "name": "Sullivan's Island",
        "level": "municipality",
        "parent": "charleston-county",
        "center": [
          -79.84,
          32.762
        ],
        "zoom": 14
      },
      {
        "id": "folly-beach",
        "name": "Folly Beach",
        "level": "municipality",
        "parent": "charleston-county",
        "center": [
          -79.942,
          32.656
        ],
        "zoom": 14
      },
      {
        "id": "st-pauls",
        "name": "St. Paul's (Hollywood–Ravenel–Edisto)",
        "level": "district",
        "parent": "charleston-county",
        "center": [
          -80.24,
          32.72
        ],
        "zoom": 11
      },
      {
        "id": "awendaw-mcclellanville",
        "name": "Awendaw & McClellanville",
        "level": "district",
        "parent": "charleston-county",
        "center": [
          -79.62,
          33
        ],
        "zoom": 11
      },
      {
        "id": "daniel-island-cainhoy",
        "name": "Daniel Island & Cainhoy",
        "level": "district",
        "parent": "berkeley-county",
        "center": [
          -79.88,
          32.9
        ],
        "zoom": 12
      },
      {
        "id": "hanahan",
        "name": "Hanahan",
        "level": "municipality",
        "parent": "berkeley-county",
        "center": [
          -80.005,
          32.925
        ],
        "zoom": 13
      },
      {
        "id": "goose-creek",
        "name": "Goose Creek",
        "level": "municipality",
        "parent": "berkeley-county",
        "center": [
          -80.04,
          33.005
        ],
        "zoom": 12
      },
      {
        "id": "summerville",
        "name": "Summerville",
        "level": "municipality",
        "parent": "dorchester-county",
        "center": [
          -80.175,
          33.01
        ],
        "zoom": 12
      },
      {
        "id": "lincolnville",
        "name": "Lincolnville",
        "level": "municipality",
        "parent": "dorchester-county",
        "center": [
          -80.16,
          33.01
        ],
        "zoom": 14
      },
      {
        "id": "ridgeville",
        "name": "Ridgeville",
        "level": "municipality",
        "parent": "dorchester-county",
        "center": [
          -80.29,
          33.09
        ],
        "zoom": 12
      },
      {
        "id": "ashley-river-dorchester",
        "name": "Ashley River / Dorchester Road corridor",
        "level": "district",
        "parent": "dorchester-county",
        "center": [
          -80.105,
          32.915
        ],
        "zoom": 12
      }
    ],
    "generated_by": "agent",
    "generated_at": "2026-08-16",
    "schema_version": 2
  },
  "features": [
    {
      "type": "Feature",
      "geometry": {
        "type": "Point",
        "coordinates": [
          -79.93197,
          32.78354
        ]
      },
      "properties": {
        "id": "cfd-station-2-3",
        "name": "Charleston Fire Department Station 2/3 (Central)",
        "category": "fire",
        "subtype": "career",
        "subregion_id": "charleston-peninsula",
        "status": "active",
        "agency": {
          "name": "City of Charleston Fire Department",
          "type": "fire_department",
          "level": "municipal",
          "parent": null
        },
        "designation": "Station 2/3 (Central)",
        "address": {
          "street": "262-264 Meeting Street",
          "city": "Charleston",
          "county": "Charleston",
          "state": "SC",
          "country": "US"
        },
        "staffing_model": "career",
        "operating_hours": "24_7",
        "units": [
          {
            "type": "engine",
            "designation": "Engine 102",
            "count": 1
          },
          {
            "type": "engine",
            "designation": "Engine 103",
            "count": 1
          },
          {
            "type": "battalion",
            "designation": "Battalion 103",
            "count": 1
          }
        ],
        "game": {
          "building_types": [
            "Fire Station"
          ],
          "recommended": true,
          "notes": "Downtown double house — stock two engines plus a battalion chief to mirror it."
        },
        "significance": "Central station on the Charleston peninsula, running two engine companies over the dense historic downtown.",
        "sources": [
          {
            "title": "OpenStreetMap — Charleston Fire Department Station 2",
            "url": "https://www.openstreetmap.org/node/367805481",
            "retrieved": "2026-08-16"
          },
          {
            "title": "FDmaps — Charleston County, SC fire stations & apparatus",
            "url": "https://sc.fdmaps.com/charleston-county/",
            "retrieved": "2026-08-16"
          },
          {
            "title": "Wikipedia — City of Charleston Fire Department",
            "url": "https://en.wikipedia.org/wiki/City_of_Charleston_Fire_Department",
            "retrieved": "2026-08-16"
          }
        ],
        "confidence": "medium",
        "last_verified": "2026-08-16"
      }
    },
    {
      "type": "Feature",
      "geometry": {
        "type": "Point",
        "coordinates": [
          -79.94109,
          32.7917
        ]
      },
      "properties": {
        "id": "cfd-station-6",
        "name": "Charleston Fire Department Station 6",
        "category": "fire",
        "subtype": "career",
        "subregion_id": "charleston-peninsula",
        "status": "active",
        "agency": {
          "name": "City of Charleston Fire Department",
          "type": "fire_department",
          "level": "municipal",
          "parent": null
        },
        "designation": "Station 6",
        "address": {
          "street": "5 Cannon Street",
          "city": "Charleston",
          "county": "Charleston",
          "state": "SC",
          "country": "US"
        },
        "staffing_model": "career",
        "operating_hours": "24_7",
        "units": [
          {
            "type": "engine",
            "designation": "Engine 106",
            "count": 1
          }
        ],
        "game": {
          "building_types": [
            "Fire Station"
          ]
        },
        "sources": [
          {
            "title": "OpenStreetMap — Charleston Fire Department Station 6",
            "url": "https://www.openstreetmap.org/way/446040422",
            "retrieved": "2026-08-16"
          },
          {
            "title": "FDmaps — Charleston County, SC fire stations & apparatus",
            "url": "https://sc.fdmaps.com/charleston-county/",
            "retrieved": "2026-08-16"
          },
          {
            "title": "Wikipedia — City of Charleston Fire Department",
            "url": "https://en.wikipedia.org/wiki/City_of_Charleston_Fire_Department",
            "retrieved": "2026-08-16"
          }
        ],
        "confidence": "medium",
        "last_verified": "2026-08-16"
      }
    },
    {
      "type": "Feature",
      "geometry": {
        "type": "Point",
        "coordinates": [
          -79.94486,
          32.72444
        ]
      },
      "properties": {
        "id": "cfd-station-7",
        "name": "Charleston Fire Department Station 7",
        "category": "fire",
        "subtype": "career",
        "subregion_id": "james-island",
        "status": "active",
        "agency": {
          "name": "City of Charleston Fire Department",
          "type": "fire_department",
          "level": "municipal",
          "parent": null
        },
        "designation": "Station 7",
        "address": {
          "street": "1173 Fort Johnson Road",
          "city": "Charleston",
          "county": "Charleston",
          "state": "SC",
          "country": "US"
        },
        "staffing_model": "career",
        "operating_hours": "24_7",
        "units": [
          {
            "type": "engine",
            "designation": "Engine 107",
            "count": 1
          }
        ],
        "game": {
          "building_types": [
            "Fire Station"
          ]
        },
        "sources": [
          {
            "title": "OpenStreetMap — Charleston Fire Department Station 7",
            "url": "https://www.openstreetmap.org/node/367805370",
            "retrieved": "2026-08-16"
          },
          {
            "title": "FDmaps — Charleston County, SC fire stations & apparatus",
            "url": "https://sc.fdmaps.com/charleston-county/",
            "retrieved": "2026-08-16"
          },
          {
            "title": "Wikipedia — City of Charleston Fire Department",
            "url": "https://en.wikipedia.org/wiki/City_of_Charleston_Fire_Department",
            "retrieved": "2026-08-16"
          }
        ],
        "confidence": "medium",
        "last_verified": "2026-08-16"
      }
    },
    {
      "type": "Feature",
      "geometry": {
        "type": "Point",
        "coordinates": [
          -79.94963,
          32.79981
        ]
      },
      "properties": {
        "id": "cfd-station-8",
        "name": "Charleston Fire Department Station 8",
        "category": "fire",
        "subtype": "career",
        "subregion_id": "charleston-peninsula",
        "status": "active",
        "agency": {
          "name": "City of Charleston Fire Department",
          "type": "fire_department",
          "level": "municipal",
          "parent": null
        },
        "designation": "Station 8",
        "address": {
          "street": "370 Huger Street",
          "city": "Charleston",
          "county": "Charleston",
          "state": "SC",
          "country": "US"
        },
        "staffing_model": "career",
        "operating_hours": "24_7",
        "units": [
          {
            "type": "engine",
            "designation": "Engine 108",
            "count": 1
          }
        ],
        "game": {
          "building_types": [
            "Fire Station"
          ]
        },
        "sources": [
          {
            "title": "OpenStreetMap — Charleston Fire Department Station 8",
            "url": "https://www.openstreetmap.org/node/367805576",
            "retrieved": "2026-08-16"
          },
          {
            "title": "FDmaps — Charleston County, SC fire stations & apparatus",
            "url": "https://sc.fdmaps.com/charleston-county/",
            "retrieved": "2026-08-16"
          },
          {
            "title": "Wikipedia — City of Charleston Fire Department",
            "url": "https://en.wikipedia.org/wiki/City_of_Charleston_Fire_Department",
            "retrieved": "2026-08-16"
          }
        ],
        "confidence": "medium",
        "last_verified": "2026-08-16"
      }
    },
    {
      "type": "Feature",
      "geometry": {
        "type": "Point",
        "coordinates": [
          -79.95175,
          32.81654
        ]
      },
      "properties": {
        "id": "cfd-station-9",
        "name": "Charleston Fire Department Station 9",
        "category": "fire",
        "subtype": "career",
        "subregion_id": "charleston-peninsula",
        "status": "active",
        "agency": {
          "name": "City of Charleston Fire Department",
          "type": "fire_department",
          "level": "municipal",
          "parent": null
        },
        "designation": "Station 9",
        "address": {
          "street": "1451 King Street Extension",
          "city": "Charleston",
          "county": "Charleston",
          "state": "SC",
          "country": "US"
        },
        "staffing_model": "career",
        "operating_hours": "24_7",
        "units": [
          {
            "type": "engine",
            "designation": "Engine 109",
            "count": 1
          },
          {
            "type": "hazmat",
            "designation": "HazMat 101",
            "count": 1
          }
        ],
        "specialties": [
          "hazmat"
        ],
        "game": {
          "building_types": [
            "Fire Station"
          ],
          "recommended": true,
          "notes": "Pair an engine with a hazmat unit — this is the department hazmat house and is co-located with CFD headquarters."
        },
        "significance": "Upper-peninsula house carrying one of CFD's two hazmat units; the department's headquarters sits on the same site.",
        "sources": [
          {
            "title": "OpenStreetMap — Charleston Fire Department Station 9",
            "url": "https://www.openstreetmap.org/node/367805790",
            "retrieved": "2026-08-16"
          },
          {
            "title": "OpenStreetMap — Charleston Fire Department Headquarters",
            "url": "https://www.openstreetmap.org/node/3521811885",
            "retrieved": "2026-08-16"
          },
          {
            "title": "FDmaps — Charleston County, SC fire stations & apparatus",
            "url": "https://sc.fdmaps.com/charleston-county/",
            "retrieved": "2026-08-16"
          },
          {
            "title": "Wikipedia — City of Charleston Fire Department",
            "url": "https://en.wikipedia.org/wiki/City_of_Charleston_Fire_Department",
            "retrieved": "2026-08-16"
          }
        ],
        "confidence": "medium",
        "last_verified": "2026-08-16"
      }
    },
    {
      "type": "Feature",
      "geometry": {
        "type": "Point",
        "coordinates": [
          -79.98505,
          32.78164
        ]
      },
      "properties": {
        "id": "cfd-station-10",
        "name": "Charleston Fire Department Station 10",
        "category": "fire",
        "subtype": "career",
        "subregion_id": "west-ashley",
        "status": "active",
        "agency": {
          "name": "City of Charleston Fire Department",
          "type": "fire_department",
          "level": "municipal",
          "parent": null
        },
        "designation": "Station 10",
        "address": {
          "street": "1 Nicholson Drive",
          "city": "Charleston",
          "county": "Charleston",
          "state": "SC",
          "country": "US"
        },
        "staffing_model": "career",
        "operating_hours": "24_7",
        "units": [
          {
            "type": "engine",
            "designation": "Engine 110",
            "count": 1
          },
          {
            "type": "ladder",
            "designation": "Tower 105",
            "count": 1,
            "attributes": {
              "platform": true
            }
          }
        ],
        "game": {
          "building_types": [
            "Fire Station"
          ]
        },
        "sources": [
          {
            "title": "OpenStreetMap — Charleston Fire Department Station 10",
            "url": "https://www.openstreetmap.org/node/367805685",
            "retrieved": "2026-08-16"
          },
          {
            "title": "FDmaps — Charleston County, SC fire stations & apparatus",
            "url": "https://sc.fdmaps.com/charleston-county/",
            "retrieved": "2026-08-16"
          },
          {
            "title": "Wikipedia — City of Charleston Fire Department",
            "url": "https://en.wikipedia.org/wiki/City_of_Charleston_Fire_Department",
            "retrieved": "2026-08-16"
          }
        ],
        "confidence": "medium",
        "last_verified": "2026-08-16"
      }
    },
    {
      "type": "Feature",
      "geometry": {
        "type": "Point",
        "coordinates": [
          -80.02278,
          32.78805
        ]
      },
      "properties": {
        "id": "cfd-station-11",
        "name": "Charleston Fire Department Station 11",
        "category": "fire",
        "subtype": "career",
        "subregion_id": "west-ashley",
        "status": "active",
        "agency": {
          "name": "City of Charleston Fire Department",
          "type": "fire_department",
          "level": "municipal",
          "parent": null
        },
        "designation": "Station 11",
        "address": {
          "street": "Savannah Highway",
          "city": "Charleston",
          "county": "Charleston",
          "state": "SC",
          "country": "US"
        },
        "staffing_model": "career",
        "operating_hours": "24_7",
        "units": [
          {
            "type": "engine",
            "designation": "Engine 111",
            "count": 1
          },
          {
            "type": "battalion",
            "designation": "Battalion 104",
            "count": 1
          },
          {
            "type": "hazmat",
            "designation": "HazMat 111",
            "count": 1
          },
          {
            "type": "air_light",
            "designation": "Air 101",
            "count": 1
          }
        ],
        "specialties": [
          "hazmat"
        ],
        "game": {
          "building_types": [
            "Fire Station"
          ]
        },
        "significance": "West Ashley battalion house; carries the second hazmat unit and the department air & light unit.",
        "sources": [
          {
            "title": "OpenStreetMap — Charleston Fire Department Station 11",
            "url": "https://www.openstreetmap.org/way/1006320031",
            "retrieved": "2026-08-16"
          },
          {
            "title": "FDmaps — Charleston County, SC fire stations & apparatus",
            "url": "https://sc.fdmaps.com/charleston-county/",
            "retrieved": "2026-08-16"
          },
          {
            "title": "Wikipedia — City of Charleston Fire Department",
            "url": "https://en.wikipedia.org/wiki/City_of_Charleston_Fire_Department",
            "retrieved": "2026-08-16"
          }
        ],
        "confidence": "medium",
        "last_verified": "2026-08-16"
      }
    },
    {
      "type": "Feature",
      "geometry": {
        "type": "Point",
        "coordinates": [
          -79.99625,
          32.8054
        ]
      },
      "properties": {
        "id": "cfd-station-12",
        "name": "Charleston Fire Department Station 12",
        "category": "fire",
        "subtype": "career",
        "subregion_id": "west-ashley",
        "status": "active",
        "agency": {
          "name": "City of Charleston Fire Department",
          "type": "fire_department",
          "level": "municipal",
          "parent": null
        },
        "designation": "Station 12",
        "address": {
          "street": "1352 Old Towne Road",
          "city": "Charleston",
          "county": "Charleston",
          "state": "SC",
          "country": "US"
        },
        "staffing_model": "career",
        "operating_hours": "24_7",
        "units": [
          {
            "type": "engine",
            "designation": "Engine 112",
            "count": 1
          }
        ],
        "game": {
          "building_types": [
            "Fire Station"
          ]
        },
        "sources": [
          {
            "title": "OpenStreetMap — Charleston Fire Department Station 12",
            "url": "https://www.openstreetmap.org/way/654843936",
            "retrieved": "2026-08-16"
          },
          {
            "title": "FDmaps — Charleston County, SC fire stations & apparatus",
            "url": "https://sc.fdmaps.com/charleston-county/",
            "retrieved": "2026-08-16"
          },
          {
            "title": "Wikipedia — City of Charleston Fire Department",
            "url": "https://en.wikipedia.org/wiki/City_of_Charleston_Fire_Department",
            "retrieved": "2026-08-16"
          }
        ],
        "confidence": "medium",
        "last_verified": "2026-08-16"
      }
    },
    {
      "type": "Feature",
      "geometry": {
        "type": "Point",
        "coordinates": [
          -79.97362,
          32.75883
        ]
      },
      "properties": {
        "id": "cfd-station-13",
        "name": "Charleston Fire Department Station 13",
        "category": "fire",
        "subtype": "career",
        "subregion_id": "james-island",
        "status": "active",
        "agency": {
          "name": "City of Charleston Fire Department",
          "type": "fire_department",
          "level": "municipal",
          "parent": null
        },
        "designation": "Station 13",
        "address": {
          "street": "358 Folly Road",
          "city": "Charleston",
          "county": "Charleston",
          "state": "SC",
          "country": "US"
        },
        "staffing_model": "career",
        "operating_hours": "24_7",
        "units": [
          {
            "type": "engine",
            "designation": "Engine 113",
            "count": 1
          },
          {
            "type": "battalion",
            "designation": "Battalion 105",
            "count": 1
          }
        ],
        "game": {
          "building_types": [
            "Fire Station"
          ]
        },
        "sources": [
          {
            "title": "OpenStreetMap — Charleston Fire Department Station 13",
            "url": "https://www.openstreetmap.org/node/367805720",
            "retrieved": "2026-08-16"
          },
          {
            "title": "FDmaps — Charleston County, SC fire stations & apparatus",
            "url": "https://sc.fdmaps.com/charleston-county/",
            "retrieved": "2026-08-16"
          },
          {
            "title": "Wikipedia — City of Charleston Fire Department",
            "url": "https://en.wikipedia.org/wiki/City_of_Charleston_Fire_Department",
            "retrieved": "2026-08-16"
          }
        ],
        "confidence": "medium",
        "last_verified": "2026-08-16"
      }
    },
    {
      "type": "Feature",
      "geometry": {
        "type": "Point",
        "coordinates": [
          -80.07708,
          32.80742
        ]
      },
      "properties": {
        "id": "cfd-station-14",
        "name": "Charleston Fire Department Station 14",
        "category": "fire",
        "subtype": "career",
        "subregion_id": "west-ashley",
        "status": "active",
        "agency": {
          "name": "City of Charleston Fire Department",
          "type": "fire_department",
          "level": "municipal",
          "parent": null
        },
        "designation": "Station 14",
        "address": {
          "street": "3005 Memorial Drive",
          "city": "Charleston",
          "county": "Charleston",
          "state": "SC",
          "country": "US"
        },
        "staffing_model": "career",
        "operating_hours": "24_7",
        "units": [
          {
            "type": "engine",
            "designation": "Engine 114",
            "count": 1
          }
        ],
        "game": {
          "building_types": [
            "Fire Station"
          ]
        },
        "sources": [
          {
            "title": "OpenStreetMap — Charleston Fire Department Station 14",
            "url": "https://www.openstreetmap.org/node/5996890132",
            "retrieved": "2026-08-16"
          },
          {
            "title": "FDmaps — Charleston County, SC fire stations & apparatus",
            "url": "https://sc.fdmaps.com/charleston-county/",
            "retrieved": "2026-08-16"
          },
          {
            "title": "Wikipedia — City of Charleston Fire Department",
            "url": "https://en.wikipedia.org/wiki/City_of_Charleston_Fire_Department",
            "retrieved": "2026-08-16"
          }
        ],
        "confidence": "medium",
        "last_verified": "2026-08-16"
      }
    },
    {
      "type": "Feature",
      "geometry": {
        "type": "Point",
        "coordinates": [
          -79.9413,
          32.78875
        ]
      },
      "properties": {
        "id": "cfd-station-15",
        "name": "Charleston Fire Department Station 15",
        "category": "fire",
        "subtype": "career",
        "subregion_id": "charleston-peninsula",
        "status": "active",
        "agency": {
          "name": "City of Charleston Fire Department",
          "type": "fire_department",
          "level": "municipal",
          "parent": null
        },
        "designation": "Station 15",
        "address": {
          "street": "162 Coming Street",
          "city": "Charleston",
          "county": "Charleston",
          "state": "SC",
          "country": "US"
        },
        "staffing_model": "career",
        "operating_hours": "24_7",
        "units": [
          {
            "type": "engine",
            "designation": "Engine 115",
            "count": 1
          },
          {
            "type": "ladder",
            "designation": "Ladder 104",
            "count": 1,
            "attributes": {
              "tiller": true
            }
          },
          {
            "type": "rescue",
            "designation": "Rescue 115",
            "count": 1
          }
        ],
        "specialties": [
          "technical_rescue"
        ],
        "game": {
          "building_types": [
            "Fire Station"
          ],
          "recommended": true,
          "notes": "Engine + tiller ladder + heavy rescue in one downtown house — the highest-value single build on the peninsula."
        },
        "significance": "Houses CFD's heavy rescue alongside a tillered aerial, covering the medical district and the dense historic core.",
        "sources": [
          {
            "title": "OpenStreetMap — Charleston Fire Department Station 15",
            "url": "https://www.openstreetmap.org/way/446040421",
            "retrieved": "2026-08-16"
          },
          {
            "title": "FDmaps — Charleston County, SC fire stations & apparatus",
            "url": "https://sc.fdmaps.com/charleston-county/",
            "retrieved": "2026-08-16"
          },
          {
            "title": "Wikipedia — City of Charleston Fire Department",
            "url": "https://en.wikipedia.org/wiki/City_of_Charleston_Fire_Department",
            "retrieved": "2026-08-16"
          }
        ],
        "confidence": "medium",
        "last_verified": "2026-08-16"
      }
    },
    {
      "type": "Feature",
      "geometry": {
        "type": "Point",
        "coordinates": [
          -80.03053,
          32.81793
        ]
      },
      "properties": {
        "id": "cfd-station-16",
        "name": "Charleston Fire Department Station 16",
        "category": "fire",
        "subtype": "career",
        "subregion_id": "west-ashley",
        "status": "active",
        "agency": {
          "name": "City of Charleston Fire Department",
          "type": "fire_department",
          "level": "municipal",
          "parent": null
        },
        "designation": "Station 16",
        "address": {
          "street": "81 Ashley Hall Plantation Road",
          "city": "Charleston",
          "county": "Charleston",
          "state": "SC",
          "country": "US"
        },
        "staffing_model": "career",
        "operating_hours": "24_7",
        "units": [
          {
            "type": "engine",
            "designation": "Engine 116",
            "count": 1
          }
        ],
        "game": {
          "building_types": [
            "Fire Station"
          ]
        },
        "significance": "OSM maps Stations 16 and 19 to a single pin; the two houses are recorded separately here from published addresses.",
        "sources": [
          {
            "title": "OpenStreetMap — Charleston Fire Department Station 16 and 19",
            "url": "https://www.openstreetmap.org/node/367805500",
            "retrieved": "2026-08-16"
          },
          {
            "title": "FDmaps — Charleston County, SC fire stations & apparatus",
            "url": "https://sc.fdmaps.com/charleston-county/",
            "retrieved": "2026-08-16"
          },
          {
            "title": "Wikipedia — City of Charleston Fire Department",
            "url": "https://en.wikipedia.org/wiki/City_of_Charleston_Fire_Department",
            "retrieved": "2026-08-16"
          }
        ],
        "confidence": "medium",
        "last_verified": "2026-08-16"
      }
    },
    {
      "type": "Feature",
      "geometry": {
        "type": "Point",
        "coordinates": [
          -80.03043,
          32.73419
        ]
      },
      "properties": {
        "id": "cfd-station-17",
        "name": "Charleston Fire Department Station 17",
        "category": "fire",
        "subtype": "career",
        "subregion_id": "johns-island",
        "status": "active",
        "agency": {
          "name": "City of Charleston Fire Department",
          "type": "fire_department",
          "level": "municipal",
          "parent": null
        },
        "designation": "Station 17",
        "address": {
          "street": "1830 Bohicket Road",
          "city": "Johns Island",
          "county": "Charleston",
          "state": "SC",
          "country": "US"
        },
        "staffing_model": "career",
        "operating_hours": "24_7",
        "units": [
          {
            "type": "engine",
            "designation": "Engine 117",
            "count": 1
          },
          {
            "type": "ladder",
            "designation": "Tower 106",
            "count": 1,
            "attributes": {
              "platform": true
            }
          },
          {
            "type": "brush",
            "designation": "Brush 117",
            "count": 1
          }
        ],
        "specialties": [
          "wildland"
        ],
        "game": {
          "building_types": [
            "Fire Station"
          ]
        },
        "significance": "City of Charleston house on Johns Island — the rural/urban interface station, with a brush unit for marsh and woods fire.",
        "sources": [
          {
            "title": "OpenStreetMap — Charleston Fire Department Station 17",
            "url": "https://www.openstreetmap.org/node/367805554",
            "retrieved": "2026-08-16"
          },
          {
            "title": "FDmaps — Charleston County, SC fire stations & apparatus",
            "url": "https://sc.fdmaps.com/charleston-county/",
            "retrieved": "2026-08-16"
          },
          {
            "title": "Wikipedia — City of Charleston Fire Department",
            "url": "https://en.wikipedia.org/wiki/City_of_Charleston_Fire_Department",
            "retrieved": "2026-08-16"
          }
        ],
        "confidence": "medium",
        "last_verified": "2026-08-16"
      }
    },
    {
      "type": "Feature",
      "geometry": {
        "type": "Point",
        "coordinates": [
          -79.90853,
          32.85939
        ]
      },
      "properties": {
        "id": "cfd-station-18",
        "name": "Charleston Fire Department Station 18",
        "category": "fire",
        "subtype": "career",
        "subregion_id": "daniel-island-cainhoy",
        "status": "active",
        "agency": {
          "name": "City of Charleston Fire Department",
          "type": "fire_department",
          "level": "municipal",
          "parent": null
        },
        "designation": "Station 18",
        "address": {
          "street": "235 Seven Farms Drive",
          "city": "Charleston",
          "county": "Berkeley",
          "state": "SC",
          "country": "US"
        },
        "staffing_model": "career",
        "operating_hours": "24_7",
        "units": [
          {
            "type": "engine",
            "designation": "Engine 118",
            "count": 1
          },
          {
            "type": "ladder",
            "designation": "Ladder 101",
            "count": 1,
            "attributes": {
              "tiller": true
            }
          },
          {
            "type": "battalion",
            "designation": "Battalion 106",
            "count": 1
          }
        ],
        "game": {
          "building_types": [
            "Fire Station"
          ]
        },
        "significance": "Daniel Island battalion house — City of Charleston coverage inside Berkeley County.",
        "sources": [
          {
            "title": "OpenStreetMap — Charleston Fire Department Station 18",
            "url": "https://www.openstreetmap.org/way/1488816645",
            "retrieved": "2026-08-16"
          },
          {
            "title": "FDmaps — Charleston County, SC fire stations & apparatus",
            "url": "https://sc.fdmaps.com/charleston-county/",
            "retrieved": "2026-08-16"
          },
          {
            "title": "Wikipedia — City of Charleston Fire Department",
            "url": "https://en.wikipedia.org/wiki/City_of_Charleston_Fire_Department",
            "retrieved": "2026-08-16"
          }
        ],
        "confidence": "medium",
        "last_verified": "2026-08-16"
      }
    },
    {
      "type": "Feature",
      "geometry": {
        "type": "Point",
        "coordinates": [
          -80.1119,
          32.80793
        ]
      },
      "properties": {
        "id": "cfd-station-19",
        "name": "Charleston Fire Department Station 19",
        "category": "fire",
        "subtype": "career",
        "subregion_id": "west-ashley",
        "status": "active",
        "agency": {
          "name": "City of Charleston Fire Department",
          "type": "fire_department",
          "level": "municipal",
          "parent": null
        },
        "designation": "Station 19",
        "address": {
          "street": "Bees Ferry Road",
          "city": "Charleston",
          "county": "Charleston",
          "state": "SC",
          "country": "US"
        },
        "staffing_model": "career",
        "operating_hours": "24_7",
        "units": [
          {
            "type": "engine",
            "designation": "Engine 119",
            "count": 1
          },
          {
            "type": "ladder",
            "designation": "Tower 102",
            "count": 1,
            "attributes": {
              "platform": true
            }
          }
        ],
        "game": {
          "building_types": [
            "Fire Station"
          ]
        },
        "significance": "Outer West Ashley growth-corridor house. Street number differs between published sources, so the point is geocoded to Bees Ferry Road only.",
        "sources": [
          {
            "title": "FDmaps — Charleston County, SC fire stations & apparatus",
            "url": "https://sc.fdmaps.com/charleston-county/",
            "retrieved": "2026-08-16"
          },
          {
            "title": "Wikipedia — City of Charleston Fire Department",
            "url": "https://en.wikipedia.org/wiki/City_of_Charleston_Fire_Department",
            "retrieved": "2026-08-16"
          },
          {
            "title": "OpenStreetMap Nominatim geocoding of the published street address",
            "url": "https://nominatim.openstreetmap.org/",
            "retrieved": "2026-08-16"
          }
        ],
        "confidence": "low",
        "last_verified": "2026-08-16"
      }
    },
    {
      "type": "Feature",
      "geometry": {
        "type": "Point",
        "coordinates": [
          -79.93233,
          32.88758
        ]
      },
      "properties": {
        "id": "cfd-station-20",
        "name": "Charleston Fire Department Station 20",
        "category": "fire",
        "subtype": "career",
        "subregion_id": "daniel-island-cainhoy",
        "status": "active",
        "agency": {
          "name": "City of Charleston Fire Department",
          "type": "fire_department",
          "level": "municipal",
          "parent": null
        },
        "designation": "Station 20",
        "address": {
          "street": "Pinefield Road",
          "city": "Charleston",
          "county": "Berkeley",
          "state": "SC",
          "country": "US"
        },
        "staffing_model": "career",
        "operating_hours": "24_7",
        "units": [
          {
            "type": "engine",
            "designation": "Engine 120",
            "count": 1
          },
          {
            "type": "brush",
            "designation": "Brush 120",
            "count": 1
          }
        ],
        "specialties": [
          "wildland"
        ],
        "game": {
          "building_types": [
            "Fire Station"
          ]
        },
        "sources": [
          {
            "title": "OpenStreetMap — Charleston Fire Department Station 20",
            "url": "https://www.openstreetmap.org/way/1419246691",
            "retrieved": "2026-08-16"
          },
          {
            "title": "FDmaps — Charleston County, SC fire stations & apparatus",
            "url": "https://sc.fdmaps.com/charleston-county/",
            "retrieved": "2026-08-16"
          },
          {
            "title": "Wikipedia — City of Charleston Fire Department",
            "url": "https://en.wikipedia.org/wiki/City_of_Charleston_Fire_Department",
            "retrieved": "2026-08-16"
          }
        ],
        "confidence": "medium",
        "last_verified": "2026-08-16"
      }
    },
    {
      "type": "Feature",
      "geometry": {
        "type": "Point",
        "coordinates": [
          -79.84111,
          32.94551
        ]
      },
      "properties": {
        "id": "cfd-station-21",
        "name": "Charleston Fire Department Station 21",
        "category": "fire",
        "subtype": "career",
        "subregion_id": "daniel-island-cainhoy",
        "status": "active",
        "agency": {
          "name": "City of Charleston Fire Department",
          "type": "fire_department",
          "level": "municipal",
          "parent": null
        },
        "designation": "Station 21",
        "address": {
          "street": "Cainhoy Road",
          "city": "Charleston",
          "county": "Berkeley",
          "state": "SC",
          "country": "US"
        },
        "staffing_model": "career",
        "operating_hours": "24_7",
        "units": [
          {
            "type": "engine",
            "designation": "Engine 121",
            "count": 1
          },
          {
            "type": "tanker",
            "designation": "Tender 121",
            "count": 1
          }
        ],
        "game": {
          "building_types": [
            "Fire Station"
          ]
        },
        "significance": "Cainhoy peninsula house covering the rural Clements Ferry growth corridor; carries a water tender for the unhydranted area.",
        "sources": [
          {
            "title": "Wikipedia — City of Charleston Fire Department",
            "url": "https://en.wikipedia.org/wiki/City_of_Charleston_Fire_Department",
            "retrieved": "2026-08-16"
          },
          {
            "title": "OpenStreetMap Nominatim geocoding of the published street address",
            "url": "https://nominatim.openstreetmap.org/",
            "retrieved": "2026-08-16"
          }
        ],
        "confidence": "low",
        "last_verified": "2026-08-16"
      }
    },
    {
      "type": "Feature",
      "geometry": {
        "type": "Point",
        "coordinates": [
          -79.92478,
          32.7753
        ]
      },
      "properties": {
        "id": "cfd-marine-101",
        "name": "Charleston Fire Department Fire Boat (Marine 101)",
        "category": "fire",
        "subtype": "career",
        "subregion_id": "charleston-peninsula",
        "status": "active",
        "agency": {
          "name": "City of Charleston Fire Department",
          "type": "fire_department",
          "level": "municipal",
          "parent": null
        },
        "designation": "Marine 101",
        "address": {
          "street": "Concord Street",
          "city": "Charleston",
          "county": "Charleston",
          "state": "SC",
          "country": "US"
        },
        "staffing_model": "career",
        "operating_hours": "on_call",
        "units": [
          {
            "type": "marine",
            "designation": "Marine 101",
            "count": 1
          },
          {
            "type": "marine",
            "designation": "Boat 102",
            "count": 1
          }
        ],
        "specialties": [
          "marine_rescue"
        ],
        "game": {
          "building_types": [
            "Fire Station",
            "Water Rescue"
          ],
          "notes": "Charleston Harbor and the two rivers drive real marine workload — a fireboat is worth building here."
        },
        "significance": "CFD's fireboat berth on the Cooper River waterfront, covering the harbor, cruise terminal and container port.",
        "sources": [
          {
            "title": "FDmaps — Charleston County, SC fire stations & apparatus",
            "url": "https://sc.fdmaps.com/charleston-county/",
            "retrieved": "2026-08-16"
          },
          {
            "title": "Wikipedia — City of Charleston Fire Department",
            "url": "https://en.wikipedia.org/wiki/City_of_Charleston_Fire_Department",
            "retrieved": "2026-08-16"
          },
          {
            "title": "OpenStreetMap Nominatim geocoding of the published street address",
            "url": "https://nominatim.openstreetmap.org/",
            "retrieved": "2026-08-16"
          }
        ],
        "confidence": "medium",
        "last_verified": "2026-08-16"
      }
    },
    {
      "type": "Feature",
      "geometry": {
        "type": "Point",
        "coordinates": [
          -79.9317,
          32.78351
        ]
      },
      "properties": {
        "id": "cfd-command-training-center",
        "name": "CFD Command Training Center (former headquarters)",
        "category": "fire",
        "subtype": "training",
        "subregion_id": "charleston-peninsula",
        "status": "active",
        "agency": {
          "name": "City of Charleston Fire Department",
          "type": "fire_department",
          "level": "municipal",
          "parent": null
        },
        "designation": null,
        "address": {
          "street": "Meeting Street",
          "city": "Charleston",
          "county": "Charleston",
          "state": "SC",
          "country": "US"
        },
        "units": [],
        "game": {
          "building_types": [
            "Fire Station"
          ],
          "recommended": false,
          "notes": "Support/training site rather than a running house — low build priority."
        },
        "significance": "Former CFD headquarters, retained as a command and training facility.",
        "sources": [
          {
            "title": "OpenStreetMap — CFD Command Training Center / Old CFD HQ",
            "url": "https://www.openstreetmap.org/node/367805334",
            "retrieved": "2026-08-16"
          }
        ],
        "confidence": "low",
        "last_verified": "2026-08-16"
      }
    },
    {
      "type": "Feature",
      "geometry": {
        "type": "Point",
        "coordinates": [
          -79.97785,
          32.88209
        ]
      },
      "properties": {
        "id": "ncfd-station-1",
        "name": "North Charleston Fire Department Station 1",
        "category": "fire",
        "subtype": "career",
        "subregion_id": "north-charleston",
        "status": "active",
        "agency": {
          "name": "North Charleston Fire Department",
          "type": "fire_department",
          "level": "municipal",
          "parent": null
        },
        "designation": "Station 1",
        "address": {
          "street": "4830 Jenkins Avenue",
          "city": "North Charleston",
          "county": "Charleston",
          "state": "SC",
          "country": "US"
        },
        "staffing_model": "career",
        "operating_hours": "24_7",
        "units": [
          {
            "type": "engine",
            "designation": "Engine 201",
            "count": 1
          }
        ],
        "game": {
          "building_types": [
            "Fire Station"
          ]
        },
        "sources": [
          {
            "title": "FDmaps — Charleston County, SC fire stations & apparatus",
            "url": "https://sc.fdmaps.com/charleston-county/",
            "retrieved": "2026-08-16"
          },
          {
            "title": "North Charleston Fire Department — Operations Division",
            "url": "https://fire.northcharleston.org/divisions/operations/index.php",
            "retrieved": "2026-08-16"
          },
          {
            "title": "OpenStreetMap Nominatim geocoding of the published street address",
            "url": "https://nominatim.openstreetmap.org/",
            "retrieved": "2026-08-16"
          }
        ],
        "confidence": "medium",
        "last_verified": "2026-08-16"
      }
    },
    {
      "type": "Feature",
      "geometry": {
        "type": "Point",
        "coordinates": [
          -79.96582,
          32.84716
        ]
      },
      "properties": {
        "id": "ncfd-station-2",
        "name": "North Charleston Fire Department Station 2",
        "category": "fire",
        "subtype": "career",
        "subregion_id": "north-charleston",
        "status": "active",
        "agency": {
          "name": "North Charleston Fire Department",
          "type": "fire_department",
          "level": "municipal",
          "parent": null
        },
        "designation": "Station 2",
        "address": {
          "street": "Carner Avenue",
          "city": "North Charleston",
          "county": "Charleston",
          "state": "SC",
          "country": "US"
        },
        "staffing_model": "career",
        "operating_hours": "24_7",
        "units": [
          {
            "type": "engine",
            "designation": "Engine 202",
            "count": 1
          },
          {
            "type": "engine",
            "designation": "Engine 208",
            "count": 1
          },
          {
            "type": "ladder",
            "designation": "Tower 202",
            "count": 1,
            "attributes": {
              "platform": true
            }
          },
          {
            "type": "rescue",
            "designation": "Squad 202",
            "count": 1
          },
          {
            "type": "battalion",
            "designation": "Battalion 205",
            "count": 1
          }
        ],
        "game": {
          "building_types": [
            "Fire Station"
          ],
          "recommended": true,
          "notes": "Two engines, a tower and a squad — build this as a full-size station."
        },
        "significance": "Busy Park Circle–area house running two engines, a tower and a squad; also a marine-resource station.",
        "sources": [
          {
            "title": "OpenStreetMap — North Charleston Fire Department Station #2",
            "url": "https://www.openstreetmap.org/way/676432876",
            "retrieved": "2026-08-16"
          },
          {
            "title": "FDmaps — Charleston County, SC fire stations & apparatus",
            "url": "https://sc.fdmaps.com/charleston-county/",
            "retrieved": "2026-08-16"
          },
          {
            "title": "North Charleston Fire Department — Operations Division",
            "url": "https://fire.northcharleston.org/divisions/operations/index.php",
            "retrieved": "2026-08-16"
          }
        ],
        "confidence": "medium",
        "last_verified": "2026-08-16"
      }
    },
    {
      "type": "Feature",
      "geometry": {
        "type": "Point",
        "coordinates": [
          -80.01469,
          32.89935
        ]
      },
      "properties": {
        "id": "ncfd-station-3",
        "name": "North Charleston Fire Department Station 3",
        "category": "fire",
        "subtype": "career",
        "subregion_id": "north-charleston",
        "status": "active",
        "agency": {
          "name": "North Charleston Fire Department",
          "type": "fire_department",
          "level": "municipal",
          "parent": null
        },
        "designation": "Station 3",
        "address": {
          "street": "2014 Remount Road",
          "city": "North Charleston",
          "county": "Charleston",
          "state": "SC",
          "country": "US"
        },
        "staffing_model": "career",
        "operating_hours": "24_7",
        "units": [
          {
            "type": "engine",
            "designation": "Engine 203",
            "count": 1
          },
          {
            "type": "rescue",
            "designation": "Rescue 203",
            "count": 1
          },
          {
            "type": "rescue",
            "designation": "Squad 203",
            "count": 1
          },
          {
            "type": "battalion",
            "designation": "Battalion 206",
            "count": 1
          }
        ],
        "specialties": [
          "technical_rescue"
        ],
        "game": {
          "building_types": [
            "Fire Station"
          ]
        },
        "significance": "Houses a Pierce walk-in heavy technical rescue, giving NCFD its technical-rescue capability.",
        "sources": [
          {
            "title": "FDmaps — Charleston County, SC fire stations & apparatus",
            "url": "https://sc.fdmaps.com/charleston-county/",
            "retrieved": "2026-08-16"
          },
          {
            "title": "North Charleston Fire Department — Operations Division",
            "url": "https://fire.northcharleston.org/divisions/operations/index.php",
            "retrieved": "2026-08-16"
          },
          {
            "title": "OpenStreetMap Nominatim geocoding of the published street address",
            "url": "https://nominatim.openstreetmap.org/",
            "retrieved": "2026-08-16"
          }
        ],
        "confidence": "medium",
        "last_verified": "2026-08-16"
      }
    },
    {
      "type": "Feature",
      "geometry": {
        "type": "Point",
        "coordinates": [
          -80.06881,
          32.92286
        ]
      },
      "properties": {
        "id": "ncfd-station-4",
        "name": "North Charleston Fire Department Station 4",
        "category": "fire",
        "subtype": "career",
        "subregion_id": "north-charleston",
        "status": "active",
        "agency": {
          "name": "North Charleston Fire Department",
          "type": "fire_department",
          "level": "municipal",
          "parent": null
        },
        "designation": "Station 4",
        "address": {
          "street": "7270 Cross Country Road",
          "city": "North Charleston",
          "county": "Charleston",
          "state": "SC",
          "country": "US"
        },
        "staffing_model": "career",
        "operating_hours": "24_7",
        "units": [
          {
            "type": "engine",
            "designation": "Engine 204",
            "count": 1
          }
        ],
        "game": {
          "building_types": [
            "Fire Station"
          ]
        },
        "sources": [
          {
            "title": "OpenStreetMap — North Charleston Fire Department Station 4",
            "url": "https://www.openstreetmap.org/node/367805614",
            "retrieved": "2026-08-16"
          },
          {
            "title": "FDmaps — Charleston County, SC fire stations & apparatus",
            "url": "https://sc.fdmaps.com/charleston-county/",
            "retrieved": "2026-08-16"
          }
        ],
        "confidence": "medium",
        "last_verified": "2026-08-16"
      }
    },
    {
      "type": "Feature",
      "geometry": {
        "type": "Point",
        "coordinates": [
          -80.0579,
          32.87238
        ]
      },
      "properties": {
        "id": "ncfd-station-5",
        "name": "North Charleston Fire Department Station 5",
        "category": "fire",
        "subtype": "career",
        "subregion_id": "north-charleston",
        "status": "active",
        "agency": {
          "name": "North Charleston Fire Department",
          "type": "fire_department",
          "level": "municipal",
          "parent": null
        },
        "designation": "Station 5",
        "address": {
          "street": "6265 Dorchester Road",
          "city": "North Charleston",
          "county": "Charleston",
          "state": "SC",
          "country": "US"
        },
        "staffing_model": "career",
        "operating_hours": "24_7",
        "units": [
          {
            "type": "engine",
            "designation": "Engine 205",
            "count": 1
          },
          {
            "type": "ladder",
            "designation": "Tower 201",
            "count": 1,
            "attributes": {
              "platform": true
            }
          },
          {
            "type": "rescue",
            "designation": "Squad 201",
            "count": 1
          },
          {
            "type": "battalion",
            "designation": "Division Chief",
            "count": 1
          }
        ],
        "game": {
          "building_types": [
            "Fire Station"
          ]
        },
        "significance": "Division-chief station on the Dorchester Road corridor.",
        "sources": [
          {
            "title": "OpenStreetMap — North Charleston Fire Department Station 5",
            "url": "https://www.openstreetmap.org/way/1364621947",
            "retrieved": "2026-08-16"
          },
          {
            "title": "FDmaps — Charleston County, SC fire stations & apparatus",
            "url": "https://sc.fdmaps.com/charleston-county/",
            "retrieved": "2026-08-16"
          },
          {
            "title": "North Charleston Fire Department — Operations Division",
            "url": "https://fire.northcharleston.org/divisions/operations/index.php",
            "retrieved": "2026-08-16"
          }
        ],
        "confidence": "medium",
        "last_verified": "2026-08-16"
      }
    },
    {
      "type": "Feature",
      "geometry": {
        "type": "Point",
        "coordinates": [
          -80.0425,
          32.95209
        ]
      },
      "properties": {
        "id": "ncfd-station-6",
        "name": "North Charleston Fire Department Station 6",
        "category": "fire",
        "subtype": "career",
        "subregion_id": "north-charleston",
        "status": "active",
        "agency": {
          "name": "North Charleston Fire Department",
          "type": "fire_department",
          "level": "municipal",
          "parent": null
        },
        "designation": "Station 6",
        "address": {
          "street": "8100 Rivers Avenue",
          "city": "North Charleston",
          "county": "Charleston",
          "state": "SC",
          "country": "US"
        },
        "staffing_model": "career",
        "operating_hours": "24_7",
        "units": [
          {
            "type": "engine",
            "designation": "Engine 206",
            "count": 1
          },
          {
            "type": "ladder",
            "designation": "Ladder 205",
            "count": 1
          }
        ],
        "game": {
          "building_types": [
            "Fire Station"
          ]
        },
        "sources": [
          {
            "title": "FDmaps — Charleston County, SC fire stations & apparatus",
            "url": "https://sc.fdmaps.com/charleston-county/",
            "retrieved": "2026-08-16"
          },
          {
            "title": "North Charleston Fire Department — Operations Division",
            "url": "https://fire.northcharleston.org/divisions/operations/index.php",
            "retrieved": "2026-08-16"
          },
          {
            "title": "OpenStreetMap Nominatim geocoding of the published street address",
            "url": "https://nominatim.openstreetmap.org/",
            "retrieved": "2026-08-16"
          }
        ],
        "confidence": "medium",
        "last_verified": "2026-08-16"
      }
    },
    {
      "type": "Feature",
      "geometry": {
        "type": "Point",
        "coordinates": [
          -80.01243,
          32.8509
        ]
      },
      "properties": {
        "id": "ncfd-station-7",
        "name": "North Charleston Fire Department Station 7",
        "category": "fire",
        "subtype": "career",
        "subregion_id": "north-charleston",
        "status": "active",
        "agency": {
          "name": "North Charleston Fire Department",
          "type": "fire_department",
          "level": "municipal",
          "parent": null
        },
        "designation": "Station 7",
        "address": {
          "street": "3690 Leeds Avenue",
          "city": "North Charleston",
          "county": "Charleston",
          "state": "SC",
          "country": "US"
        },
        "staffing_model": "career",
        "operating_hours": "24_7",
        "units": [
          {
            "type": "engine",
            "designation": "Engine 207",
            "count": 1
          },
          {
            "type": "rescue",
            "designation": "Rescue 207",
            "count": 1
          }
        ],
        "game": {
          "building_types": [
            "Fire Station"
          ]
        },
        "significance": "Marine-resource station alongside Station 2.",
        "sources": [
          {
            "title": "OpenStreetMap — North Charleston Fire Department Station 7",
            "url": "https://www.openstreetmap.org/way/1040555737",
            "retrieved": "2026-08-16"
          },
          {
            "title": "FDmaps — Charleston County, SC fire stations & apparatus",
            "url": "https://sc.fdmaps.com/charleston-county/",
            "retrieved": "2026-08-16"
          },
          {
            "title": "North Charleston Fire Department — Operations Division",
            "url": "https://fire.northcharleston.org/divisions/operations/index.php",
            "retrieved": "2026-08-16"
          }
        ],
        "confidence": "medium",
        "last_verified": "2026-08-16"
      }
    },
    {
      "type": "Feature",
      "geometry": {
        "type": "Point",
        "coordinates": [
          -79.96496,
          32.84302
        ]
      },
      "properties": {
        "id": "ncfd-station-8",
        "name": "North Charleston Fire Department Station 8",
        "category": "fire",
        "subtype": "career",
        "subregion_id": "north-charleston",
        "status": "active",
        "agency": {
          "name": "North Charleston Fire Department",
          "type": "fire_department",
          "level": "municipal",
          "parent": null
        },
        "designation": "Station 8",
        "address": {
          "city": "North Charleston",
          "county": "Charleston",
          "state": "SC",
          "country": "US"
        },
        "staffing_model": "career",
        "operating_hours": "24_7",
        "units": [],
        "game": {
          "building_types": [
            "Fire Station"
          ]
        },
        "significance": "Mapped in OpenStreetMap but not listed in the published station/apparatus rosters consulted; apparatus unverified.",
        "sources": [
          {
            "title": "OpenStreetMap — North Charleston Fire Department Station 8",
            "url": "https://www.openstreetmap.org/node/367805509",
            "retrieved": "2026-08-16"
          }
        ],
        "confidence": "low",
        "last_verified": "2026-08-16"
      }
    },
    {
      "type": "Feature",
      "geometry": {
        "type": "Point",
        "coordinates": [
          -80.06538,
          32.96844
        ]
      },
      "properties": {
        "id": "ncfd-station-9",
        "name": "North Charleston Fire Department Station 9",
        "category": "fire",
        "subtype": "career",
        "subregion_id": "north-charleston",
        "status": "active",
        "agency": {
          "name": "North Charleston Fire Department",
          "type": "fire_department",
          "level": "municipal",
          "parent": null
        },
        "designation": "Station 9",
        "address": {
          "street": "8903 Deerwood Drive",
          "city": "North Charleston",
          "county": "Charleston",
          "state": "SC",
          "country": "US"
        },
        "staffing_model": "career",
        "operating_hours": "24_7",
        "units": [
          {
            "type": "engine",
            "designation": "Engine 209",
            "count": 1
          }
        ],
        "game": {
          "building_types": [
            "Fire Station"
          ]
        },
        "sources": [
          {
            "title": "OpenStreetMap — North Charleston Fire Department Station 9",
            "url": "https://www.openstreetmap.org/node/367805365",
            "retrieved": "2026-08-16"
          },
          {
            "title": "FDmaps — Charleston County, SC fire stations & apparatus",
            "url": "https://sc.fdmaps.com/charleston-county/",
            "retrieved": "2026-08-16"
          }
        ],
        "confidence": "medium",
        "last_verified": "2026-08-16"
      }
    },
    {
      "type": "Feature",
      "geometry": {
        "type": "Point",
        "coordinates": [
          -80.05138,
          32.92701
        ]
      },
      "properties": {
        "id": "ncfd-station-10",
        "name": "North Charleston Fire Department Station 10",
        "category": "fire",
        "subtype": "career",
        "subregion_id": "north-charleston",
        "status": "active",
        "agency": {
          "name": "North Charleston Fire Department",
          "type": "fire_department",
          "level": "municipal",
          "parent": null
        },
        "designation": "Station 10",
        "address": {
          "street": "7159 Stall Road",
          "city": "North Charleston",
          "county": "Charleston",
          "state": "SC",
          "country": "US"
        },
        "staffing_model": "career",
        "operating_hours": "24_7",
        "units": [
          {
            "type": "engine",
            "designation": "Engine 210",
            "count": 1
          }
        ],
        "game": {
          "building_types": [
            "Fire Station"
          ]
        },
        "sources": [
          {
            "title": "OpenStreetMap — North Charleston Fire Department Station 10",
            "url": "https://www.openstreetmap.org/node/367805387",
            "retrieved": "2026-08-16"
          },
          {
            "title": "FDmaps — Charleston County, SC fire stations & apparatus",
            "url": "https://sc.fdmaps.com/charleston-county/",
            "retrieved": "2026-08-16"
          }
        ],
        "confidence": "medium",
        "last_verified": "2026-08-16"
      }
    },
    {
      "type": "Feature",
      "geometry": {
        "type": "Point",
        "coordinates": [
          -80.13201,
          32.93002
        ]
      },
      "properties": {
        "id": "ncfd-station-11",
        "name": "North Charleston Fire Department Station 11",
        "category": "fire",
        "subtype": "career",
        "subregion_id": "north-charleston",
        "status": "active",
        "agency": {
          "name": "North Charleston Fire Department",
          "type": "fire_department",
          "level": "municipal",
          "parent": null
        },
        "designation": "Station 11",
        "address": {
          "street": "9002 Dorchester Road",
          "city": "North Charleston",
          "county": "Dorchester",
          "state": "SC",
          "country": "US"
        },
        "staffing_model": "career",
        "operating_hours": "24_7",
        "units": [
          {
            "type": "engine",
            "designation": "Engine 211",
            "count": 1
          },
          {
            "type": "battalion",
            "designation": "Battalion 207",
            "count": 1
          }
        ],
        "game": {
          "building_types": [
            "Fire Station"
          ]
        },
        "sources": [
          {
            "title": "OpenStreetMap — North Charleston Fire Department Station 11",
            "url": "https://www.openstreetmap.org/node/367805738",
            "retrieved": "2026-08-16"
          },
          {
            "title": "FDmaps — Charleston County, SC fire stations & apparatus",
            "url": "https://sc.fdmaps.com/charleston-county/",
            "retrieved": "2026-08-16"
          }
        ],
        "confidence": "medium",
        "last_verified": "2026-08-16"
      }
    },
    {
      "type": "Feature",
      "geometry": {
        "type": "Point",
        "coordinates": [
          -80.12477,
          32.97826
        ]
      },
      "properties": {
        "id": "ncfd-station-12",
        "name": "North Charleston Fire Department Station 12",
        "category": "fire",
        "subtype": "career",
        "subregion_id": "north-charleston",
        "status": "active",
        "agency": {
          "name": "North Charleston Fire Department",
          "type": "fire_department",
          "level": "municipal",
          "parent": null
        },
        "designation": "Station 12",
        "address": {
          "street": "9549 Palmetto Commerce Parkway",
          "city": "North Charleston",
          "county": "Charleston",
          "state": "SC",
          "country": "US"
        },
        "staffing_model": "career",
        "operating_hours": "24_7",
        "units": [
          {
            "type": "ladder",
            "designation": "Ladder 212",
            "count": 1
          }
        ],
        "game": {
          "building_types": [
            "Fire Station"
          ]
        },
        "significance": "Newer house on the Palmetto Commerce industrial corridor.",
        "sources": [
          {
            "title": "FDmaps — Charleston County, SC fire stations & apparatus",
            "url": "https://sc.fdmaps.com/charleston-county/",
            "retrieved": "2026-08-16"
          },
          {
            "title": "OpenStreetMap Nominatim geocoding of the published street address",
            "url": "https://nominatim.openstreetmap.org/",
            "retrieved": "2026-08-16"
          }
        ],
        "confidence": "medium",
        "last_verified": "2026-08-16"
      }
    },
    {
      "type": "Feature",
      "geometry": {
        "type": "Point",
        "coordinates": [
          -79.93599,
          32.8478
        ]
      },
      "properties": {
        "id": "ncfd-marine-201",
        "name": "North Charleston Fire Department Fire Boat (Marine 201)",
        "category": "fire",
        "subtype": "career",
        "subregion_id": "north-charleston",
        "status": "active",
        "agency": {
          "name": "North Charleston Fire Department",
          "type": "fire_department",
          "level": "municipal",
          "parent": null
        },
        "designation": "Marine 201",
        "address": {
          "street": "Thompson Avenue",
          "city": "North Charleston",
          "county": "Charleston",
          "state": "SC",
          "country": "US"
        },
        "staffing_model": "career",
        "operating_hours": "on_call",
        "units": [
          {
            "type": "marine",
            "designation": "Marine 201",
            "count": 1
          },
          {
            "type": "marine",
            "designation": "Boats 202-205",
            "count": 4
          }
        ],
        "specialties": [
          "marine_rescue"
        ],
        "game": {
          "building_types": [
            "Fire Station",
            "Water Rescue"
          ],
          "notes": "Cross-staffed from Stations 2 and 7 in real life; a single water-rescue build covers it in game."
        },
        "significance": "Cooper River fireboat berth; NCFD cross-staffs Marine 201 and four rescue boats from Stations 2 and 7.",
        "sources": [
          {
            "title": "FDmaps — Charleston County, SC fire stations & apparatus",
            "url": "https://sc.fdmaps.com/charleston-county/",
            "retrieved": "2026-08-16"
          },
          {
            "title": "North Charleston Fire Department — Operations Division",
            "url": "https://fire.northcharleston.org/divisions/operations/index.php",
            "retrieved": "2026-08-16"
          },
          {
            "title": "OpenStreetMap Nominatim geocoding of the published street address",
            "url": "https://nominatim.openstreetmap.org/",
            "retrieved": "2026-08-16"
          }
        ],
        "confidence": "medium",
        "last_verified": "2026-08-16"
      }
    },
    {
      "type": "Feature",
      "geometry": {
        "type": "Point",
        "coordinates": [
          -80.01201,
          32.87709
        ]
      },
      "properties": {
        "id": "ncfd-administration",
        "name": "North Charleston Fire Department Administration",
        "category": "fire",
        "subtype": "administration",
        "subregion_id": "north-charleston",
        "status": "active",
        "agency": {
          "name": "North Charleston Fire Department",
          "type": "fire_department",
          "level": "municipal",
          "parent": null
        },
        "designation": null,
        "address": {
          "city": "North Charleston",
          "county": "Charleston",
          "state": "SC",
          "country": "US"
        },
        "units": [],
        "game": {
          "building_types": [
            "Fire Station"
          ],
          "recommended": false,
          "notes": "Administrative site, not a running house."
        },
        "significance": "Headquarters for a 13-station career department of roughly 252 suppression personnel.",
        "sources": [
          {
            "title": "OpenStreetMap — North Charleston Fire Department Administration",
            "url": "https://www.openstreetmap.org/node/367805732",
            "retrieved": "2026-08-16"
          },
          {
            "title": "North Charleston Fire Department — Operations Division",
            "url": "https://fire.northcharleston.org/divisions/operations/index.php",
            "retrieved": "2026-08-16"
          }
        ],
        "confidence": "medium",
        "last_verified": "2026-08-16"
      }
    },
    {
      "type": "Feature",
      "geometry": {
        "type": "Point",
        "coordinates": [
          -80.01652,
          32.80102
        ]
      },
      "properties": {
        "id": "safd-station-1",
        "name": "St. Andrews Fire District Station 1",
        "category": "fire",
        "subtype": "career",
        "subregion_id": "west-ashley",
        "status": "active",
        "agency": {
          "name": "St. Andrews Public Service District Fire Department",
          "type": "fire_department",
          "level": "other",
          "parent": null
        },
        "designation": "Station 1",
        "address": {
          "street": "1775 Ashley River Road",
          "city": "Charleston",
          "county": "Charleston",
          "state": "SC",
          "country": "US"
        },
        "staffing_model": "career",
        "operating_hours": "24_7",
        "units": [],
        "game": {
          "building_types": [
            "Fire Station"
          ],
          "recommended": true,
          "notes": "District HQ. SAFD fields a ladder company, a rescue company, three engine companies and a QRV across four houses — station-by-station assignments are not published."
        },
        "significance": "Headquarters of the district covering unincorporated West Ashley; the district fields Ladder 301 and Rescue 301, but per-station apparatus assignments are not published.",
        "sources": [
          {
            "title": "OpenStreetMap — Saint Andrews Fire District Headquarters",
            "url": "https://www.openstreetmap.org/node/367805602",
            "retrieved": "2026-08-16"
          },
          {
            "title": "St. Andrews PSD — About the Fire Department",
            "url": "https://www.standrewspsd.org/about-the-department-fire-department",
            "retrieved": "2026-08-16"
          }
        ],
        "confidence": "medium",
        "last_verified": "2026-08-16"
      }
    },
    {
      "type": "Feature",
      "geometry": {
        "type": "Point",
        "coordinates": [
          -80.05148,
          32.79345
        ]
      },
      "properties": {
        "id": "safd-station-2",
        "name": "St. Andrews Fire District Station 2",
        "category": "fire",
        "subtype": "career",
        "subregion_id": "west-ashley",
        "status": "active",
        "agency": {
          "name": "St. Andrews Public Service District Fire Department",
          "type": "fire_department",
          "level": "other",
          "parent": null
        },
        "designation": "Station 2",
        "address": {
          "street": "2480 Savannah Highway",
          "city": "Charleston",
          "county": "Charleston",
          "state": "SC",
          "country": "US"
        },
        "staffing_model": "career",
        "operating_hours": "24_7",
        "units": [],
        "game": {
          "building_types": [
            "Fire Station"
          ]
        },
        "significance": "Unincorporated West Ashley coverage; per-station apparatus not published.",
        "sources": [
          {
            "title": "OpenStreetMap — Saint Andrews Fire District Station 2",
            "url": "https://www.openstreetmap.org/node/367805455",
            "retrieved": "2026-08-16"
          },
          {
            "title": "St. Andrews PSD — About the Fire Department",
            "url": "https://www.standrewspsd.org/about-the-department-fire-department",
            "retrieved": "2026-08-16"
          }
        ],
        "confidence": "medium",
        "last_verified": "2026-08-16"
      }
    },
    {
      "type": "Feature",
      "geometry": {
        "type": "Point",
        "coordinates": [
          -80.04635,
          32.83555
        ]
      },
      "properties": {
        "id": "safd-station-3",
        "name": "St. Andrews Fire District Station 3",
        "category": "fire",
        "subtype": "career",
        "subregion_id": "west-ashley",
        "status": "active",
        "agency": {
          "name": "St. Andrews Public Service District Fire Department",
          "type": "fire_department",
          "level": "other",
          "parent": null
        },
        "designation": "Station 3",
        "address": {
          "street": "2590 Ashley River Road",
          "city": "Charleston",
          "county": "Charleston",
          "state": "SC",
          "country": "US"
        },
        "staffing_model": "career",
        "operating_hours": "24_7",
        "units": [],
        "game": {
          "building_types": [
            "Fire Station"
          ]
        },
        "significance": "Unincorporated West Ashley coverage; per-station apparatus not published.",
        "sources": [
          {
            "title": "OpenStreetMap — Saint Andrews Fire District Station 3",
            "url": "https://www.openstreetmap.org/node/367805424",
            "retrieved": "2026-08-16"
          },
          {
            "title": "St. Andrews PSD — About the Fire Department",
            "url": "https://www.standrewspsd.org/about-the-department-fire-department",
            "retrieved": "2026-08-16"
          }
        ],
        "confidence": "medium",
        "last_verified": "2026-08-16"
      }
    },
    {
      "type": "Feature",
      "geometry": {
        "type": "Point",
        "coordinates": [
          -80.1067,
          32.81177
        ]
      },
      "properties": {
        "id": "safd-station-4",
        "name": "St. Andrews Fire District Station 4",
        "category": "fire",
        "subtype": "career",
        "subregion_id": "west-ashley",
        "status": "active",
        "agency": {
          "name": "St. Andrews Public Service District Fire Department",
          "type": "fire_department",
          "level": "other",
          "parent": null
        },
        "designation": "Station 4",
        "address": {
          "street": "1340 Bees Ferry Road",
          "city": "Charleston",
          "county": "Charleston",
          "state": "SC",
          "country": "US"
        },
        "staffing_model": "career",
        "operating_hours": "24_7",
        "units": [],
        "game": {
          "building_types": [
            "Fire Station"
          ]
        },
        "significance": "Outer West Ashley/Bees Ferry coverage; per-station apparatus not published.",
        "sources": [
          {
            "title": "OpenStreetMap — Saint Andrews Fire District Station 4",
            "url": "https://www.openstreetmap.org/node/367805405",
            "retrieved": "2026-08-16"
          },
          {
            "title": "St. Andrews PSD — About the Fire Department",
            "url": "https://www.standrewspsd.org/about-the-department-fire-department",
            "retrieved": "2026-08-16"
          }
        ],
        "confidence": "medium",
        "last_verified": "2026-08-16"
      }
    },
    {
      "type": "Feature",
      "geometry": {
        "type": "Point",
        "coordinates": [
          -79.9667,
          32.73402
        ]
      },
      "properties": {
        "id": "jipsd-station-1",
        "name": "James Island PSD Fire Station 1",
        "category": "fire",
        "subtype": "combination",
        "subregion_id": "james-island",
        "status": "active",
        "agency": {
          "name": "James Island Public Service District Fire Department",
          "type": "fire_department",
          "level": "other",
          "parent": null
        },
        "designation": "Station 1",
        "address": {
          "street": "1622 Camp Road",
          "city": "Charleston",
          "county": "Charleston",
          "state": "SC",
          "country": "US"
        },
        "staffing_model": "combination",
        "operating_hours": "24_7",
        "units": [
          {
            "type": "ladder",
            "designation": "Ladder 801",
            "count": 1
          }
        ],
        "game": {
          "building_types": [
            "Fire Station"
          ],
          "recommended": true,
          "notes": "The district's aerial lives here; pair it with an engine."
        },
        "significance": "Busiest James Island house and district headquarters; rebuilt in recent years. Staffed by roughly 54 career and 10 volunteer firefighters district-wide.",
        "sources": [
          {
            "title": "OpenStreetMap — James Island Fire Department Station 1 Headquarters",
            "url": "https://www.openstreetmap.org/node/367805383",
            "retrieved": "2026-08-16"
          },
          {
            "title": "FDmaps — Charleston County, SC fire stations & apparatus",
            "url": "https://sc.fdmaps.com/charleston-county/",
            "retrieved": "2026-08-16"
          }
        ],
        "confidence": "medium",
        "last_verified": "2026-08-16"
      }
    },
    {
      "type": "Feature",
      "geometry": {
        "type": "Point",
        "coordinates": [
          -79.92971,
          32.74183
        ]
      },
      "properties": {
        "id": "jipsd-station-2",
        "name": "James Island PSD Fire Station 2",
        "category": "fire",
        "subtype": "combination",
        "subregion_id": "james-island",
        "status": "active",
        "agency": {
          "name": "James Island Public Service District Fire Department",
          "type": "fire_department",
          "level": "other",
          "parent": null
        },
        "designation": "Station 2",
        "address": {
          "street": "853 Harbor View Road",
          "city": "Charleston",
          "county": "Charleston",
          "state": "SC",
          "country": "US"
        },
        "staffing_model": "combination",
        "operating_hours": "24_7",
        "units": [
          {
            "type": "engine",
            "designation": "Engine 802",
            "count": 1
          }
        ],
        "game": {
          "building_types": [
            "Fire Station"
          ]
        },
        "sources": [
          {
            "title": "OpenStreetMap — James Island Fire Department Station 2",
            "url": "https://www.openstreetmap.org/node/367805400",
            "retrieved": "2026-08-16"
          },
          {
            "title": "FDmaps — Charleston County, SC fire stations & apparatus",
            "url": "https://sc.fdmaps.com/charleston-county/",
            "retrieved": "2026-08-16"
          }
        ],
        "confidence": "medium",
        "last_verified": "2026-08-16"
      }
    },
    {
      "type": "Feature",
      "geometry": {
        "type": "Point",
        "coordinates": [
          -79.99213,
          32.76808
        ]
      },
      "properties": {
        "id": "jipsd-station-3",
        "name": "James Island PSD Fire Station 3",
        "category": "fire",
        "subtype": "combination",
        "subregion_id": "james-island",
        "status": "active",
        "agency": {
          "name": "James Island Public Service District Fire Department",
          "type": "fire_department",
          "level": "other",
          "parent": null
        },
        "designation": "Station 3",
        "address": {
          "street": "78 Plymouth Avenue",
          "city": "Charleston",
          "county": "Charleston",
          "state": "SC",
          "country": "US"
        },
        "staffing_model": "combination",
        "operating_hours": "24_7",
        "units": [
          {
            "type": "engine",
            "designation": "Engine 803",
            "count": 1
          }
        ],
        "game": {
          "building_types": [
            "Fire Station"
          ]
        },
        "significance": "Riverland Terrace coverage.",
        "sources": [
          {
            "title": "OpenStreetMap — James Island Fire Department Station 3",
            "url": "https://www.openstreetmap.org/node/367805599",
            "retrieved": "2026-08-16"
          },
          {
            "title": "FDmaps — Charleston County, SC fire stations & apparatus",
            "url": "https://sc.fdmaps.com/charleston-county/",
            "retrieved": "2026-08-16"
          }
        ],
        "confidence": "medium",
        "last_verified": "2026-08-16"
      }
    },
    {
      "type": "Feature",
      "geometry": {
        "type": "Point",
        "coordinates": [
          -79.9656,
          32.69336
        ]
      },
      "properties": {
        "id": "jipsd-station-4",
        "name": "James Island PSD Fire Station 4",
        "category": "fire",
        "subtype": "combination",
        "subregion_id": "james-island",
        "status": "active",
        "agency": {
          "name": "James Island Public Service District Fire Department",
          "type": "fire_department",
          "level": "other",
          "parent": null
        },
        "designation": "Station 4",
        "address": {
          "street": "1833 Folly Road",
          "city": "Charleston",
          "county": "Charleston",
          "state": "SC",
          "country": "US"
        },
        "staffing_model": "combination",
        "operating_hours": "24_7",
        "units": [
          {
            "type": "engine",
            "designation": "Engine 804",
            "count": 1
          }
        ],
        "game": {
          "building_types": [
            "Fire Station"
          ]
        },
        "sources": [
          {
            "title": "OpenStreetMap — James Island Fire Department Station 4",
            "url": "https://www.openstreetmap.org/node/367805484",
            "retrieved": "2026-08-16"
          },
          {
            "title": "FDmaps — Charleston County, SC fire stations & apparatus",
            "url": "https://sc.fdmaps.com/charleston-county/",
            "retrieved": "2026-08-16"
          }
        ],
        "confidence": "medium",
        "last_verified": "2026-08-16"
      }
    },
    {
      "type": "Feature",
      "geometry": {
        "type": "Point",
        "coordinates": [
          -80.06639,
          32.72845
        ]
      },
      "properties": {
        "id": "sjfd-station-1",
        "name": "St. John's Fire District Station 1",
        "category": "fire",
        "subtype": "career",
        "subregion_id": "johns-island",
        "status": "active",
        "agency": {
          "name": "St. John's Fire District",
          "type": "fire_department",
          "level": "other",
          "parent": null
        },
        "designation": "Station 1",
        "address": {
          "street": "3327 Maybank Highway",
          "city": "Johns Island",
          "county": "Charleston",
          "state": "SC",
          "country": "US"
        },
        "staffing_model": "career",
        "operating_hours": "24_7",
        "units": [
          {
            "type": "engine",
            "designation": "Engine 701",
            "count": 1
          },
          {
            "type": "marine",
            "designation": "Boat 707",
            "count": 1
          },
          {
            "type": "battalion",
            "designation": "Battalion 701",
            "count": 1
          },
          {
            "type": "rehab",
            "designation": "Rehab 701",
            "count": 1
          }
        ],
        "specialties": [
          "marine_rescue"
        ],
        "game": {
          "building_types": [
            "Fire Station"
          ]
        },
        "significance": "District headquarters. St. John's covers roughly 190 square miles of Johns, Wadmalaw, Kiawah and Seabrook islands with about 150 career staff at BLS level.",
        "sources": [
          {
            "title": "OpenStreetMap — Saint John's Fire District Station 1",
            "url": "https://www.openstreetmap.org/way/1187512475",
            "retrieved": "2026-08-16"
          },
          {
            "title": "FDmaps — Charleston County, SC fire stations & apparatus",
            "url": "https://sc.fdmaps.com/charleston-county/",
            "retrieved": "2026-08-16"
          },
          {
            "title": "Wikipedia — St. John's Fire District",
            "url": "https://en.wikipedia.org/wiki/St._John%27s_Fire_District",
            "retrieved": "2026-08-16"
          }
        ],
        "confidence": "medium",
        "last_verified": "2026-08-16"
      }
    },
    {
      "type": "Feature",
      "geometry": {
        "type": "Point",
        "coordinates": [
          -80.15991,
          32.58101
        ]
      },
      "properties": {
        "id": "sjfd-station-2",
        "name": "St. John's Fire District Station 2",
        "category": "fire",
        "subtype": "career",
        "subregion_id": "sea-islands",
        "status": "active",
        "agency": {
          "name": "St. John's Fire District",
          "type": "fire_department",
          "level": "other",
          "parent": null
        },
        "designation": "Station 2",
        "address": {
          "street": "3025 Captain Sam's Road",
          "city": "Seabrook Island",
          "county": "Charleston",
          "state": "SC",
          "country": "US"
        },
        "staffing_model": "career",
        "operating_hours": "24_7",
        "units": [
          {
            "type": "quint",
            "designation": "Quint 702",
            "count": 1
          },
          {
            "type": "marine",
            "designation": "Marine 701",
            "count": 1
          }
        ],
        "specialties": [
          "marine_rescue"
        ],
        "game": {
          "building_types": [
            "Fire Station"
          ]
        },
        "significance": "Seabrook Island house; island access makes self-sufficiency important.",
        "sources": [
          {
            "title": "OpenStreetMap — Saint Johns Fire District Station 2",
            "url": "https://www.openstreetmap.org/node/367805571",
            "retrieved": "2026-08-16"
          },
          {
            "title": "FDmaps — Charleston County, SC fire stations & apparatus",
            "url": "https://sc.fdmaps.com/charleston-county/",
            "retrieved": "2026-08-16"
          },
          {
            "title": "Wikipedia — St. John's Fire District",
            "url": "https://en.wikipedia.org/wiki/St._John%27s_Fire_District",
            "retrieved": "2026-08-16"
          }
        ],
        "confidence": "medium",
        "last_verified": "2026-08-16"
      }
    },
    {
      "type": "Feature",
      "geometry": {
        "type": "Point",
        "coordinates": [
          -80.1785,
          32.66687
        ]
      },
      "properties": {
        "id": "sjfd-station-3",
        "name": "St. John's Fire District Station 3",
        "category": "fire",
        "subtype": "career",
        "subregion_id": "sea-islands",
        "status": "active",
        "agency": {
          "name": "St. John's Fire District",
          "type": "fire_department",
          "level": "other",
          "parent": null
        },
        "designation": "Station 3",
        "address": {
          "street": "1932 Liberia Road",
          "city": "Wadmalaw Island",
          "county": "Charleston",
          "state": "SC",
          "country": "US"
        },
        "staffing_model": "career",
        "operating_hours": "24_7",
        "units": [
          {
            "type": "engine",
            "designation": "Engine 703",
            "count": 1
          },
          {
            "type": "tanker",
            "designation": "Tender 703",
            "count": 1
          }
        ],
        "game": {
          "building_types": [
            "Fire Station"
          ]
        },
        "significance": "Rural Wadmalaw Island; unhydranted, so a water tender is stationed here.",
        "sources": [
          {
            "title": "OpenStreetMap — St, John's Fire Department Station 3",
            "url": "https://www.openstreetmap.org/way/1215597241",
            "retrieved": "2026-08-16"
          },
          {
            "title": "FDmaps — Charleston County, SC fire stations & apparatus",
            "url": "https://sc.fdmaps.com/charleston-county/",
            "retrieved": "2026-08-16"
          },
          {
            "title": "Wikipedia — St. John's Fire District",
            "url": "https://en.wikipedia.org/wiki/St._John%27s_Fire_District",
            "retrieved": "2026-08-16"
          }
        ],
        "confidence": "medium",
        "last_verified": "2026-08-16"
      }
    },
    {
      "type": "Feature",
      "geometry": {
        "type": "Point",
        "coordinates": [
          -80.10671,
          32.60199
        ]
      },
      "properties": {
        "id": "sjfd-station-4",
        "name": "St. John's Fire District Station 4",
        "category": "fire",
        "subtype": "career",
        "subregion_id": "sea-islands",
        "status": "active",
        "agency": {
          "name": "St. John's Fire District",
          "type": "fire_department",
          "level": "other",
          "parent": null
        },
        "designation": "Station 4",
        "address": {
          "street": "12 Sora Rail Road",
          "city": "Kiawah Island",
          "county": "Charleston",
          "state": "SC",
          "country": "US"
        },
        "staffing_model": "career",
        "operating_hours": "24_7",
        "units": [
          {
            "type": "engine",
            "designation": "Engine 704",
            "count": 1
          },
          {
            "type": "ladder",
            "designation": "Tower 704",
            "count": 1,
            "attributes": {
              "platform": true,
              "aerial_ft": 95
            }
          },
          {
            "type": "rehab",
            "designation": "Rehab 704",
            "count": 1
          }
        ],
        "game": {
          "building_types": [
            "Fire Station"
          ]
        },
        "significance": "Kiawah Island resort coverage; the district's 95-foot aerial platform is stationed here.",
        "sources": [
          {
            "title": "OpenStreetMap — Saint Johns Fire District Station 4",
            "url": "https://www.openstreetmap.org/node/367805398",
            "retrieved": "2026-08-16"
          },
          {
            "title": "FDmaps — Charleston County, SC fire stations & apparatus",
            "url": "https://sc.fdmaps.com/charleston-county/",
            "retrieved": "2026-08-16"
          },
          {
            "title": "Wikipedia — St. John's Fire District",
            "url": "https://en.wikipedia.org/wiki/St._John%27s_Fire_District",
            "retrieved": "2026-08-16"
          }
        ],
        "confidence": "medium",
        "last_verified": "2026-08-16"
      }
    },
    {
      "type": "Feature",
      "geometry": {
        "type": "Point",
        "coordinates": [
          -80.10752,
          32.65285
        ]
      },
      "properties": {
        "id": "sjfd-station-5",
        "name": "St. John's Fire District Station 5",
        "category": "fire",
        "subtype": "career",
        "subregion_id": "johns-island",
        "status": "active",
        "agency": {
          "name": "St. John's Fire District",
          "type": "fire_department",
          "level": "other",
          "parent": null
        },
        "designation": "Station 5",
        "address": {
          "street": "4550 River Road",
          "city": "Johns Island",
          "county": "Charleston",
          "state": "SC",
          "country": "US"
        },
        "staffing_model": "career",
        "operating_hours": "24_7",
        "units": [
          {
            "type": "engine",
            "designation": "Engine 705",
            "count": 1
          },
          {
            "type": "brush",
            "designation": "Brush 705",
            "count": 1
          },
          {
            "type": "rehab",
            "designation": "Rehab 705",
            "count": 1
          },
          {
            "type": "battalion",
            "designation": "Battalion 711",
            "count": 1
          }
        ],
        "specialties": [
          "wildland"
        ],
        "game": {
          "building_types": [
            "Fire Station"
          ]
        },
        "sources": [
          {
            "title": "OpenStreetMap — Saint John's Fire District Station 5",
            "url": "https://www.openstreetmap.org/way/1187512476",
            "retrieved": "2026-08-16"
          },
          {
            "title": "FDmaps — Charleston County, SC fire stations & apparatus",
            "url": "https://sc.fdmaps.com/charleston-county/",
            "retrieved": "2026-08-16"
          },
          {
            "title": "Wikipedia — St. John's Fire District",
            "url": "https://en.wikipedia.org/wiki/St._John%27s_Fire_District",
            "retrieved": "2026-08-16"
          }
        ],
        "confidence": "medium",
        "last_verified": "2026-08-16"
      }
    },
    {
      "type": "Feature",
      "geometry": {
        "type": "Point",
        "coordinates": [
          -80.04975,
          32.61198
        ]
      },
      "properties": {
        "id": "sjfd-station-6",
        "name": "St. John's Fire District Station 6",
        "category": "fire",
        "subtype": "career",
        "subregion_id": "sea-islands",
        "status": "active",
        "agency": {
          "name": "St. John's Fire District",
          "type": "fire_department",
          "level": "other",
          "parent": null
        },
        "designation": "Station 6",
        "address": {
          "street": "66 Ocean Course Drive",
          "city": "Kiawah Island",
          "county": "Charleston",
          "state": "SC",
          "country": "US"
        },
        "staffing_model": "career",
        "operating_hours": "24_7",
        "units": [
          {
            "type": "engine",
            "designation": "Engine 706",
            "count": 1
          }
        ],
        "game": {
          "building_types": [
            "Fire Station"
          ]
        },
        "sources": [
          {
            "title": "OpenStreetMap — Saint Johns Fire District Station 6",
            "url": "https://www.openstreetmap.org/node/367805787",
            "retrieved": "2026-08-16"
          },
          {
            "title": "FDmaps — Charleston County, SC fire stations & apparatus",
            "url": "https://sc.fdmaps.com/charleston-county/",
            "retrieved": "2026-08-16"
          },
          {
            "title": "Wikipedia — St. John's Fire District",
            "url": "https://en.wikipedia.org/wiki/St._John%27s_Fire_District",
            "retrieved": "2026-08-16"
          }
        ],
        "confidence": "medium",
        "last_verified": "2026-08-16"
      }
    },
    {
      "type": "Feature",
      "geometry": {
        "type": "Point",
        "coordinates": [
          -80.08801,
          32.72221
        ]
      },
      "properties": {
        "id": "sjfd-station-7",
        "name": "St. John's Fire District Station 7",
        "category": "fire",
        "subtype": "career",
        "subregion_id": "johns-island",
        "status": "active",
        "agency": {
          "name": "St. John's Fire District",
          "type": "fire_department",
          "level": "other",
          "parent": null
        },
        "designation": "Station 7",
        "address": {
          "street": "1142 Main Road",
          "city": "Johns Island",
          "county": "Charleston",
          "state": "SC",
          "country": "US"
        },
        "staffing_model": "career",
        "operating_hours": "24_7",
        "units": [
          {
            "type": "engine",
            "designation": "Engine 707",
            "count": 1
          },
          {
            "type": "quint",
            "designation": "Quint 707",
            "count": 1
          },
          {
            "type": "brush",
            "designation": "Brush 707",
            "count": 1
          }
        ],
        "specialties": [
          "wildland"
        ],
        "game": {
          "building_types": [
            "Fire Station"
          ]
        },
        "significance": "Main Road corridor house covering the fast-growing north end of Johns Island.",
        "sources": [
          {
            "title": "FDmaps — Charleston County, SC fire stations & apparatus",
            "url": "https://sc.fdmaps.com/charleston-county/",
            "retrieved": "2026-08-16"
          },
          {
            "title": "Wikipedia — St. John's Fire District",
            "url": "https://en.wikipedia.org/wiki/St._John%27s_Fire_District",
            "retrieved": "2026-08-16"
          },
          {
            "title": "OpenStreetMap Nominatim geocoding of the published street address",
            "url": "https://nominatim.openstreetmap.org/",
            "retrieved": "2026-08-16"
          }
        ],
        "confidence": "medium",
        "last_verified": "2026-08-16"
      }
    },
    {
      "type": "Feature",
      "geometry": {
        "type": "Point",
        "coordinates": [
          -80.25302,
          32.73333
        ]
      },
      "properties": {
        "id": "spfd-station-1",
        "name": "St. Paul's Fire District Station 1",
        "category": "fire",
        "subtype": "combination",
        "subregion_id": "st-pauls",
        "status": "active",
        "agency": {
          "name": "St. Paul's Fire District",
          "type": "fire_department",
          "level": "other",
          "parent": null
        },
        "designation": "Station 1",
        "address": {
          "city": "Hollywood",
          "county": "Charleston",
          "state": "SC",
          "country": "US"
        },
        "staffing_model": "combination",
        "operating_hours": "24_7",
        "units": [],
        "game": {
          "building_types": [
            "Fire Station",
            "Small Fire Station"
          ],
          "recommended": false,
          "notes": "Rural district — a small station build matches the real staffing better than a full house."
        },
        "significance": "District headquarters for rural southwestern Charleston County. Apparatus roster not published.",
        "sources": [
          {
            "title": "OpenStreetMap — Saint Pauls Fire District Station 1 Headquarters",
            "url": "https://www.openstreetmap.org/node/367805586",
            "retrieved": "2026-08-16"
          }
        ],
        "confidence": "low",
        "last_verified": "2026-08-16"
      }
    },
    {
      "type": "Feature",
      "geometry": {
        "type": "Point",
        "coordinates": [
          -80.20882,
          32.82363
        ]
      },
      "properties": {
        "id": "spfd-station-2",
        "name": "St. Paul's Fire District Station 2",
        "category": "fire",
        "subtype": "combination",
        "subregion_id": "st-pauls",
        "status": "active",
        "agency": {
          "name": "St. Paul's Fire District",
          "type": "fire_department",
          "level": "other",
          "parent": null
        },
        "designation": "Station 2",
        "address": {
          "city": "Ravenel",
          "county": "Charleston",
          "state": "SC",
          "country": "US"
        },
        "staffing_model": "combination",
        "operating_hours": "24_7",
        "units": [],
        "game": {
          "building_types": [
            "Fire Station",
            "Small Fire Station"
          ],
          "recommended": false,
          "notes": "Rural district — a small station build matches the real staffing better than a full house."
        },
        "significance": "Rural St. Paul's district coverage in southwestern Charleston County. Apparatus roster not published; street addresses are not matched to these mapped points with confidence.",
        "sources": [
          {
            "title": "OpenStreetMap — Saint Pauls Fire District Station 2",
            "url": "https://www.openstreetmap.org/node/367805393",
            "retrieved": "2026-08-16"
          }
        ],
        "confidence": "low",
        "last_verified": "2026-08-16"
      }
    },
    {
      "type": "Feature",
      "geometry": {
        "type": "Point",
        "coordinates": [
          -80.29211,
          32.57724
        ]
      },
      "properties": {
        "id": "spfd-station-3",
        "name": "St. Paul's Fire District Station 3",
        "category": "fire",
        "subtype": "combination",
        "subregion_id": "st-pauls",
        "status": "active",
        "agency": {
          "name": "St. Paul's Fire District",
          "type": "fire_department",
          "level": "other",
          "parent": null
        },
        "designation": "Station 3",
        "address": {
          "city": "Edisto Island",
          "county": "Charleston",
          "state": "SC",
          "country": "US"
        },
        "staffing_model": "combination",
        "operating_hours": "24_7",
        "units": [],
        "game": {
          "building_types": [
            "Fire Station",
            "Small Fire Station"
          ],
          "recommended": false,
          "notes": "Rural district — a small station build matches the real staffing better than a full house."
        },
        "significance": "Rural St. Paul's district coverage in southwestern Charleston County. Apparatus roster not published; street addresses are not matched to these mapped points with confidence.",
        "sources": [
          {
            "title": "OpenStreetMap — Saint Pauls Fire District Station 3",
            "url": "https://www.openstreetmap.org/node/367805420",
            "retrieved": "2026-08-16"
          }
        ],
        "confidence": "low",
        "last_verified": "2026-08-16"
      }
    },
    {
      "type": "Feature",
      "geometry": {
        "type": "Point",
        "coordinates": [
          -80.22759,
          32.78074
        ]
      },
      "properties": {
        "id": "spfd-station-4",
        "name": "St. Paul's Fire District Station 4",
        "category": "fire",
        "subtype": "combination",
        "subregion_id": "st-pauls",
        "status": "active",
        "agency": {
          "name": "St. Paul's Fire District",
          "type": "fire_department",
          "level": "other",
          "parent": null
        },
        "designation": "Station 4",
        "address": {
          "city": "Ravenel",
          "county": "Charleston",
          "state": "SC",
          "country": "US"
        },
        "staffing_model": "combination",
        "operating_hours": "24_7",
        "units": [],
        "game": {
          "building_types": [
            "Fire Station",
            "Small Fire Station"
          ],
          "recommended": false,
          "notes": "Rural district — a small station build matches the real staffing better than a full house."
        },
        "significance": "Rural St. Paul's district coverage in southwestern Charleston County. Apparatus roster not published; street addresses are not matched to these mapped points with confidence.",
        "sources": [
          {
            "title": "OpenStreetMap — Saint Pauls Fire District Station 4",
            "url": "https://www.openstreetmap.org/node/367805342",
            "retrieved": "2026-08-16"
          }
        ],
        "confidence": "low",
        "last_verified": "2026-08-16"
      }
    },
    {
      "type": "Feature",
      "geometry": {
        "type": "Point",
        "coordinates": [
          -80.16344,
          32.76211
        ]
      },
      "properties": {
        "id": "spfd-station-6",
        "name": "St. Paul's Fire District Station 6",
        "category": "fire",
        "subtype": "combination",
        "subregion_id": "st-pauls",
        "status": "active",
        "agency": {
          "name": "St. Paul's Fire District",
          "type": "fire_department",
          "level": "other",
          "parent": null
        },
        "designation": "Station 6",
        "address": {
          "city": "Hollywood",
          "county": "Charleston",
          "state": "SC",
          "country": "US"
        },
        "staffing_model": "combination",
        "operating_hours": "24_7",
        "units": [],
        "game": {
          "building_types": [
            "Fire Station",
            "Small Fire Station"
          ],
          "recommended": false,
          "notes": "Rural district — a small station build matches the real staffing better than a full house."
        },
        "significance": "Rural St. Paul's district coverage in southwestern Charleston County. Apparatus roster not published; street addresses are not matched to these mapped points with confidence.",
        "sources": [
          {
            "title": "OpenStreetMap — Saint Pauls Fire District Station 6",
            "url": "https://www.openstreetmap.org/way/280939583",
            "retrieved": "2026-08-16"
          }
        ],
        "confidence": "low",
        "last_verified": "2026-08-16"
      }
    },
    {
      "type": "Feature",
      "geometry": {
        "type": "Point",
        "coordinates": [
          -79.85752,
          32.79313
        ]
      },
      "properties": {
        "id": "mpfd-station-1",
        "name": "Mount Pleasant Fire Department Station 1",
        "category": "fire",
        "subtype": "career",
        "subregion_id": "mount-pleasant",
        "status": "active",
        "agency": {
          "name": "Mount Pleasant Fire Department",
          "type": "fire_department",
          "level": "municipal",
          "parent": null
        },
        "designation": "Station 1",
        "address": {
          "street": "974 McCants Drive",
          "city": "Mount Pleasant",
          "county": "Charleston",
          "state": "SC",
          "country": "US"
        },
        "staffing_model": "career",
        "operating_hours": "24_7",
        "units": [
          {
            "type": "engine",
            "designation": "Engine 501",
            "count": 1
          },
          {
            "type": "air_light",
            "designation": "Air 509",
            "count": 1
          }
        ],
        "game": {
          "building_types": [
            "Fire Station"
          ]
        },
        "significance": "Old Village house; carries the department air unit.",
        "sources": [
          {
            "title": "OpenStreetMap — Mount Pleasant Fire Department Station 1",
            "url": "https://www.openstreetmap.org/way/1454803318",
            "retrieved": "2026-08-16"
          },
          {
            "title": "Town of Mount Pleasant — Fire Stations",
            "url": "https://www.tompsc.com/376/Fire-Stations",
            "retrieved": "2026-08-16"
          },
          {
            "title": "FDmaps — Charleston County, SC fire stations & apparatus",
            "url": "https://sc.fdmaps.com/charleston-county/",
            "retrieved": "2026-08-16"
          }
        ],
        "confidence": "medium",
        "last_verified": "2026-08-16"
      }
    },
    {
      "type": "Feature",
      "geometry": {
        "type": "Point",
        "coordinates": [
          -79.85507,
          32.84862
        ]
      },
      "properties": {
        "id": "mpfd-station-2",
        "name": "Mount Pleasant Fire Department Station 2",
        "category": "fire",
        "subtype": "career",
        "subregion_id": "mount-pleasant",
        "status": "active",
        "agency": {
          "name": "Mount Pleasant Fire Department",
          "type": "fire_department",
          "level": "municipal",
          "parent": null
        },
        "designation": "Station 2",
        "address": {
          "street": "393 Egypt Road",
          "city": "Mount Pleasant",
          "county": "Charleston",
          "state": "SC",
          "country": "US"
        },
        "staffing_model": "career",
        "operating_hours": "24_7",
        "units": [
          {
            "type": "engine",
            "designation": "Engine 502",
            "count": 1
          }
        ],
        "game": {
          "building_types": [
            "Fire Station"
          ]
        },
        "sources": [
          {
            "title": "Town of Mount Pleasant — Fire Stations",
            "url": "https://www.tompsc.com/376/Fire-Stations",
            "retrieved": "2026-08-16"
          },
          {
            "title": "FDmaps — Charleston County, SC fire stations & apparatus",
            "url": "https://sc.fdmaps.com/charleston-county/",
            "retrieved": "2026-08-16"
          },
          {
            "title": "OpenStreetMap Nominatim geocoding of the published street address",
            "url": "https://nominatim.openstreetmap.org/",
            "retrieved": "2026-08-16"
          }
        ],
        "confidence": "medium",
        "last_verified": "2026-08-16"
      }
    },
    {
      "type": "Feature",
      "geometry": {
        "type": "Point",
        "coordinates": [
          -79.89061,
          32.80885
        ]
      },
      "properties": {
        "id": "mpfd-station-3",
        "name": "Mount Pleasant Fire Department Station 3",
        "category": "fire",
        "subtype": "career",
        "subregion_id": "mount-pleasant",
        "status": "active",
        "agency": {
          "name": "Mount Pleasant Fire Department",
          "type": "fire_department",
          "level": "municipal",
          "parent": null
        },
        "designation": "Station 3",
        "address": {
          "street": "355 7th Avenue",
          "city": "Mount Pleasant",
          "county": "Charleston",
          "state": "SC",
          "country": "US"
        },
        "staffing_model": "career",
        "operating_hours": "24_7",
        "units": [
          {
            "type": "engine",
            "designation": "Engine 503",
            "count": 1
          },
          {
            "type": "engine",
            "designation": "Engine 504",
            "count": 1
          },
          {
            "type": "ladder",
            "designation": "Ladder 503",
            "count": 1
          },
          {
            "type": "marine",
            "designation": "Marine 501",
            "count": 1
          },
          {
            "type": "marine",
            "designation": "Boat 501",
            "count": 1
          }
        ],
        "specialties": [
          "marine_rescue"
        ],
        "game": {
          "building_types": [
            "Fire Station"
          ],
          "recommended": true,
          "notes": "Two engines, a ladder and the marine unit — the busiest single build in Mount Pleasant."
        },
        "significance": "Multi-company house near the waterfront; base for the town fire marine units on Charleston Harbor.",
        "sources": [
          {
            "title": "OpenStreetMap — Mount Pleasant Fire Department Station 3",
            "url": "https://www.openstreetmap.org/way/1503487057",
            "retrieved": "2026-08-16"
          },
          {
            "title": "Town of Mount Pleasant — Fire Stations",
            "url": "https://www.tompsc.com/376/Fire-Stations",
            "retrieved": "2026-08-16"
          },
          {
            "title": "FDmaps — Charleston County, SC fire stations & apparatus",
            "url": "https://sc.fdmaps.com/charleston-county/",
            "retrieved": "2026-08-16"
          }
        ],
        "confidence": "medium",
        "last_verified": "2026-08-16"
      }
    },
    {
      "type": "Feature",
      "geometry": {
        "type": "Point",
        "coordinates": [
          -79.81483,
          32.83877
        ]
      },
      "properties": {
        "id": "mpfd-station-4",
        "name": "Mount Pleasant Fire Department Station 4",
        "category": "fire",
        "subtype": "career",
        "subregion_id": "mount-pleasant",
        "status": "active",
        "agency": {
          "name": "Mount Pleasant Fire Department",
          "type": "fire_department",
          "level": "municipal",
          "parent": null
        },
        "designation": "Station 4",
        "address": {
          "street": "1153 Six Mile Road",
          "city": "Mount Pleasant",
          "county": "Charleston",
          "state": "SC",
          "country": "US"
        },
        "staffing_model": "career",
        "operating_hours": "24_7",
        "units": [
          {
            "type": "rescue",
            "designation": "Rescue 504",
            "count": 1
          },
          {
            "type": "ladder",
            "designation": "Tower 504",
            "count": 1,
            "attributes": {
              "platform": true
            }
          },
          {
            "type": "rescue",
            "designation": "Squad 504",
            "count": 1
          }
        ],
        "specialties": [
          "technical_rescue"
        ],
        "game": {
          "building_types": [
            "Fire Station"
          ],
          "recommended": true,
          "notes": "Heavy rescue + USAR + tower — build this for technical-rescue coverage east of the Cooper."
        },
        "significance": "Technical-rescue and USAR house, and the north battalion command post.",
        "sources": [
          {
            "title": "OpenStreetMap — Mount Pleasant Fire Department Station 4",
            "url": "https://www.openstreetmap.org/way/1454803322",
            "retrieved": "2026-08-16"
          },
          {
            "title": "Town of Mount Pleasant — Fire Stations",
            "url": "https://www.tompsc.com/376/Fire-Stations",
            "retrieved": "2026-08-16"
          },
          {
            "title": "FDmaps — Charleston County, SC fire stations & apparatus",
            "url": "https://sc.fdmaps.com/charleston-county/",
            "retrieved": "2026-08-16"
          }
        ],
        "confidence": "medium",
        "last_verified": "2026-08-16"
      }
    },
    {
      "type": "Feature",
      "geometry": {
        "type": "Point",
        "coordinates": [
          -79.80496,
          32.89602
        ]
      },
      "properties": {
        "id": "mpfd-station-5",
        "name": "Mount Pleasant Fire Department Station 5",
        "category": "fire",
        "subtype": "career",
        "subregion_id": "mount-pleasant",
        "status": "active",
        "agency": {
          "name": "Mount Pleasant Fire Department",
          "type": "fire_department",
          "level": "municipal",
          "parent": null
        },
        "designation": "Station 5",
        "address": {
          "street": "3001 Dunes West Boulevard",
          "city": "Mount Pleasant",
          "county": "Charleston",
          "state": "SC",
          "country": "US"
        },
        "staffing_model": "career",
        "operating_hours": "24_7",
        "units": [
          {
            "type": "engine",
            "designation": "Engine 506",
            "count": 1
          },
          {
            "type": "ladder",
            "designation": "Ladder 505",
            "count": 1
          },
          {
            "type": "brush",
            "designation": "Brush 505",
            "count": 1
          }
        ],
        "specialties": [
          "wildland"
        ],
        "game": {
          "building_types": [
            "Fire Station"
          ]
        },
        "sources": [
          {
            "title": "OpenStreetMap — Mount Pleasant Fire Department Station 5",
            "url": "https://www.openstreetmap.org/way/894704782",
            "retrieved": "2026-08-16"
          },
          {
            "title": "Town of Mount Pleasant — Fire Stations",
            "url": "https://www.tompsc.com/376/Fire-Stations",
            "retrieved": "2026-08-16"
          },
          {
            "title": "FDmaps — Charleston County, SC fire stations & apparatus",
            "url": "https://sc.fdmaps.com/charleston-county/",
            "retrieved": "2026-08-16"
          }
        ],
        "confidence": "medium",
        "last_verified": "2026-08-16"
      }
    },
    {
      "type": "Feature",
      "geometry": {
        "type": "Point",
        "coordinates": [
          -79.76257,
          32.88362
        ]
      },
      "properties": {
        "id": "mpfd-station-6",
        "name": "Mount Pleasant Fire Department Station 6",
        "category": "fire",
        "subtype": "career",
        "subregion_id": "mount-pleasant",
        "status": "active",
        "agency": {
          "name": "Mount Pleasant Fire Department",
          "type": "fire_department",
          "level": "municipal",
          "parent": null
        },
        "designation": "Station 6",
        "address": {
          "street": "1301 Carolina Park Boulevard",
          "city": "Mount Pleasant",
          "county": "Charleston",
          "state": "SC",
          "country": "US"
        },
        "staffing_model": "career",
        "operating_hours": "24_7",
        "units": [],
        "game": {
          "building_types": [
            "Fire Station"
          ]
        },
        "significance": "Newest house, serving fast-growing north Mount Pleasant near Wando High School. Apparatus roster not published.",
        "sources": [
          {
            "title": "OpenStreetMap — Mount Pleasant Fire Department Station 6",
            "url": "https://www.openstreetmap.org/way/1133630090",
            "retrieved": "2026-08-16"
          },
          {
            "title": "Town of Mount Pleasant — Fire Stations",
            "url": "https://www.tompsc.com/376/Fire-Stations",
            "retrieved": "2026-08-16"
          }
        ],
        "confidence": "medium",
        "last_verified": "2026-08-16"
      }
    },
    {
      "type": "Feature",
      "geometry": {
        "type": "Point",
        "coordinates": [
          -79.85793,
          32.81526
        ]
      },
      "properties": {
        "id": "mpfd-station-7",
        "name": "Mount Pleasant Fire Department Station 7",
        "category": "fire",
        "subtype": "career",
        "subregion_id": "mount-pleasant",
        "status": "active",
        "agency": {
          "name": "Mount Pleasant Fire Department",
          "type": "fire_department",
          "level": "municipal",
          "parent": null
        },
        "designation": "Station 7",
        "address": {
          "street": "926 Bowman Road",
          "city": "Mount Pleasant",
          "county": "Charleston",
          "state": "SC",
          "country": "US"
        },
        "staffing_model": "career",
        "operating_hours": "24_7",
        "units": [
          {
            "type": "rescue",
            "designation": "Squad 507",
            "count": 1
          },
          {
            "type": "other",
            "designation": "Quick Response Vehicle",
            "count": 1
          }
        ],
        "game": {
          "building_types": [
            "Fire Station"
          ]
        },
        "significance": "Quick-response vehicle house.",
        "sources": [
          {
            "title": "OpenStreetMap — Mount Pleasant Fire Department Station 7",
            "url": "https://www.openstreetmap.org/way/1470388770",
            "retrieved": "2026-08-16"
          },
          {
            "title": "Town of Mount Pleasant — Fire Stations",
            "url": "https://www.tompsc.com/376/Fire-Stations",
            "retrieved": "2026-08-16"
          },
          {
            "title": "FDmaps — Charleston County, SC fire stations & apparatus",
            "url": "https://sc.fdmaps.com/charleston-county/",
            "retrieved": "2026-08-16"
          }
        ],
        "confidence": "medium",
        "last_verified": "2026-08-16"
      }
    },
    {
      "type": "Feature",
      "geometry": {
        "type": "Point",
        "coordinates": [
          -79.8882,
          32.80163
        ]
      },
      "properties": {
        "id": "mpfd-headquarters",
        "name": "Mount Pleasant Fire Department Headquarters",
        "category": "fire",
        "subtype": "administration",
        "subregion_id": "mount-pleasant",
        "status": "active",
        "agency": {
          "name": "Mount Pleasant Fire Department",
          "type": "fire_department",
          "level": "municipal",
          "parent": null
        },
        "designation": null,
        "address": {
          "city": "Mount Pleasant",
          "county": "Charleston",
          "state": "SC",
          "country": "US"
        },
        "units": [],
        "game": {
          "building_types": [
            "Fire Station"
          ],
          "recommended": false,
          "notes": "Administrative headquarters co-located with the police department."
        },
        "significance": "Departmental headquarters for a seven-station career department; shares a campus with Mount Pleasant Police.",
        "sources": [
          {
            "title": "OpenStreetMap — Mount Pleasant Fire Department Headquarters",
            "url": "https://www.openstreetmap.org/node/367805525",
            "retrieved": "2026-08-16"
          },
          {
            "title": "Town of Mount Pleasant — Fire Stations",
            "url": "https://www.tompsc.com/376/Fire-Stations",
            "retrieved": "2026-08-16"
          }
        ],
        "confidence": "medium",
        "last_verified": "2026-08-16"
      }
    },
    {
      "type": "Feature",
      "geometry": {
        "type": "Point",
        "coordinates": [
          -79.78933,
          32.78625
        ]
      },
      "properties": {
        "id": "iop-fire-station-1",
        "name": "Isle of Palms Fire Department Station 1",
        "category": "fire",
        "subtype": "career",
        "subregion_id": "isle-of-palms",
        "status": "active",
        "agency": {
          "name": "Isle of Palms Fire Department",
          "type": "fire_department",
          "level": "municipal",
          "parent": null
        },
        "designation": "Station 1",
        "address": {
          "street": "30 J.C. Long Boulevard",
          "city": "Isle of Palms",
          "county": "Charleston",
          "state": "SC",
          "country": "US"
        },
        "staffing_model": "career",
        "operating_hours": "24_7",
        "units": [],
        "game": {
          "building_types": [
            "Fire Station",
            "Small Fire Station"
          ]
        },
        "significance": "Barrier-island department; beach rescue and hurricane evacuation drive its workload.",
        "sources": [
          {
            "title": "OpenStreetMap — Isle of Palms Fire Department Station 1",
            "url": "https://www.openstreetmap.org/way/701397500",
            "retrieved": "2026-08-16"
          },
          {
            "title": "FDmaps — Charleston County, SC fire stations & apparatus",
            "url": "https://sc.fdmaps.com/charleston-county/",
            "retrieved": "2026-08-16"
          }
        ],
        "confidence": "medium",
        "last_verified": "2026-08-16"
      }
    },
    {
      "type": "Feature",
      "geometry": {
        "type": "Point",
        "coordinates": [
          -79.76024,
          32.80415
        ]
      },
      "properties": {
        "id": "iop-fire-station-2",
        "name": "Isle of Palms Fire Department Station 2",
        "category": "fire",
        "subtype": "career",
        "subregion_id": "isle-of-palms",
        "status": "active",
        "agency": {
          "name": "Isle of Palms Fire Department",
          "type": "fire_department",
          "level": "municipal",
          "parent": null
        },
        "designation": "Station 2",
        "address": {
          "street": "44 41st Avenue",
          "city": "Isle of Palms",
          "county": "Charleston",
          "state": "SC",
          "country": "US"
        },
        "staffing_model": "career",
        "operating_hours": "24_7",
        "units": [],
        "game": {
          "building_types": [
            "Fire Station",
            "Small Fire Station"
          ]
        },
        "sources": [
          {
            "title": "OpenStreetMap — Isle Of Palms Fire Department Station 2",
            "url": "https://www.openstreetmap.org/node/367805723",
            "retrieved": "2026-08-16"
          },
          {
            "title": "FDmaps — Charleston County, SC fire stations & apparatus",
            "url": "https://sc.fdmaps.com/charleston-county/",
            "retrieved": "2026-08-16"
          }
        ],
        "confidence": "medium",
        "last_verified": "2026-08-16"
      }
    },
    {
      "type": "Feature",
      "geometry": {
        "type": "Point",
        "coordinates": [
          -79.84014,
          32.76164
        ]
      },
      "properties": {
        "id": "sullivans-island-fire",
        "name": "Sullivan's Island Fire Department",
        "category": "fire",
        "subtype": "career",
        "subregion_id": "sullivans-island",
        "status": "active",
        "agency": {
          "name": "Sullivan's Island Fire Department",
          "type": "fire_department",
          "level": "municipal",
          "parent": null
        },
        "designation": null,
        "address": {
          "street": "2050 Middle Street",
          "city": "Sullivan's Island",
          "county": "Charleston",
          "state": "SC",
          "country": "US"
        },
        "staffing_model": "career",
        "operating_hours": "24_7",
        "units": [],
        "game": {
          "building_types": [
            "Fire Station",
            "Small Fire Station"
          ]
        },
        "significance": "Small island department sharing a public-safety building with the island police department.",
        "sources": [
          {
            "title": "OpenStreetMap — Sullivan's Island Fire Department",
            "url": "https://www.openstreetmap.org/node/10874696364",
            "retrieved": "2026-08-16"
          },
          {
            "title": "FDmaps — Charleston County, SC fire stations & apparatus",
            "url": "https://sc.fdmaps.com/charleston-county/",
            "retrieved": "2026-08-16"
          }
        ],
        "confidence": "medium",
        "last_verified": "2026-08-16"
      }
    },
    {
      "type": "Feature",
      "geometry": {
        "type": "Point",
        "coordinates": [
          -79.94178,
          32.65586
        ]
      },
      "properties": {
        "id": "folly-beach-fire",
        "name": "Folly Beach Fire Department",
        "category": "fire",
        "subtype": "career",
        "subregion_id": "folly-beach",
        "status": "active",
        "agency": {
          "name": "Folly Beach Fire Department",
          "type": "fire_department",
          "level": "municipal",
          "parent": null
        },
        "designation": null,
        "address": {
          "street": "108 West Cooper Avenue",
          "city": "Folly Beach",
          "county": "Charleston",
          "state": "SC",
          "country": "US"
        },
        "staffing_model": "career",
        "operating_hours": "24_7",
        "units": [],
        "specialties": [
          "marine_rescue"
        ],
        "game": {
          "building_types": [
            "Fire Station",
            "Small Fire Station"
          ]
        },
        "significance": "Covers a heavily-visited barrier island with significant surf-rescue workload.",
        "sources": [
          {
            "title": "OpenStreetMap — Folly Beach Fire Department",
            "url": "https://www.openstreetmap.org/way/931493698",
            "retrieved": "2026-08-16"
          },
          {
            "title": "FDmaps — Charleston County, SC fire stations & apparatus",
            "url": "https://sc.fdmaps.com/charleston-county/",
            "retrieved": "2026-08-16"
          }
        ],
        "confidence": "medium",
        "last_verified": "2026-08-16"
      }
    },
    {
      "type": "Feature",
      "geometry": {
        "type": "Point",
        "coordinates": [
          -79.64974,
          32.98665
        ]
      },
      "properties": {
        "id": "awendaw-fire-station-1",
        "name": "Awendaw–McClellanville Fire District Station 1",
        "category": "fire",
        "subtype": "combination",
        "subregion_id": "awendaw-mcclellanville",
        "status": "active",
        "agency": {
          "name": "Awendaw–McClellanville Consolidated Fire District",
          "type": "fire_department",
          "level": "other",
          "parent": null
        },
        "designation": "Station 1",
        "address": {
          "street": "US Highway 17 North",
          "city": "Awendaw",
          "county": "Charleston",
          "state": "SC",
          "country": "US"
        },
        "staffing_model": "combination",
        "operating_hours": "24_7",
        "units": [],
        "game": {
          "building_types": [
            "Fire Station",
            "Small Fire Station"
          ]
        },
        "significance": "Rural coverage of the Francis Marion corridor north of Mount Pleasant; long response distances.",
        "sources": [
          {
            "title": "FDmaps — Charleston County, SC fire stations & apparatus",
            "url": "https://sc.fdmaps.com/charleston-county/",
            "retrieved": "2026-08-16"
          },
          {
            "title": "OpenStreetMap Nominatim geocoding of the published street address",
            "url": "https://nominatim.openstreetmap.org/",
            "retrieved": "2026-08-16"
          }
        ],
        "confidence": "low",
        "last_verified": "2026-08-16"
      }
    },
    {
      "type": "Feature",
      "geometry": {
        "type": "Point",
        "coordinates": [
          -79.53843,
          33.06016
        ]
      },
      "properties": {
        "id": "awendaw-fire-station-3",
        "name": "Awendaw–McClellanville Fire District Station 3",
        "category": "fire",
        "subtype": "combination",
        "subregion_id": "awendaw-mcclellanville",
        "status": "active",
        "agency": {
          "name": "Awendaw–McClellanville Consolidated Fire District",
          "type": "fire_department",
          "level": "other",
          "parent": null
        },
        "designation": "Station 3",
        "address": {
          "city": "McClellanville",
          "county": "Charleston",
          "state": "SC",
          "country": "US"
        },
        "staffing_model": "combination",
        "operating_hours": "24_7",
        "units": [],
        "game": {
          "building_types": [
            "Fire Station",
            "Small Fire Station"
          ]
        },
        "significance": "Northernmost fire coverage in Charleston County. Station numbering differs between OpenStreetMap and published rosters.",
        "sources": [
          {
            "title": "OpenStreetMap — Awendaw Fire Department Station 3",
            "url": "https://www.openstreetmap.org/node/367805491",
            "retrieved": "2026-08-16"
          }
        ],
        "confidence": "low",
        "last_verified": "2026-08-16"
      }
    },
    {
      "type": "Feature",
      "geometry": {
        "type": "Point",
        "coordinates": [
          -80.15968,
          33.01015
        ]
      },
      "properties": {
        "id": "lincolnville-fire",
        "name": "Lincolnville Fire Department",
        "category": "fire",
        "subtype": "volunteer",
        "subregion_id": "lincolnville",
        "status": "active",
        "agency": {
          "name": "Town of Lincolnville Fire Department",
          "type": "fire_department",
          "level": "municipal",
          "parent": null
        },
        "designation": null,
        "address": {
          "street": "143 West Pine Street",
          "city": "Lincolnville",
          "county": "Dorchester",
          "state": "SC",
          "country": "US"
        },
        "staffing_model": "volunteer",
        "operating_hours": "24_7",
        "units": [
          {
            "type": "engine",
            "designation": "Engine 56",
            "count": 1
          },
          {
            "type": "engine",
            "designation": "Engine 57",
            "count": 1
          }
        ],
        "game": {
          "building_types": [
            "Fire Station",
            "Small Fire Station"
          ]
        },
        "sources": [
          {
            "title": "OpenStreetMap — Lincolnville Fire",
            "url": "https://www.openstreetmap.org/node/11980006433",
            "retrieved": "2026-08-16"
          },
          {
            "title": "FDmaps — Charleston County, SC fire stations & apparatus",
            "url": "https://sc.fdmaps.com/charleston-county/",
            "retrieved": "2026-08-16"
          }
        ],
        "confidence": "medium",
        "last_verified": "2026-08-16"
      }
    },
    {
      "type": "Feature",
      "geometry": {
        "type": "Point",
        "coordinates": [
          -80.01533,
          32.84057
        ]
      },
      "properties": {
        "id": "charleston-county-rescue-squad",
        "name": "Charleston County Rescue Squad",
        "category": "fire",
        "subtype": "volunteer",
        "subregion_id": "north-charleston",
        "status": "active",
        "agency": {
          "name": "Charleston County Rescue Squad",
          "type": "fire_department",
          "level": "county",
          "parent": null
        },
        "designation": null,
        "address": {
          "city": "North Charleston",
          "county": "Charleston",
          "state": "SC",
          "country": "US"
        },
        "staffing_model": "volunteer",
        "operating_hours": "24_7",
        "units": [],
        "specialties": [
          "technical_rescue",
          "dive_rescue"
        ],
        "game": {
          "building_types": [
            "Rescue Station"
          ],
          "notes": "Volunteer special-rescue resource — maps to a rescue station rather than a fire house."
        },
        "significance": "Long-standing volunteer rescue organization supporting county-wide technical and water rescue. Apparatus roster not verified.",
        "sources": [
          {
            "title": "OpenStreetMap — Charleston County Rescue Squad",
            "url": "https://www.openstreetmap.org/node/367805397",
            "retrieved": "2026-08-16"
          }
        ],
        "confidence": "low",
        "last_verified": "2026-08-16"
      }
    },
    {
      "type": "Feature",
      "geometry": {
        "type": "Point",
        "coordinates": [
          -80.00761,
          32.90292
        ]
      },
      "properties": {
        "id": "hanahan-fire-station-1",
        "name": "Hanahan Fire Department Station 1",
        "category": "fire",
        "subtype": "career",
        "subregion_id": "hanahan",
        "status": "active",
        "agency": {
          "name": "City of Hanahan Fire Department",
          "type": "fire_department",
          "level": "municipal",
          "parent": null
        },
        "designation": null,
        "address": {
          "city": "Hanahan",
          "county": "Berkeley",
          "state": "SC",
          "country": "US"
        },
        "staffing_model": "career",
        "operating_hours": "24_7",
        "units": [],
        "game": {
          "building_types": [
            "Fire Station",
            "Small Fire Station"
          ]
        },
        "significance": "Co-located with Hanahan Police Department.",
        "sources": [
          {
            "title": "OpenStreetMap — Hanahan Fire Department",
            "url": "https://www.openstreetmap.org/node/367805739",
            "retrieved": "2026-08-16"
          }
        ],
        "confidence": "medium",
        "last_verified": "2026-08-16"
      }
    },
    {
      "type": "Feature",
      "geometry": {
        "type": "Point",
        "coordinates": [
          -80.00911,
          32.9465
        ]
      },
      "properties": {
        "id": "hanahan-fire-station-3",
        "name": "City of Hanahan Fire Station 3",
        "category": "fire",
        "subtype": "career",
        "subregion_id": "hanahan",
        "status": "active",
        "agency": {
          "name": "City of Hanahan Fire Department",
          "type": "fire_department",
          "level": "municipal",
          "parent": null
        },
        "designation": "Station 3",
        "address": {
          "street": "Williams Lane",
          "city": "Hanahan",
          "county": "Berkeley",
          "state": "SC",
          "country": "US"
        },
        "staffing_model": "career",
        "operating_hours": "24_7",
        "units": [],
        "game": {
          "building_types": [
            "Fire Station",
            "Small Fire Station"
          ]
        },
        "sources": [
          {
            "title": "OpenStreetMap — City of Hanahan Fire Station 3",
            "url": "https://www.openstreetmap.org/way/849311535",
            "retrieved": "2026-08-16"
          }
        ],
        "confidence": "medium",
        "last_verified": "2026-08-16"
      }
    },
    {
      "type": "Feature",
      "geometry": {
        "type": "Point",
        "coordinates": [
          -80.03632,
          33.00459
        ]
      },
      "properties": {
        "id": "goose-creek-fire-station-1",
        "name": "Goose Creek City Fire Department Station 1",
        "category": "fire",
        "subtype": "career",
        "subregion_id": "goose-creek",
        "status": "active",
        "agency": {
          "name": "City of Goose Creek Fire Department",
          "type": "fire_department",
          "level": "municipal",
          "parent": null
        },
        "designation": "Station 1",
        "address": {
          "city": "Goose Creek",
          "county": "Berkeley",
          "state": "SC",
          "country": "US"
        },
        "staffing_model": "career",
        "operating_hours": "24_7",
        "units": [],
        "game": {
          "building_types": [
            "Fire Station",
            "Small Fire Station"
          ]
        },
        "sources": [
          {
            "title": "OpenStreetMap — Goose Creek City Fire Dept Station 1",
            "url": "https://www.openstreetmap.org/way/802224585",
            "retrieved": "2026-08-16"
          }
        ],
        "confidence": "medium",
        "last_verified": "2026-08-16"
      }
    },
    {
      "type": "Feature",
      "geometry": {
        "type": "Point",
        "coordinates": [
          -80.03834,
          33.0321
        ]
      },
      "properties": {
        "id": "goose-creek-rural-station-2",
        "name": "Goose Creek Rural Fire Department Station 2",
        "category": "fire",
        "subtype": "combination",
        "subregion_id": "goose-creek",
        "status": "active",
        "agency": {
          "name": "Goose Creek Rural Fire Department",
          "type": "fire_department",
          "level": "other",
          "parent": null
        },
        "designation": "Station 2",
        "address": {
          "city": "Goose Creek",
          "county": "Berkeley",
          "state": "SC",
          "country": "US"
        },
        "staffing_model": "combination",
        "operating_hours": "24_7",
        "units": [],
        "game": {
          "building_types": [
            "Fire Station",
            "Small Fire Station"
          ]
        },
        "sources": [
          {
            "title": "OpenStreetMap — Goose Creek Rural Fire Department Station 2",
            "url": "https://www.openstreetmap.org/node/367805777",
            "retrieved": "2026-08-16"
          }
        ],
        "confidence": "low",
        "last_verified": "2026-08-16"
      }
    },
    {
      "type": "Feature",
      "geometry": {
        "type": "Point",
        "coordinates": [
          -80.05564,
          33.0328
        ]
      },
      "properties": {
        "id": "goose-creek-fire-station-3",
        "name": "Goose Creek Fire Station 3",
        "category": "fire",
        "subtype": "career",
        "subregion_id": "goose-creek",
        "status": "active",
        "agency": {
          "name": "City of Goose Creek Fire Department",
          "type": "fire_department",
          "level": "municipal",
          "parent": null
        },
        "designation": "Station 3",
        "address": {
          "city": "Goose Creek",
          "county": "Berkeley",
          "state": "SC",
          "country": "US"
        },
        "staffing_model": "career",
        "operating_hours": "24_7",
        "units": [],
        "game": {
          "building_types": [
            "Fire Station",
            "Small Fire Station"
          ]
        },
        "sources": [
          {
            "title": "OpenStreetMap — Goose Creek Fire Station 3",
            "url": "https://www.openstreetmap.org/way/1076789508",
            "retrieved": "2026-08-16"
          }
        ],
        "confidence": "low",
        "last_verified": "2026-08-16"
      }
    },
    {
      "type": "Feature",
      "geometry": {
        "type": "Point",
        "coordinates": [
          -80.02375,
          32.97413
        ]
      },
      "properties": {
        "id": "goose-creek-haines-hq",
        "name": "Michael R. Haines Fire Headquarters",
        "category": "fire",
        "subtype": "combination",
        "subregion_id": "goose-creek",
        "status": "active",
        "agency": {
          "name": "Goose Creek Rural Fire Department",
          "type": "fire_department",
          "level": "other",
          "parent": null
        },
        "designation": null,
        "address": {
          "street": "Red Bank Road",
          "city": "Goose Creek",
          "county": "Berkeley",
          "state": "SC",
          "country": "US"
        },
        "staffing_model": "combination",
        "operating_hours": "24_7",
        "units": [],
        "game": {
          "building_types": [
            "Fire Station",
            "Small Fire Station"
          ]
        },
        "significance": "District headquarters on the Red Bank Road corridor.",
        "sources": [
          {
            "title": "OpenStreetMap — Michael R. Haines Headquarters",
            "url": "https://www.openstreetmap.org/way/30702253",
            "retrieved": "2026-08-16"
          }
        ],
        "confidence": "low",
        "last_verified": "2026-08-16"
      }
    },
    {
      "type": "Feature",
      "geometry": {
        "type": "Point",
        "coordinates": [
          -80.17634,
          33.02417
        ]
      },
      "properties": {
        "id": "summerville-fire-station-1",
        "name": "Summerville Fire & Rescue Station 1 (Headquarters)",
        "category": "fire",
        "subtype": "career",
        "subregion_id": "summerville",
        "status": "active",
        "agency": {
          "name": "Summerville Fire & Rescue",
          "type": "fire_department",
          "level": "municipal",
          "parent": null
        },
        "designation": "Station 1",
        "address": {
          "city": "Summerville",
          "county": "Dorchester",
          "state": "SC",
          "country": "US"
        },
        "staffing_model": "career",
        "operating_hours": "24_7",
        "units": [],
        "game": {
          "building_types": [
            "Fire Station",
            "Small Fire Station"
          ]
        },
        "significance": "Headquarters of the fire department serving the largest town in the tri-county area outside Charleston/North Charleston.",
        "sources": [
          {
            "title": "OpenStreetMap — Summerville Fire and Rescue Station 1 Heaquarters",
            "url": "https://www.openstreetmap.org/node/367805375",
            "retrieved": "2026-08-16"
          }
        ],
        "confidence": "medium",
        "last_verified": "2026-08-16"
      }
    },
    {
      "type": "Feature",
      "geometry": {
        "type": "Point",
        "coordinates": [
          -80.20882,
          32.99961
        ]
      },
      "properties": {
        "id": "summerville-fire-station-2",
        "name": "Summerville Fire & Rescue Station 2",
        "category": "fire",
        "subtype": "career",
        "subregion_id": "summerville",
        "status": "active",
        "agency": {
          "name": "Summerville Fire & Rescue",
          "type": "fire_department",
          "level": "municipal",
          "parent": null
        },
        "designation": "Station 2",
        "address": {
          "city": "Summerville",
          "county": "Dorchester",
          "state": "SC",
          "country": "US"
        },
        "staffing_model": "career",
        "operating_hours": "24_7",
        "units": [],
        "game": {
          "building_types": [
            "Fire Station",
            "Small Fire Station"
          ]
        },
        "sources": [
          {
            "title": "OpenStreetMap — Summerville Fire and Rescue Station 2",
            "url": "https://www.openstreetmap.org/node/367805748",
            "retrieved": "2026-08-16"
          }
        ],
        "confidence": "medium",
        "last_verified": "2026-08-16"
      }
    },
    {
      "type": "Feature",
      "geometry": {
        "type": "Point",
        "coordinates": [
          -80.16431,
          32.95998
        ]
      },
      "properties": {
        "id": "summerville-fire-station-3",
        "name": "Summerville Fire & Rescue Station 3",
        "category": "fire",
        "subtype": "career",
        "subregion_id": "summerville",
        "status": "active",
        "agency": {
          "name": "Summerville Fire & Rescue",
          "type": "fire_department",
          "level": "municipal",
          "parent": null
        },
        "designation": "Station 3",
        "address": {
          "city": "Summerville",
          "county": "Dorchester",
          "state": "SC",
          "country": "US"
        },
        "staffing_model": "career",
        "operating_hours": "24_7",
        "units": [],
        "game": {
          "building_types": [
            "Fire Station",
            "Small Fire Station"
          ]
        },
        "sources": [
          {
            "title": "OpenStreetMap — Summerville Fire and Rescue Station 3",
            "url": "https://www.openstreetmap.org/node/367805751",
            "retrieved": "2026-08-16"
          }
        ],
        "confidence": "medium",
        "last_verified": "2026-08-16"
      }
    },
    {
      "type": "Feature",
      "geometry": {
        "type": "Point",
        "coordinates": [
          -80.09685,
          32.90732
        ]
      },
      "properties": {
        "id": "ashley-river-fire",
        "name": "Ashley River Fire Department",
        "category": "fire",
        "subtype": "combination",
        "subregion_id": "ashley-river-dorchester",
        "status": "active",
        "agency": {
          "name": "Ashley River Fire District",
          "type": "fire_department",
          "level": "other",
          "parent": null
        },
        "designation": null,
        "address": {
          "street": "8045 Dorchester Road",
          "city": "North Charleston",
          "county": "Dorchester",
          "state": "SC",
          "country": "US"
        },
        "staffing_model": "combination",
        "operating_hours": "24_7",
        "units": [
          {
            "type": "engine",
            "designation": "Engine 101",
            "count": 1
          },
          {
            "type": "engine",
            "designation": "Engine 102",
            "count": 1
          },
          {
            "type": "rescue",
            "designation": "Rescue 105",
            "count": 1
          }
        ],
        "game": {
          "building_types": [
            "Fire Station",
            "Small Fire Station"
          ]
        },
        "sources": [
          {
            "title": "OpenStreetMap — Ashley River Fire Department",
            "url": "https://www.openstreetmap.org/node/367805376",
            "retrieved": "2026-08-16"
          },
          {
            "title": "FDmaps — Charleston County, SC fire stations & apparatus",
            "url": "https://sc.fdmaps.com/charleston-county/",
            "retrieved": "2026-08-16"
          }
        ],
        "confidence": "medium",
        "last_verified": "2026-08-16"
      }
    },
    {
      "type": "Feature",
      "geometry": {
        "type": "Point",
        "coordinates": [
          -80.10142,
          33.0467
        ]
      },
      "properties": {
        "id": "pine-ridge-fire",
        "name": "Pine Ridge Volunteer Fire Department",
        "category": "fire",
        "subtype": "volunteer",
        "subregion_id": "summerville",
        "status": "active",
        "agency": {
          "name": "Pine Ridge Volunteer Fire Department",
          "type": "fire_department",
          "level": "other",
          "parent": null
        },
        "designation": null,
        "address": {
          "street": "Myers Road",
          "city": "Summerville",
          "county": "Dorchester",
          "state": "SC",
          "country": "US"
        },
        "staffing_model": "volunteer",
        "operating_hours": "24_7",
        "units": [],
        "game": {
          "building_types": [
            "Fire Station",
            "Small Fire Station"
          ]
        },
        "sources": [
          {
            "title": "OpenStreetMap — Pine Ridge Volunteer Fire Department",
            "url": "https://www.openstreetmap.org/way/1122471506",
            "retrieved": "2026-08-16"
          }
        ],
        "confidence": "low",
        "last_verified": "2026-08-16"
      }
    },
    {
      "type": "Feature",
      "geometry": {
        "type": "Point",
        "coordinates": [
          -79.83425,
          32.93752
        ]
      },
      "properties": {
        "id": "cainhoy-fire-station-1",
        "name": "Cainhoy Rural Fire Department Station 1",
        "category": "fire",
        "subtype": "volunteer",
        "subregion_id": "daniel-island-cainhoy",
        "status": "active",
        "agency": {
          "name": "Cainhoy Rural Fire Department",
          "type": "fire_department",
          "level": "other",
          "parent": null
        },
        "designation": "Station 1",
        "address": {
          "city": "Huger",
          "county": "Berkeley",
          "state": "SC",
          "country": "US"
        },
        "staffing_model": "volunteer",
        "operating_hours": "24_7",
        "units": [],
        "game": {
          "building_types": [
            "Fire Station",
            "Small Fire Station"
          ]
        },
        "sources": [
          {
            "title": "OpenStreetMap — Cainhoy Rural Fire Department Station 1",
            "url": "https://www.openstreetmap.org/node/367805410",
            "retrieved": "2026-08-16"
          }
        ],
        "confidence": "low",
        "last_verified": "2026-08-16"
      }
    },
    {
      "type": "Feature",
      "geometry": {
        "type": "Point",
        "coordinates": [
          -79.92042,
          32.89795
        ]
      },
      "properties": {
        "id": "cainhoy-fire-station-3",
        "name": "Cainhoy Fire Department Station 3",
        "category": "fire",
        "subtype": "volunteer",
        "subregion_id": "daniel-island-cainhoy",
        "status": "active",
        "agency": {
          "name": "Cainhoy Rural Fire Department",
          "type": "fire_department",
          "level": "other",
          "parent": null
        },
        "designation": "Station 3",
        "address": {
          "city": "Charleston",
          "county": "Berkeley",
          "state": "SC",
          "country": "US"
        },
        "staffing_model": "volunteer",
        "operating_hours": "24_7",
        "units": [],
        "game": {
          "building_types": [
            "Fire Station",
            "Small Fire Station"
          ]
        },
        "sources": [
          {
            "title": "OpenStreetMap — Cainhoy Fire Department Station 3",
            "url": "https://www.openstreetmap.org/way/1546103969",
            "retrieved": "2026-08-16"
          }
        ],
        "confidence": "low",
        "last_verified": "2026-08-16"
      }
    },
    {
      "type": "Feature",
      "geometry": {
        "type": "Point",
        "coordinates": [
          -80.05011,
          32.89988
        ]
      },
      "properties": {
        "id": "joint-base-charleston-fire",
        "name": "Joint Base Charleston Fire & Emergency Services",
        "category": "fire",
        "subtype": "arff",
        "subregion_id": "north-charleston",
        "status": "active",
        "agency": {
          "name": "Joint Base Charleston Fire & Emergency Services",
          "type": "federal_agency",
          "level": "federal",
          "parent": "United States Department of Defense"
        },
        "designation": "Station 1",
        "address": {
          "street": "South Bates Street",
          "city": "North Charleston",
          "county": "Charleston",
          "state": "SC",
          "country": "US"
        },
        "staffing_model": "career",
        "operating_hours": "24_7",
        "units": [],
        "specialties": [
          "arff"
        ],
        "game": {
          "building_types": [
            "Fire Station",
            "Airport Fire Station"
          ],
          "notes": "Charleston International shares its runways with Joint Base Charleston — ARFF coverage here is real and worth modeling."
        },
        "significance": "Crash-fire-rescue for Joint Base Charleston, which shares runways with Charleston International Airport. Apparatus roster not public.",
        "sources": [
          {
            "title": "FDmaps — Charleston County, SC fire stations & apparatus",
            "url": "https://sc.fdmaps.com/charleston-county/",
            "retrieved": "2026-08-16"
          },
          {
            "title": "OpenStreetMap Nominatim geocoding of the published street address",
            "url": "https://nominatim.openstreetmap.org/",
            "retrieved": "2026-08-16"
          }
        ],
        "confidence": "low",
        "last_verified": "2026-08-16"
      }
    },
    {
      "type": "Feature",
      "geometry": {
        "type": "Point",
        "coordinates": [
          -79.99316,
          32.96675
        ]
      },
      "properties": {
        "id": "nws-charleston-fire",
        "name": "Naval Weapons Station Charleston Fire Station",
        "category": "fire",
        "subtype": "federal",
        "subregion_id": "goose-creek",
        "status": "active",
        "agency": {
          "name": "Joint Base Charleston Fire & Emergency Services",
          "type": "federal_agency",
          "level": "federal",
          "parent": "United States Department of Defense"
        },
        "designation": null,
        "address": {
          "city": "Goose Creek",
          "county": "Berkeley",
          "state": "SC",
          "country": "US"
        },
        "staffing_model": "career",
        "operating_hours": "24_7",
        "units": [],
        "game": {
          "building_types": [
            "Fire Station"
          ],
          "notes": "Covers the Naval Weapons Station side of Joint Base Charleston."
        },
        "significance": "Fire protection for the Naval Weapons Station Charleston side of Joint Base Charleston. Apparatus roster not public.",
        "sources": [
          {
            "title": "OpenStreetMap — NWS Charleston Fire Station",
            "url": "https://www.openstreetmap.org/way/30193878",
            "retrieved": "2026-08-16"
          }
        ],
        "confidence": "low",
        "last_verified": "2026-08-16"
      }
    },
    {
      "type": "Feature",
      "geometry": {
        "type": "Point",
        "coordinates": [
          -79.7989,
          33.09347
        ]
      },
      "properties": {
        "id": "usfs-francis-marion-ranger",
        "name": "Francis Marion National Forest — Ranger Administration",
        "category": "ranger",
        "subtype": "ranger",
        "subregion_id": "daniel-island-cainhoy",
        "status": "active",
        "agency": {
          "name": "USDA Forest Service — Francis Marion & Sumter National Forests",
          "type": "federal_agency",
          "level": "federal",
          "parent": "United States Department of Agriculture"
        },
        "designation": null,
        "address": {
          "street": "Steed Creek Road",
          "city": "Huger",
          "county": "Berkeley",
          "state": "SC",
          "country": "US"
        },
        "operating_hours": "daytime",
        "units": [],
        "specialties": [
          "wildland"
        ],
        "game": {
          "building_types": [
            "Fire Station",
            "Small Fire Station"
          ],
          "notes": "Wildland cover for the 260,000-acre Francis Marion National Forest north of Charleston."
        },
        "significance": "Forest Service administration for the Francis Marion National Forest — the wildland-fire authority for the northern half of the region.",
        "sources": [
          {
            "title": "FDmaps — Charleston County, SC fire stations & apparatus",
            "url": "https://sc.fdmaps.com/charleston-county/",
            "retrieved": "2026-08-16"
          },
          {
            "title": "OpenStreetMap Nominatim geocoding of the published street address",
            "url": "https://nominatim.openstreetmap.org/",
            "retrieved": "2026-08-16"
          }
        ],
        "confidence": "low",
        "last_verified": "2026-08-16"
      }
    },
    {
      "type": "Feature",
      "geometry": {
        "type": "Point",
        "coordinates": [
          -80.01643,
          32.8403
        ]
      },
      "properties": {
        "id": "ccems-headquarters",
        "name": "Charleston County EMS Headquarters",
        "category": "ems",
        "subtype": "third_service",
        "subregion_id": "north-charleston",
        "status": "active",
        "agency": {
          "name": "Charleston County EMS",
          "type": "ems_agency",
          "level": "county",
          "parent": "Charleston County Government"
        },
        "designation": "Headquarters",
        "address": {
          "street": "4045 Bridge View Drive",
          "city": "North Charleston",
          "county": "Charleston",
          "state": "SC",
          "country": "US"
        },
        "staffing_model": "career",
        "operating_hours": "24_7",
        "units": [],
        "specialties": [
          "marine_rescue"
        ],
        "game": {
          "building_types": [
            "Rescue Station"
          ],
          "recommended": true,
          "notes": "County-wide ALS service running 13 stations — the natural anchor for ambulance coverage in this region."
        },
        "significance": "Headquarters of an ALS-only county EMS system answering more than 60,000 calls a year across 1,100+ square miles. Special-operations teams (tactical, marine, bike, motorcycle) are based out of the service.",
        "sources": [
          {
            "title": "Charleston County EMS — Operations & stations",
            "url": "https://www.charlestoncounty.gov/departments/ems/stations-map.php",
            "retrieved": "2026-08-16"
          },
          {
            "title": "Charleston County EMS — Special Operations",
            "url": "https://www.charlestoncounty.gov/departments/ems/special-ops.php",
            "retrieved": "2026-08-16"
          },
          {
            "title": "OpenStreetMap Nominatim geocoding of the published street address",
            "url": "https://nominatim.openstreetmap.org/",
            "retrieved": "2026-08-16"
          }
        ],
        "confidence": "medium",
        "last_verified": "2026-08-16"
      }
    },
    {
      "type": "Feature",
      "geometry": {
        "type": "Point",
        "coordinates": [
          -79.95269,
          32.78211
        ]
      },
      "properties": {
        "id": "ccems-station-1",
        "name": "Charleston County EMS Station 1",
        "category": "ems",
        "subtype": "third_service",
        "subregion_id": "charleston-peninsula",
        "status": "active",
        "agency": {
          "name": "Charleston County EMS",
          "type": "ems_agency",
          "level": "county",
          "parent": "Charleston County Government"
        },
        "designation": "Station 1",
        "address": {
          "street": "5 Charleston Center Drive",
          "city": "Charleston",
          "county": "Charleston",
          "state": "SC",
          "country": "US"
        },
        "staffing_model": "career",
        "operating_hours": "24_7",
        "units": [],
        "game": {
          "building_types": [
            "Rescue Station"
          ]
        },
        "significance": "Charleston County EMS is an all-ALS county third service; individual ambulance assignments per station are not published, so unit lists are left empty.",
        "sources": [
          {
            "title": "Charleston County EMS — Operations & stations",
            "url": "https://www.charlestoncounty.gov/departments/ems/stations-map.php",
            "retrieved": "2026-08-16"
          },
          {
            "title": "OpenStreetMap Nominatim geocoding of the published street address",
            "url": "https://nominatim.openstreetmap.org/",
            "retrieved": "2026-08-16"
          }
        ],
        "confidence": "medium",
        "last_verified": "2026-08-16"
      }
    },
    {
      "type": "Feature",
      "geometry": {
        "type": "Point",
        "coordinates": [
          -79.9847,
          32.8526
        ]
      },
      "properties": {
        "id": "ccems-station-2",
        "name": "Charleston County EMS Station 2",
        "category": "ems",
        "subtype": "third_service",
        "subregion_id": "north-charleston",
        "status": "active",
        "agency": {
          "name": "Charleston County EMS",
          "type": "ems_agency",
          "level": "county",
          "parent": "Charleston County Government"
        },
        "designation": "Station 2",
        "address": {
          "street": "2145 Melbourne Avenue",
          "city": "North Charleston",
          "county": "Charleston",
          "state": "SC",
          "country": "US"
        },
        "staffing_model": "career",
        "operating_hours": "24_7",
        "units": [],
        "game": {
          "building_types": [
            "Rescue Station"
          ]
        },
        "significance": "Charleston County EMS is an all-ALS county third service; individual ambulance assignments per station are not published, so unit lists are left empty.",
        "sources": [
          {
            "title": "Charleston County EMS — Operations & stations",
            "url": "https://www.charlestoncounty.gov/departments/ems/stations-map.php",
            "retrieved": "2026-08-16"
          },
          {
            "title": "OpenStreetMap — Overpass discovery query over the Charleston region bbox",
            "url": "https://overpass-api.de/api/interpreter",
            "retrieved": "2026-08-16"
          }
        ],
        "confidence": "medium",
        "last_verified": "2026-08-16"
      }
    },
    {
      "type": "Feature",
      "geometry": {
        "type": "Point",
        "coordinates": [
          -79.96434,
          32.71066
        ]
      },
      "properties": {
        "id": "ccems-station-4",
        "name": "Charleston County EMS Station 4",
        "category": "ems",
        "subtype": "third_service",
        "subregion_id": "james-island",
        "status": "active",
        "agency": {
          "name": "Charleston County EMS",
          "type": "ems_agency",
          "level": "county",
          "parent": "Charleston County Government"
        },
        "designation": "Station 4",
        "address": {
          "street": "1485 Folly Road",
          "city": "Charleston",
          "county": "Charleston",
          "state": "SC",
          "country": "US"
        },
        "staffing_model": "career",
        "operating_hours": "24_7",
        "units": [],
        "game": {
          "building_types": [
            "Rescue Station"
          ]
        },
        "significance": "Charleston County EMS is an all-ALS county third service; individual ambulance assignments per station are not published, so unit lists are left empty.",
        "sources": [
          {
            "title": "Charleston County EMS — Operations & stations",
            "url": "https://www.charlestoncounty.gov/departments/ems/stations-map.php",
            "retrieved": "2026-08-16"
          },
          {
            "title": "OpenStreetMap Nominatim geocoding of the published street address",
            "url": "https://nominatim.openstreetmap.org/",
            "retrieved": "2026-08-16"
          }
        ],
        "confidence": "medium",
        "last_verified": "2026-08-16"
      }
    },
    {
      "type": "Feature",
      "geometry": {
        "type": "Point",
        "coordinates": [
          -79.89118,
          32.80872
        ]
      },
      "properties": {
        "id": "ccems-station-5",
        "name": "Charleston County EMS Station 5",
        "category": "ems",
        "subtype": "third_service",
        "subregion_id": "mount-pleasant",
        "status": "active",
        "agency": {
          "name": "Charleston County EMS",
          "type": "ems_agency",
          "level": "county",
          "parent": "Charleston County Government"
        },
        "designation": "Station 5",
        "address": {
          "street": "356 7th Avenue",
          "city": "Mount Pleasant",
          "county": "Charleston",
          "state": "SC",
          "country": "US"
        },
        "staffing_model": "career",
        "operating_hours": "24_7",
        "units": [],
        "game": {
          "building_types": [
            "Rescue Station"
          ]
        },
        "significance": "Charleston County EMS is an all-ALS county third service; individual ambulance assignments per station are not published, so unit lists are left empty.",
        "sources": [
          {
            "title": "Charleston County EMS — Operations & stations",
            "url": "https://www.charlestoncounty.gov/departments/ems/stations-map.php",
            "retrieved": "2026-08-16"
          },
          {
            "title": "OpenStreetMap Nominatim geocoding of the published street address",
            "url": "https://nominatim.openstreetmap.org/",
            "retrieved": "2026-08-16"
          }
        ],
        "confidence": "medium",
        "last_verified": "2026-08-16"
      }
    },
    {
      "type": "Feature",
      "geometry": {
        "type": "Point",
        "coordinates": [
          -80.09014,
          32.72286
        ]
      },
      "properties": {
        "id": "ccems-station-7",
        "name": "Charleston County EMS Station 7",
        "category": "ems",
        "subtype": "third_service",
        "subregion_id": "johns-island",
        "status": "active",
        "agency": {
          "name": "Charleston County EMS",
          "type": "ems_agency",
          "level": "county",
          "parent": "Charleston County Government"
        },
        "designation": "Station 7",
        "address": {
          "street": "1527 Main Road",
          "city": "Johns Island",
          "county": "Charleston",
          "state": "SC",
          "country": "US"
        },
        "staffing_model": "career",
        "operating_hours": "24_7",
        "units": [],
        "game": {
          "building_types": [
            "Rescue Station"
          ]
        },
        "significance": "Charleston County EMS is an all-ALS county third service; individual ambulance assignments per station are not published, so unit lists are left empty.",
        "sources": [
          {
            "title": "Charleston County EMS — Operations & stations",
            "url": "https://www.charlestoncounty.gov/departments/ems/stations-map.php",
            "retrieved": "2026-08-16"
          },
          {
            "title": "OpenStreetMap Nominatim geocoding of the published street address",
            "url": "https://nominatim.openstreetmap.org/",
            "retrieved": "2026-08-16"
          }
        ],
        "confidence": "medium",
        "last_verified": "2026-08-16"
      }
    },
    {
      "type": "Feature",
      "geometry": {
        "type": "Point",
        "coordinates": [
          -80.34523,
          32.58365
        ]
      },
      "properties": {
        "id": "ccems-station-8",
        "name": "Charleston County EMS Station 8",
        "category": "ems",
        "subtype": "third_service",
        "subregion_id": "st-pauls",
        "status": "active",
        "agency": {
          "name": "Charleston County EMS",
          "type": "ems_agency",
          "level": "county",
          "parent": "Charleston County Government"
        },
        "designation": "Station 8",
        "address": {
          "street": "2763 Highway 174",
          "city": "Edisto Island",
          "county": "Charleston",
          "state": "SC",
          "country": "US"
        },
        "staffing_model": "career",
        "operating_hours": "24_7",
        "units": [],
        "game": {
          "building_types": [
            "Rescue Station"
          ]
        },
        "significance": "Remote Edisto Island post — the longest transport times in the county.",
        "sources": [
          {
            "title": "Charleston County EMS — Operations & stations",
            "url": "https://www.charlestoncounty.gov/departments/ems/stations-map.php",
            "retrieved": "2026-08-16"
          },
          {
            "title": "OpenStreetMap Nominatim geocoding of the published street address",
            "url": "https://nominatim.openstreetmap.org/",
            "retrieved": "2026-08-16"
          }
        ],
        "confidence": "medium",
        "last_verified": "2026-08-16"
      }
    },
    {
      "type": "Feature",
      "geometry": {
        "type": "Point",
        "coordinates": [
          -80.15226,
          32.61865
        ]
      },
      "properties": {
        "id": "ccems-station-10",
        "name": "Charleston County EMS Station 10",
        "category": "ems",
        "subtype": "third_service",
        "subregion_id": "sea-islands",
        "status": "active",
        "agency": {
          "name": "Charleston County EMS",
          "type": "ems_agency",
          "level": "county",
          "parent": "Charleston County Government"
        },
        "designation": "Station 10",
        "address": {
          "street": "4305 Betsy Kerrison Parkway",
          "city": "Johns Island",
          "county": "Charleston",
          "state": "SC",
          "country": "US"
        },
        "staffing_model": "career",
        "operating_hours": "24_7",
        "units": [],
        "game": {
          "building_types": [
            "Rescue Station"
          ]
        },
        "significance": "Covers the Kiawah/Seabrook resort islands.",
        "sources": [
          {
            "title": "Charleston County EMS — Operations & stations",
            "url": "https://www.charlestoncounty.gov/departments/ems/stations-map.php",
            "retrieved": "2026-08-16"
          },
          {
            "title": "OpenStreetMap Nominatim geocoding of the published street address",
            "url": "https://nominatim.openstreetmap.org/",
            "retrieved": "2026-08-16"
          }
        ],
        "confidence": "medium",
        "last_verified": "2026-08-16"
      }
    },
    {
      "type": "Feature",
      "geometry": {
        "type": "Point",
        "coordinates": [
          -79.82263,
          32.83209
        ]
      },
      "properties": {
        "id": "ccems-station-11",
        "name": "Charleston County EMS Station 11",
        "category": "ems",
        "subtype": "third_service",
        "subregion_id": "mount-pleasant",
        "status": "active",
        "agency": {
          "name": "Charleston County EMS",
          "type": "ems_agency",
          "level": "county",
          "parent": "Charleston County Government"
        },
        "designation": "Station 11",
        "address": {
          "street": "1189 Sweetgrass Basket Parkway",
          "city": "Mount Pleasant",
          "county": "Charleston",
          "state": "SC",
          "country": "US"
        },
        "staffing_model": "career",
        "operating_hours": "24_7",
        "units": [],
        "game": {
          "building_types": [
            "Rescue Station"
          ]
        },
        "significance": "Shares the Sweetgrass Basket Parkway site with an East Cooper fire/EMS station.",
        "sources": [
          {
            "title": "OpenStreetMap — East Cooper EMS Station",
            "url": "https://www.openstreetmap.org/node/13574689098",
            "retrieved": "2026-08-16"
          },
          {
            "title": "Charleston County EMS — Operations & stations",
            "url": "https://www.charlestoncounty.gov/departments/ems/stations-map.php",
            "retrieved": "2026-08-16"
          }
        ],
        "confidence": "medium",
        "last_verified": "2026-08-16"
      }
    },
    {
      "type": "Feature",
      "geometry": {
        "type": "Point",
        "coordinates": [
          -79.9843,
          32.85276
        ]
      },
      "properties": {
        "id": "ccems-station-12",
        "name": "Charleston County EMS Station 12",
        "category": "ems",
        "subtype": "third_service",
        "subregion_id": "north-charleston",
        "status": "active",
        "agency": {
          "name": "Charleston County EMS",
          "type": "ems_agency",
          "level": "county",
          "parent": "Charleston County Government"
        },
        "designation": "Station 12",
        "address": {
          "street": "3565 Dorchester Road",
          "city": "North Charleston",
          "county": "Charleston",
          "state": "SC",
          "country": "US"
        },
        "staffing_model": "career",
        "operating_hours": "24_7",
        "units": [],
        "game": {
          "building_types": [
            "Rescue Station"
          ]
        },
        "significance": "Charleston County EMS is an all-ALS county third service; individual ambulance assignments per station are not published, so unit lists are left empty.",
        "sources": [
          {
            "title": "Charleston County EMS — Operations & stations",
            "url": "https://www.charlestoncounty.gov/departments/ems/stations-map.php",
            "retrieved": "2026-08-16"
          },
          {
            "title": "OpenStreetMap Nominatim geocoding of the published street address",
            "url": "https://nominatim.openstreetmap.org/",
            "retrieved": "2026-08-16"
          }
        ],
        "confidence": "medium",
        "last_verified": "2026-08-16"
      }
    },
    {
      "type": "Feature",
      "geometry": {
        "type": "Point",
        "coordinates": [
          -80.14435,
          33.03527
        ]
      },
      "properties": {
        "id": "berkeley-county-ems",
        "name": "Berkeley County EMS Station",
        "category": "ems",
        "subtype": "third_service",
        "subregion_id": "goose-creek",
        "status": "active",
        "agency": {
          "name": "Berkeley County EMS",
          "type": "ems_agency",
          "level": "county",
          "parent": "Berkeley County Government"
        },
        "designation": null,
        "address": {
          "city": "Goose Creek",
          "county": "Berkeley",
          "state": "SC",
          "country": "US"
        },
        "staffing_model": "career",
        "operating_hours": "24_7",
        "units": [],
        "game": {
          "building_types": [
            "Rescue Station"
          ]
        },
        "significance": "Berkeley County runs its own EMS system separate from Charleston County; this mapped station covers the Goose Creek area.",
        "sources": [
          {
            "title": "OpenStreetMap — Berkeley County EMS",
            "url": "https://www.openstreetmap.org/node/11998034037",
            "retrieved": "2026-08-16"
          }
        ],
        "confidence": "low",
        "last_verified": "2026-08-16"
      }
    },
    {
      "type": "Feature",
      "geometry": {
        "type": "Point",
        "coordinates": [
          -79.95979,
          32.78928
        ]
      },
      "properties": {
        "id": "cpd-headquarters",
        "name": "Charleston Police Department Headquarters",
        "category": "police_local",
        "subtype": "headquarters",
        "subregion_id": "charleston-peninsula",
        "status": "active",
        "agency": {
          "name": "Charleston Police Department",
          "type": "police_department",
          "level": "municipal",
          "parent": "City of Charleston"
        },
        "designation": null,
        "address": {
          "street": "180 Lockwood Boulevard",
          "city": "Charleston",
          "county": "Charleston",
          "state": "SC",
          "country": "US"
        },
        "operating_hours": "24_7",
        "units": [
          {
            "type": "swat",
            "designation": "SWAT Team",
            "count": 1
          },
          {
            "type": "k9",
            "designation": "K-9 Unit",
            "count": 3
          },
          {
            "type": "police_marine",
            "designation": "Harbor Patrol",
            "count": 1
          },
          {
            "type": "patrol",
            "designation": "Patrol Teams 1-12",
            "count": 1
          }
        ],
        "specialties": [
          "swat",
          "k9",
          "marine_rescue"
        ],
        "attributes": {
          "swat": true,
          "k9": true,
          "marine_patrol": true,
          "patrol_beats": 10
        },
        "game": {
          "building_types": [
            "Police Station",
            "SWAT Station",
            "Police Helicopter Station"
          ],
          "recommended": true,
          "notes": "CPD hosts SWAT, three K-9 teams and the Harbor Patrol — build a police station plus a SWAT annex here."
        },
        "significance": "Headquarters of the city police department, running ten patrol team areas plus SWAT, K-9 and a full-time Harbor Patrol unit that has policed the waterways since 1983.",
        "sources": [
          {
            "title": "Charleston Police Department — SWAT",
            "url": "https://charleston-sc.gov/462/Special-Weapons-Tactics-SWAT",
            "retrieved": "2026-08-16"
          },
          {
            "title": "Charleston Police Department — K-9 Unit",
            "url": "https://www.charleston-sc.gov/1157/K-9-Unit",
            "retrieved": "2026-08-16"
          },
          {
            "title": "Charleston Police Department — Harbor Patrol Unit",
            "url": "https://www.charleston-sc.gov/3054/Harbor-Patrol-Unit",
            "retrieved": "2026-08-16"
          },
          {
            "title": "Charleston Police Department — Patrol Division (team areas)",
            "url": "https://www.charleston-sc.gov/313/Patrol-Division",
            "retrieved": "2026-08-16"
          },
          {
            "title": "OpenStreetMap — Charleston Police Department",
            "url": "https://www.openstreetmap.org/node/367806893",
            "retrieved": "2026-08-16"
          }
        ],
        "confidence": "high",
        "last_verified": "2026-08-16"
      }
    },
    {
      "type": "Feature",
      "geometry": {
        "type": "Point",
        "coordinates": [
          -80.0315,
          32.8084
        ]
      },
      "properties": {
        "id": "cpd-west-ashley",
        "name": "Charleston Police Department — West Ashley Station",
        "category": "police_local",
        "subtype": "substation",
        "subregion_id": "west-ashley",
        "status": "active",
        "agency": {
          "name": "Charleston Police Department",
          "type": "police_department",
          "level": "municipal",
          "parent": "City of Charleston"
        },
        "designation": null,
        "address": {
          "city": "Charleston",
          "county": "Charleston",
          "state": "SC",
          "country": "US"
        },
        "operating_hours": "24_7",
        "units": [],
        "game": {
          "building_types": [
            "Police Station"
          ]
        },
        "significance": "Team-area station covering West Ashley. Mapped from OpenStreetMap; unit assignments not published.",
        "sources": [
          {
            "title": "OpenStreetMap — Overpass discovery query over the Charleston region bbox",
            "url": "https://overpass-api.de/api/interpreter",
            "retrieved": "2026-08-16"
          },
          {
            "title": "Charleston Police Department — Patrol Division (team areas)",
            "url": "https://www.charleston-sc.gov/313/Patrol-Division",
            "retrieved": "2026-08-16"
          }
        ],
        "confidence": "low",
        "last_verified": "2026-08-16"
      }
    },
    {
      "type": "Feature",
      "geometry": {
        "type": "Point",
        "coordinates": [
          -80.01225,
          32.87711
        ]
      },
      "properties": {
        "id": "ncpd-headquarters",
        "name": "North Charleston Police Department Headquarters (Central Bureau)",
        "category": "police_local",
        "subtype": "headquarters",
        "subregion_id": "north-charleston",
        "status": "active",
        "agency": {
          "name": "North Charleston Police Department",
          "type": "police_department",
          "level": "municipal",
          "parent": "City of North Charleston"
        },
        "designation": null,
        "address": {
          "street": "2500 City Hall Lane",
          "city": "North Charleston",
          "county": "Charleston",
          "state": "SC",
          "country": "US"
        },
        "operating_hours": "24_7",
        "units": [
          {
            "type": "swat",
            "designation": "SWAT",
            "count": 1
          },
          {
            "type": "k9",
            "designation": "K-9 Unit",
            "count": 1
          },
          {
            "type": "traffic",
            "designation": "Traffic Enforcement",
            "count": 1
          }
        ],
        "specialties": [
          "swat",
          "k9"
        ],
        "attributes": {
          "swat": true,
          "k9": true
        },
        "game": {
          "building_types": [
            "Police Station",
            "SWAT Station"
          ],
          "recommended": true,
          "notes": "Second-largest municipal department in the region, with SWAT and K-9."
        },
        "significance": "Headquarters and Central Bureau of the North Charleston Police Department, which operates three geographic bureaus plus SWAT, K-9 and dedicated traffic enforcement.",
        "sources": [
          {
            "title": "North Charleston Police Department — Divisions & Bureaus",
            "url": "https://police.northcharleston.org/divisions_bureaus/special_operations.php",
            "retrieved": "2026-08-16"
          },
          {
            "title": "OpenStreetMap Nominatim geocoding of the published street address",
            "url": "https://nominatim.openstreetmap.org/",
            "retrieved": "2026-08-16"
          }
        ],
        "confidence": "high",
        "last_verified": "2026-08-16"
      }
    },
    {
      "type": "Feature",
      "geometry": {
        "type": "Point",
        "coordinates": [
          -80.04633,
          32.96571
        ]
      },
      "properties": {
        "id": "ncpd-north-bureau",
        "name": "North Charleston Police Department — North Bureau",
        "category": "police_local",
        "subtype": "precinct",
        "subregion_id": "north-charleston",
        "status": "active",
        "agency": {
          "name": "North Charleston Police Department",
          "type": "police_department",
          "level": "municipal",
          "parent": "City of North Charleston"
        },
        "designation": null,
        "address": {
          "city": "North Charleston",
          "county": "Charleston",
          "state": "SC",
          "country": "US"
        },
        "operating_hours": "24_7",
        "units": [],
        "game": {
          "building_types": [
            "Police Station"
          ]
        },
        "significance": "One of the department's three geographic bureaus.",
        "sources": [
          {
            "title": "OpenStreetMap — North Bureau - North Charleston Police Department",
            "url": "https://www.openstreetmap.org/way/108267570",
            "retrieved": "2026-08-16"
          },
          {
            "title": "North Charleston Police Department — Divisions & Bureaus",
            "url": "https://police.northcharleston.org/divisions_bureaus/special_operations.php",
            "retrieved": "2026-08-16"
          }
        ],
        "confidence": "medium",
        "last_verified": "2026-08-16"
      }
    },
    {
      "type": "Feature",
      "geometry": {
        "type": "Point",
        "coordinates": [
          -79.97737,
          32.85544
        ]
      },
      "properties": {
        "id": "ncpd-south-bureau",
        "name": "North Charleston Police Department — South Bureau",
        "category": "police_local",
        "subtype": "precinct",
        "subregion_id": "north-charleston",
        "status": "active",
        "agency": {
          "name": "North Charleston Police Department",
          "type": "police_department",
          "level": "municipal",
          "parent": "City of North Charleston"
        },
        "designation": null,
        "address": {
          "street": "Rivers Avenue",
          "city": "North Charleston",
          "county": "Charleston",
          "state": "SC",
          "country": "US"
        },
        "operating_hours": "24_7",
        "units": [],
        "game": {
          "building_types": [
            "Police Station"
          ]
        },
        "significance": "Southern geographic bureau, covering the lower end of the city.",
        "sources": [
          {
            "title": "OpenStreetMap — South Police Substation",
            "url": "https://www.openstreetmap.org/way/1122798411",
            "retrieved": "2026-08-16"
          },
          {
            "title": "North Charleston Police Department — Divisions & Bureaus",
            "url": "https://police.northcharleston.org/divisions_bureaus/special_operations.php",
            "retrieved": "2026-08-16"
          }
        ],
        "confidence": "medium",
        "last_verified": "2026-08-16"
      }
    },
    {
      "type": "Feature",
      "geometry": {
        "type": "Point",
        "coordinates": [
          -79.8882,
          32.80183
        ]
      },
      "properties": {
        "id": "mount-pleasant-pd",
        "name": "Mount Pleasant Police Department",
        "category": "police_local",
        "subtype": "headquarters",
        "subregion_id": "mount-pleasant",
        "status": "active",
        "agency": {
          "name": "Mount Pleasant Police Department",
          "type": "police_department",
          "level": "municipal",
          "parent": "Town of Mount Pleasant"
        },
        "designation": null,
        "address": {
          "street": "Ann Edwards Lane",
          "city": "Mount Pleasant",
          "county": "Charleston",
          "state": "SC",
          "country": "US"
        },
        "operating_hours": "24_7",
        "units": [],
        "game": {
          "building_types": [
            "Police Station"
          ],
          "recommended": true
        },
        "significance": "Police headquarters for the largest town in Charleston County, sharing a campus with the fire department.",
        "sources": [
          {
            "title": "OpenStreetMap — Mount Pleasant Police Department",
            "url": "https://www.openstreetmap.org/node/367806895",
            "retrieved": "2026-08-16"
          }
        ],
        "confidence": "medium",
        "last_verified": "2026-08-16"
      }
    },
    {
      "type": "Feature",
      "geometry": {
        "type": "Point",
        "coordinates": [
          -79.90502,
          32.80206
        ]
      },
      "properties": {
        "id": "mount-pleasant-marine-patrol",
        "name": "Mount Pleasant Police Marine Patrol",
        "category": "police_local",
        "subtype": "substation",
        "subregion_id": "mount-pleasant",
        "status": "active",
        "agency": {
          "name": "Mount Pleasant Police Department",
          "type": "police_department",
          "level": "municipal",
          "parent": "Town of Mount Pleasant"
        },
        "designation": null,
        "address": {
          "city": "Mount Pleasant",
          "county": "Charleston",
          "state": "SC",
          "country": "US"
        },
        "operating_hours": "24_7",
        "units": [
          {
            "type": "police_marine",
            "designation": "Marine Patrol",
            "count": 1
          }
        ],
        "specialties": [
          "marine_rescue"
        ],
        "attributes": {
          "marine_patrol": true
        },
        "game": {
          "building_types": [
            "Police Station",
            "Water Rescue"
          ]
        },
        "significance": "Marine patrol base covering Charleston Harbor and the Intracoastal Waterway east of the Cooper.",
        "sources": [
          {
            "title": "OpenStreetMap — Mount Pleasant Marine Patrol",
            "url": "https://www.openstreetmap.org/node/8596277651",
            "retrieved": "2026-08-16"
          }
        ],
        "confidence": "medium",
        "last_verified": "2026-08-16"
      }
    },
    {
      "type": "Feature",
      "geometry": {
        "type": "Point",
        "coordinates": [
          -79.94157,
          32.6559
        ]
      },
      "properties": {
        "id": "folly-beach-pd",
        "name": "Folly Beach Police Department",
        "category": "police_local",
        "subregion_id": "folly-beach",
        "status": "active",
        "agency": {
          "name": "Folly Beach Police Department",
          "type": "police_department",
          "level": "municipal",
          "parent": "City of Folly Beach"
        },
        "designation": null,
        "address": {
          "street": "Center Street",
          "city": "Folly Beach",
          "county": "Charleston",
          "state": "SC",
          "country": "US"
        },
        "operating_hours": "24_7",
        "units": [],
        "game": {
          "building_types": [
            "Police Station"
          ]
        },
        "significance": "Small beach-town department with heavy seasonal tourist workload.",
        "sources": [
          {
            "title": "OpenStreetMap — Folly Beach Police Department",
            "url": "https://www.openstreetmap.org/node/367806884",
            "retrieved": "2026-08-16"
          }
        ],
        "confidence": "medium",
        "last_verified": "2026-08-16"
      }
    },
    {
      "type": "Feature",
      "geometry": {
        "type": "Point",
        "coordinates": [
          -79.78921,
          32.78796
        ]
      },
      "properties": {
        "id": "iop-pd",
        "name": "Isle of Palms Police Department",
        "category": "police_local",
        "subregion_id": "isle-of-palms",
        "status": "active",
        "agency": {
          "name": "Isle of Palms Police Department",
          "type": "police_department",
          "level": "municipal",
          "parent": "City of Isle of Palms"
        },
        "designation": null,
        "address": {
          "city": "Isle of Palms",
          "county": "Charleston",
          "state": "SC",
          "country": "US"
        },
        "operating_hours": "24_7",
        "units": [],
        "game": {
          "building_types": [
            "Police Station"
          ]
        },
        "sources": [
          {
            "title": "OpenStreetMap — Isle of Palms Police Department",
            "url": "https://www.openstreetmap.org/node/367806939",
            "retrieved": "2026-08-16"
          }
        ],
        "confidence": "medium",
        "last_verified": "2026-08-16"
      }
    },
    {
      "type": "Feature",
      "geometry": {
        "type": "Point",
        "coordinates": [
          -79.8397,
          32.7616
        ]
      },
      "properties": {
        "id": "sullivans-island-pd",
        "name": "Sullivan's Island Police Department",
        "category": "police_local",
        "subregion_id": "sullivans-island",
        "status": "active",
        "agency": {
          "name": "Sullivan's Island Police Department",
          "type": "police_department",
          "level": "municipal",
          "parent": "Town of Sullivan's Island"
        },
        "designation": null,
        "address": {
          "city": "Sullivan's Island",
          "county": "Charleston",
          "state": "SC",
          "country": "US"
        },
        "operating_hours": "24_7",
        "units": [],
        "game": {
          "building_types": [
            "Police Station"
          ]
        },
        "significance": "Shares a public-safety building with the island fire department.",
        "sources": [
          {
            "title": "OpenStreetMap — Overpass discovery query over the Charleston region bbox",
            "url": "https://overpass-api.de/api/interpreter",
            "retrieved": "2026-08-16"
          }
        ],
        "confidence": "low",
        "last_verified": "2026-08-16"
      }
    },
    {
      "type": "Feature",
      "geometry": {
        "type": "Point",
        "coordinates": [
          -80.00786,
          32.90316
        ]
      },
      "properties": {
        "id": "hanahan-pd",
        "name": "Hanahan Police Department",
        "category": "police_local",
        "subregion_id": "hanahan",
        "status": "active",
        "agency": {
          "name": "Hanahan Police Department",
          "type": "police_department",
          "level": "municipal",
          "parent": "City of Hanahan"
        },
        "designation": null,
        "address": {
          "city": "Hanahan",
          "county": "Berkeley",
          "state": "SC",
          "country": "US"
        },
        "operating_hours": "24_7",
        "units": [],
        "game": {
          "building_types": [
            "Police Station"
          ]
        },
        "sources": [
          {
            "title": "OpenStreetMap — Hanahan Police Department",
            "url": "https://www.openstreetmap.org/node/367807026",
            "retrieved": "2026-08-16"
          }
        ],
        "confidence": "medium",
        "last_verified": "2026-08-16"
      }
    },
    {
      "type": "Feature",
      "geometry": {
        "type": "Point",
        "coordinates": [
          -80.03594,
          33.02824
        ]
      },
      "properties": {
        "id": "goose-creek-pd",
        "name": "Goose Creek Police Department",
        "category": "police_local",
        "subregion_id": "goose-creek",
        "status": "active",
        "agency": {
          "name": "Goose Creek Police Department",
          "type": "police_department",
          "level": "municipal",
          "parent": "City of Goose Creek"
        },
        "designation": null,
        "address": {
          "street": "North Goose Creek Boulevard",
          "city": "Goose Creek",
          "county": "Berkeley",
          "state": "SC",
          "country": "US"
        },
        "operating_hours": "24_7",
        "units": [],
        "game": {
          "building_types": [
            "Police Station"
          ]
        },
        "sources": [
          {
            "title": "OpenStreetMap — Goose Creek Police Department",
            "url": "https://www.openstreetmap.org/node/14011339996",
            "retrieved": "2026-08-16"
          }
        ],
        "confidence": "medium",
        "last_verified": "2026-08-16"
      }
    },
    {
      "type": "Feature",
      "geometry": {
        "type": "Point",
        "coordinates": [
          -80.1759,
          33.02394
        ]
      },
      "properties": {
        "id": "summerville-pd",
        "name": "Summerville Police Department",
        "category": "police_local",
        "subtype": "headquarters",
        "subregion_id": "summerville",
        "status": "active",
        "agency": {
          "name": "Summerville Police Department",
          "type": "police_department",
          "level": "municipal",
          "parent": "Town of Summerville"
        },
        "designation": null,
        "address": {
          "street": "West 2nd North Street",
          "city": "Summerville",
          "county": "Dorchester",
          "state": "SC",
          "country": "US"
        },
        "operating_hours": "24_7",
        "units": [],
        "game": {
          "building_types": [
            "Police Station"
          ]
        },
        "significance": "Shares a public-safety complex with Summerville Fire & Rescue.",
        "sources": [
          {
            "title": "OpenStreetMap — Summerville Police Department",
            "url": "https://www.openstreetmap.org/node/367807070",
            "retrieved": "2026-08-16"
          }
        ],
        "confidence": "medium",
        "last_verified": "2026-08-16"
      }
    },
    {
      "type": "Feature",
      "geometry": {
        "type": "Point",
        "coordinates": [
          -80.15974,
          33.01005
        ]
      },
      "properties": {
        "id": "lincolnville-pd",
        "name": "Lincolnville Police Department",
        "category": "police_local",
        "subregion_id": "lincolnville",
        "status": "active",
        "agency": {
          "name": "Lincolnville Police Department",
          "type": "police_department",
          "level": "municipal",
          "parent": "Town of Lincolnville"
        },
        "designation": null,
        "address": {
          "city": "Lincolnville",
          "county": "Dorchester",
          "state": "SC",
          "country": "US"
        },
        "operating_hours": "24_7",
        "units": [],
        "game": {
          "building_types": [
            "Police Station"
          ]
        },
        "sources": [
          {
            "title": "OpenStreetMap — Lincolnville Police",
            "url": "https://www.openstreetmap.org/node/11980006434",
            "retrieved": "2026-08-16"
          }
        ],
        "confidence": "low",
        "last_verified": "2026-08-16"
      }
    },
    {
      "type": "Feature",
      "geometry": {
        "type": "Point",
        "coordinates": [
          -79.93854,
          32.78627
        ]
      },
      "properties": {
        "id": "cofc-public-safety",
        "name": "College of Charleston Department of Public Safety",
        "category": "police_local",
        "subtype": "campus",
        "subregion_id": "charleston-peninsula",
        "status": "active",
        "agency": {
          "name": "College of Charleston Department of Public Safety",
          "type": "other",
          "level": "other",
          "parent": "College of Charleston"
        },
        "designation": null,
        "address": {
          "street": "St. Philip Street",
          "city": "Charleston",
          "county": "Charleston",
          "state": "SC",
          "country": "US"
        },
        "operating_hours": "24_7",
        "units": [],
        "game": {
          "building_types": [
            "Police Station"
          ]
        },
        "significance": "Campus police for a downtown college of roughly 10,000 students; the college also fields a student fire & EMS unit.",
        "sources": [
          {
            "title": "OpenStreetMap — Department of Public Safety",
            "url": "https://www.openstreetmap.org/node/12875938262",
            "retrieved": "2026-08-16"
          },
          {
            "title": "FDmaps — Charleston County, SC fire stations & apparatus",
            "url": "https://sc.fdmaps.com/charleston-county/",
            "retrieved": "2026-08-16"
          }
        ],
        "confidence": "medium",
        "last_verified": "2026-08-16"
      }
    },
    {
      "type": "Feature",
      "geometry": {
        "type": "Point",
        "coordinates": [
          -80.03559,
          32.8838
        ]
      },
      "properties": {
        "id": "airport-police",
        "name": "Charleston County Aviation Authority Airport Police",
        "category": "police_local",
        "subtype": "airport",
        "subregion_id": "north-charleston",
        "status": "active",
        "agency": {
          "name": "Charleston County Aviation Authority Police",
          "type": "other",
          "level": "other",
          "parent": "Charleston County Aviation Authority"
        },
        "designation": null,
        "address": {
          "city": "North Charleston",
          "county": "Charleston",
          "state": "SC",
          "country": "US"
        },
        "operating_hours": "24_7",
        "units": [],
        "game": {
          "building_types": [
            "Police Station"
          ]
        },
        "significance": "Law enforcement for Charleston International Airport, which shares its airfield with Joint Base Charleston.",
        "sources": [
          {
            "title": "OpenStreetMap — Charleston Aviation Authority Airport Police",
            "url": "https://www.openstreetmap.org/node/367807208",
            "retrieved": "2026-08-16"
          }
        ],
        "confidence": "medium",
        "last_verified": "2026-08-16"
      }
    },
    {
      "type": "Feature",
      "geometry": {
        "type": "Point",
        "coordinates": [
          -80.00777,
          32.87721
        ]
      },
      "properties": {
        "id": "norfolk-southern-police",
        "name": "Norfolk Southern Railroad Police — Charleston",
        "category": "police_local",
        "subtype": "railroad",
        "subregion_id": "north-charleston",
        "status": "active",
        "agency": {
          "name": "Norfolk Southern Police Department",
          "type": "private",
          "level": "private"
        },
        "designation": null,
        "address": {
          "city": "North Charleston",
          "county": "Charleston",
          "state": "SC",
          "country": "US"
        },
        "operating_hours": "24_7",
        "units": [],
        "game": {
          "building_types": [
            "Police Station"
          ]
        },
        "significance": "Railroad police covering the rail corridor serving the Port of Charleston.",
        "sources": [
          {
            "title": "OpenStreetMap — Norfolk Southern Corporate Police Department",
            "url": "https://www.openstreetmap.org/node/367806883",
            "retrieved": "2026-08-16"
          }
        ],
        "confidence": "low",
        "last_verified": "2026-08-16"
      }
    },
    {
      "type": "Feature",
      "geometry": {
        "type": "Point",
        "coordinates": [
          -80.01141,
          32.85332
        ]
      },
      "properties": {
        "id": "ccso-headquarters",
        "name": "Charleston County Sheriff's Office Headquarters",
        "category": "sheriff",
        "subtype": "hq",
        "subregion_id": "north-charleston",
        "status": "active",
        "agency": {
          "name": "Charleston County Sheriff's Office",
          "type": "sheriff_office",
          "level": "county",
          "parent": "Charleston County Government"
        },
        "designation": null,
        "address": {
          "street": "3691 Leeds Avenue",
          "city": "North Charleston",
          "county": "Charleston",
          "state": "SC",
          "country": "US"
        },
        "operating_hours": "24_7",
        "units": [
          {
            "type": "swat",
            "designation": "SWAT",
            "count": 1
          },
          {
            "type": "k9",
            "designation": "K-9 Unit",
            "count": 1
          },
          {
            "type": "police_air",
            "designation": "Aviation Unit",
            "count": 1
          },
          {
            "type": "police_marine",
            "designation": "Marine Patrol",
            "count": 1
          },
          {
            "type": "bomb_squad",
            "designation": "Bomb Team",
            "count": 1
          },
          {
            "type": "dive",
            "designation": "Underwater Recovery Team",
            "count": 1
          },
          {
            "type": "crime_scene",
            "designation": "Forensic Services Unit",
            "count": 1
          }
        ],
        "specialties": [
          "swat",
          "k9",
          "bomb_squad",
          "air_support",
          "dive_rescue",
          "marine_rescue"
        ],
        "attributes": {
          "swat": true,
          "k9": true,
          "aviation": true,
          "marine_patrol": true,
          "bomb_squad": true
        },
        "game": {
          "building_types": [
            "Police Station",
            "SWAT Station",
            "Police Helicopter Station"
          ],
          "recommended": true,
          "notes": "The county-wide specialist stack — SWAT, bomb team, aviation, marine and dive all attach here."
        },
        "significance": "County-wide sheriff's office headquarters; hosts K-9, aviation, marine patrol, forensics and the county bomb and underwater-recovery teams.",
        "sources": [
          {
            "title": "Charleston County Sheriff's Office — Operations",
            "url": "https://sheriff.charlestoncounty.gov/operations.php",
            "retrieved": "2026-08-16"
          },
          {
            "title": "Charleston County Sheriff's Office — specialized units (Discover Policing)",
            "url": "https://www.discoverpolicing.org/agency/charleston-county-sheriffs-office/",
            "retrieved": "2026-08-16"
          },
          {
            "title": "OpenStreetMap Nominatim geocoding of the published street address",
            "url": "https://nominatim.openstreetmap.org/",
            "retrieved": "2026-08-16"
          }
        ],
        "confidence": "high",
        "last_verified": "2026-08-16"
      }
    },
    {
      "type": "Feature",
      "geometry": {
        "type": "Point",
        "coordinates": [
          -80.01716,
          32.8385
        ]
      },
      "properties": {
        "id": "ccso-north-service-center",
        "name": "Charleston County Sheriff's Office — North Service Center",
        "category": "sheriff",
        "subtype": "substation",
        "subregion_id": "north-charleston",
        "status": "active",
        "agency": {
          "name": "Charleston County Sheriff's Office",
          "type": "sheriff_office",
          "level": "county",
          "parent": "Charleston County Government"
        },
        "designation": null,
        "address": {
          "city": "North Charleston",
          "county": "Charleston",
          "state": "SC",
          "country": "US"
        },
        "operating_hours": "24_7",
        "units": [],
        "game": {
          "building_types": [
            "Police Station"
          ]
        },
        "significance": "North-area service center and patrol substation.",
        "sources": [
          {
            "title": "OpenStreetMap — Charleston County Sheriff North Service Center",
            "url": "https://www.openstreetmap.org/node/367807207",
            "retrieved": "2026-08-16"
          }
        ],
        "confidence": "medium",
        "last_verified": "2026-08-16"
      }
    },
    {
      "type": "Feature",
      "geometry": {
        "type": "Point",
        "coordinates": [
          -79.98777,
          32.7471
        ]
      },
      "properties": {
        "id": "ccso-west-service-center",
        "name": "Charleston County Sheriff's Office — West District Service Center",
        "category": "sheriff",
        "subtype": "substation",
        "subregion_id": "james-island",
        "status": "active",
        "agency": {
          "name": "Charleston County Sheriff's Office",
          "type": "sheriff_office",
          "level": "county",
          "parent": "Charleston County Government"
        },
        "designation": null,
        "address": {
          "city": "Charleston",
          "county": "Charleston",
          "state": "SC",
          "country": "US"
        },
        "operating_hours": "24_7",
        "units": [],
        "game": {
          "building_types": [
            "Police Station"
          ]
        },
        "significance": "West-district service center and patrol substation.",
        "sources": [
          {
            "title": "OpenStreetMap — Charleston County Sheriff West District Service Center and Substation",
            "url": "https://www.openstreetmap.org/node/367807034",
            "retrieved": "2026-08-16"
          }
        ],
        "confidence": "medium",
        "last_verified": "2026-08-16"
      }
    },
    {
      "type": "Feature",
      "geometry": {
        "type": "Point",
        "coordinates": [
          -80.24389,
          32.77418
        ]
      },
      "properties": {
        "id": "ccso-st-pauls-service-center",
        "name": "Charleston County Sheriff's Office — St. Paul's Service Center",
        "category": "sheriff",
        "subtype": "substation",
        "subregion_id": "st-pauls",
        "status": "active",
        "agency": {
          "name": "Charleston County Sheriff's Office",
          "type": "sheriff_office",
          "level": "county",
          "parent": "Charleston County Government"
        },
        "designation": null,
        "address": {
          "city": "Hollywood",
          "county": "Charleston",
          "state": "SC",
          "country": "US"
        },
        "operating_hours": "24_7",
        "units": [],
        "game": {
          "building_types": [
            "Police Station"
          ]
        },
        "significance": "Rural St. Paul's district substation, covering the southwestern corner of the county.",
        "sources": [
          {
            "title": "OpenStreetMap — Charleston County Sheriff Saint Paul Service Center and Substation",
            "url": "https://www.openstreetmap.org/node/367807037",
            "retrieved": "2026-08-16"
          }
        ],
        "confidence": "medium",
        "last_verified": "2026-08-16"
      }
    },
    {
      "type": "Feature",
      "geometry": {
        "type": "Point",
        "coordinates": [
          -80.28147,
          32.57061
        ]
      },
      "properties": {
        "id": "ccso-edisto-substation",
        "name": "Charleston County Sheriff's Office — Edisto Island Substation",
        "category": "sheriff",
        "subtype": "substation",
        "subregion_id": "st-pauls",
        "status": "active",
        "agency": {
          "name": "Charleston County Sheriff's Office",
          "type": "sheriff_office",
          "level": "county",
          "parent": "Charleston County Government"
        },
        "designation": null,
        "address": {
          "city": "Edisto Island",
          "county": "Charleston",
          "state": "SC",
          "country": "US"
        },
        "operating_hours": "24_7",
        "units": [],
        "game": {
          "building_types": [
            "Police Station"
          ]
        },
        "significance": "Southernmost sheriff post in the county, an hour from headquarters.",
        "sources": [
          {
            "title": "OpenStreetMap — Charleston County Sheriff's Office",
            "url": "https://www.openstreetmap.org/node/367806958",
            "retrieved": "2026-08-16"
          }
        ],
        "confidence": "low",
        "last_verified": "2026-08-16"
      }
    },
    {
      "type": "Feature",
      "geometry": {
        "type": "Point",
        "coordinates": [
          -79.64584,
          32.99037
        ]
      },
      "properties": {
        "id": "ccso-awendaw-substation",
        "name": "Charleston County Sheriff's Office — Awendaw Substation",
        "category": "sheriff",
        "subtype": "substation",
        "subregion_id": "awendaw-mcclellanville",
        "status": "active",
        "agency": {
          "name": "Charleston County Sheriff's Office",
          "type": "sheriff_office",
          "level": "county",
          "parent": "Charleston County Government"
        },
        "designation": null,
        "address": {
          "city": "Awendaw",
          "county": "Charleston",
          "state": "SC",
          "country": "US"
        },
        "operating_hours": "24_7",
        "units": [],
        "game": {
          "building_types": [
            "Police Station"
          ]
        },
        "significance": "Northern rural substation on the Highway 17 corridor.",
        "sources": [
          {
            "title": "OpenStreetMap — Charleston County Sheriff's Office Substation",
            "url": "https://www.openstreetmap.org/node/367806925",
            "retrieved": "2026-08-16"
          }
        ],
        "confidence": "low",
        "last_verified": "2026-08-16"
      }
    },
    {
      "type": "Feature",
      "geometry": {
        "type": "Point",
        "coordinates": [
          -80.03204,
          32.98583
        ]
      },
      "properties": {
        "id": "berkeley-so-south-district",
        "name": "Berkeley County Sheriff's Office — South District Headquarters",
        "category": "sheriff",
        "subtype": "substation",
        "subregion_id": "goose-creek",
        "status": "active",
        "agency": {
          "name": "Berkeley County Sheriff's Office",
          "type": "sheriff_office",
          "level": "county",
          "parent": "Berkeley County Government"
        },
        "designation": null,
        "address": {
          "street": "Red Bank Road",
          "city": "Goose Creek",
          "county": "Berkeley",
          "state": "SC",
          "country": "US"
        },
        "operating_hours": "24_7",
        "units": [],
        "game": {
          "building_types": [
            "Police Station"
          ]
        },
        "significance": "Southern district headquarters covering the urbanized Berkeley County side of the metro.",
        "sources": [
          {
            "title": "OpenStreetMap — Berkeley County Sheriff's Office South District Headquarters - Goose Creek",
            "url": "https://www.openstreetmap.org/way/1051269490",
            "retrieved": "2026-08-16"
          }
        ],
        "confidence": "medium",
        "last_verified": "2026-08-16"
      }
    },
    {
      "type": "Feature",
      "geometry": {
        "type": "Point",
        "coordinates": [
          -80.21091,
          33.0426
        ]
      },
      "properties": {
        "id": "dorchester-so",
        "name": "Dorchester County Sheriff's Office",
        "category": "sheriff",
        "subtype": "hq",
        "subregion_id": "summerville",
        "status": "active",
        "agency": {
          "name": "Dorchester County Sheriff's Office",
          "type": "sheriff_office",
          "level": "county",
          "parent": "Dorchester County Government"
        },
        "designation": null,
        "address": {
          "street": "Deming Way",
          "city": "Summerville",
          "county": "Dorchester",
          "state": "SC",
          "country": "US"
        },
        "operating_hours": "24_7",
        "units": [],
        "game": {
          "building_types": [
            "Police Station"
          ]
        },
        "significance": "County sheriff covering the Dorchester County side of the Charleston metro.",
        "sources": [
          {
            "title": "OpenStreetMap — Dorchester County Sheriff's Office",
            "url": "https://www.openstreetmap.org/node/367807051",
            "retrieved": "2026-08-16"
          }
        ],
        "confidence": "medium",
        "last_verified": "2026-08-16"
      }
    },
    {
      "type": "Feature",
      "geometry": {
        "type": "Point",
        "coordinates": [
          -80.0409,
          32.94907
        ]
      },
      "properties": {
        "id": "schp-troop-6",
        "name": "South Carolina Highway Patrol — Troop 6 Headquarters (Post A)",
        "category": "state_le",
        "subtype": "troop_hq",
        "subregion_id": "north-charleston",
        "status": "active",
        "agency": {
          "name": "South Carolina Highway Patrol",
          "type": "state_agency",
          "level": "state",
          "parent": "South Carolina Department of Public Safety"
        },
        "designation": null,
        "address": {
          "street": "2070 Northbrook Boulevard",
          "city": "North Charleston",
          "county": "Charleston",
          "state": "SC",
          "country": "US"
        },
        "operating_hours": "24_7",
        "units": [
          {
            "type": "traffic",
            "designation": "Highway Patrol",
            "count": 1
          }
        ],
        "game": {
          "building_types": [
            "Police Station"
          ],
          "notes": "State traffic authority for the interstates and rural highways feeding the metro."
        },
        "significance": "Troop 6 headquarters, covering the Lowcountry highway network including I-26 and US 17.",
        "sources": [
          {
            "title": "SCDPS — South Carolina Highway Patrol Troop Six contact",
            "url": "https://scdps.sc.gov/schp/contact/troop6",
            "retrieved": "2026-08-16"
          },
          {
            "title": "OpenStreetMap Nominatim geocoding of the published street address",
            "url": "https://nominatim.openstreetmap.org/",
            "retrieved": "2026-08-16"
          }
        ],
        "confidence": "high",
        "last_verified": "2026-08-16"
      }
    },
    {
      "type": "Feature",
      "geometry": {
        "type": "Point",
        "coordinates": [
          -80.01597,
          32.79789
        ]
      },
      "properties": {
        "id": "schp-investigative",
        "name": "South Carolina Highway Patrol — Investigative Office",
        "category": "state_le",
        "subtype": "post",
        "subregion_id": "west-ashley",
        "status": "active",
        "agency": {
          "name": "South Carolina Highway Patrol",
          "type": "state_agency",
          "level": "state",
          "parent": "South Carolina Department of Public Safety"
        },
        "designation": null,
        "address": {
          "city": "Charleston",
          "county": "Charleston",
          "state": "SC",
          "country": "US"
        },
        "operating_hours": "24_7",
        "units": [],
        "game": {
          "building_types": [
            "Police Station"
          ]
        },
        "significance": "Mapped investigative office; staffing and role not verified from an official source.",
        "sources": [
          {
            "title": "OpenStreetMap — South Carolina Highway Patrol - Investigative",
            "url": "https://www.openstreetmap.org/node/367807055",
            "retrieved": "2026-08-16"
          }
        ],
        "confidence": "low",
        "last_verified": "2026-08-16"
      }
    },
    {
      "type": "Feature",
      "geometry": {
        "type": "Point",
        "coordinates": [
          -79.93195,
          32.78052
        ]
      },
      "properties": {
        "id": "fbi-charleston",
        "name": "FBI Charleston Resident Agency",
        "category": "federal_le",
        "subtype": "resident_agency",
        "subregion_id": "charleston-peninsula",
        "status": "active",
        "agency": {
          "name": "Federal Bureau of Investigation",
          "type": "federal_agency",
          "level": "federal",
          "parent": "United States Department of Justice"
        },
        "designation": null,
        "address": {
          "street": "Meeting Street",
          "city": "Charleston",
          "county": "Charleston",
          "state": "SC",
          "country": "US"
        },
        "operating_hours": "daytime",
        "units": [],
        "game": {
          "building_types": [
            "Federal Building"
          ]
        },
        "significance": "Satellite office of the FBI Columbia Field Office, which covers all of South Carolina. Street-level address is from a directory listing rather than an FBI publication.",
        "sources": [
          {
            "title": "FBI — Field Offices (Columbia field office covers South Carolina)",
            "url": "https://www.fbi.gov/contact-us/field-offices",
            "retrieved": "2026-08-16"
          },
          {
            "title": "OpenStreetMap Nominatim geocoding of the published street address",
            "url": "https://nominatim.openstreetmap.org/",
            "retrieved": "2026-08-16"
          }
        ],
        "confidence": "low",
        "last_verified": "2026-08-16"
      }
    },
    {
      "type": "Feature",
      "geometry": {
        "type": "Point",
        "coordinates": [
          -79.92647,
          32.78082
        ]
      },
      "properties": {
        "id": "cbp-custom-house",
        "name": "U.S. Customs and Border Protection — Charleston Custom House",
        "category": "federal_le",
        "subtype": "field_office",
        "subregion_id": "charleston-peninsula",
        "status": "active",
        "agency": {
          "name": "U.S. Customs and Border Protection",
          "type": "federal_agency",
          "level": "federal",
          "parent": "United States Department of Homeland Security"
        },
        "designation": null,
        "address": {
          "street": "East Bay Street",
          "city": "Charleston",
          "county": "Charleston",
          "state": "SC",
          "country": "US"
        },
        "operating_hours": "daytime",
        "units": [],
        "game": {
          "building_types": [
            "Federal Building"
          ]
        },
        "significance": "CBP presence at the historic Custom House serving the Port of Charleston, one of the busiest container ports on the U.S. East Coast.",
        "sources": [
          {
            "title": "OpenStreetMap — U.S. Custom House",
            "url": "https://www.openstreetmap.org/way/37594690",
            "retrieved": "2026-08-16"
          }
        ],
        "confidence": "medium",
        "last_verified": "2026-08-16"
      }
    },
    {
      "type": "Feature",
      "geometry": {
        "type": "Point",
        "coordinates": [
          -79.95006,
          32.84596
        ]
      },
      "properties": {
        "id": "fletc-charleston",
        "name": "Federal Law Enforcement Training Center — Charleston",
        "category": "federal_le",
        "subtype": "training",
        "subregion_id": "north-charleston",
        "status": "active",
        "agency": {
          "name": "Federal Law Enforcement Training Centers",
          "type": "federal_agency",
          "level": "federal",
          "parent": "United States Department of Homeland Security"
        },
        "designation": null,
        "address": {
          "street": "Register Street",
          "city": "North Charleston",
          "county": "Charleston",
          "state": "SC",
          "country": "US"
        },
        "operating_hours": "daytime",
        "units": [],
        "game": {
          "building_types": [
            "Federal Building"
          ]
        },
        "significance": "FLETC training site in the former Navy Base area — a federal law-enforcement campus rather than an operational post.",
        "sources": [
          {
            "title": "OpenStreetMap — Federal Law Enforcement Training Center - Charleston",
            "url": "https://www.openstreetmap.org/way/1013132650",
            "retrieved": "2026-08-16"
          }
        ],
        "confidence": "medium",
        "last_verified": "2026-08-16"
      }
    },
    {
      "type": "Feature",
      "geometry": {
        "type": "Point",
        "coordinates": [
          -79.94356,
          32.77437
        ]
      },
      "properties": {
        "id": "uscg-sector-charleston",
        "name": "U.S. Coast Guard Sector Charleston / Station Charleston",
        "category": "coast_guard",
        "subtype": "sector",
        "subregion_id": "charleston-peninsula",
        "status": "active",
        "agency": {
          "name": "United States Coast Guard",
          "type": "federal_agency",
          "level": "federal",
          "parent": "United States Department of Homeland Security"
        },
        "designation": "Sector Charleston",
        "address": {
          "street": "Tradd Street",
          "city": "Charleston",
          "county": "Charleston",
          "state": "SC",
          "country": "US"
        },
        "operating_hours": "24_7",
        "units": [
          {
            "type": "marine",
            "designation": "Small boat station",
            "count": 1
          }
        ],
        "specialties": [
          "marine_rescue"
        ],
        "game": {
          "building_types": [
            "Coast Guard Station",
            "Water Rescue"
          ],
          "recommended": true,
          "notes": "Charleston Harbour, the container port and the offshore approaches all generate marine missions — a coast guard station is worth building."
        },
        "significance": "Sector command for the South Carolina coast, at the southern tip of the Charleston peninsula. Sector Charleston oversees the small-boat stations and cutters covering the state.",
        "sources": [
          {
            "title": "U.S. Coast Guard Atlantic Area — Sector Charleston",
            "url": "https://www.atlanticarea.uscg.mil/Our-Organization/Southeast-District/Units/Sector-Charleston/",
            "retrieved": "2026-08-16"
          },
          {
            "title": "OpenStreetMap Nominatim geocoding of the published street address",
            "url": "https://nominatim.openstreetmap.org/",
            "retrieved": "2026-08-16"
          }
        ],
        "confidence": "medium",
        "last_verified": "2026-08-16"
      }
    },
    {
      "type": "Feature",
      "geometry": {
        "type": "Point",
        "coordinates": [
          -79.95275,
          32.85162
        ]
      },
      "properties": {
        "id": "uscg-base-charleston",
        "name": "U.S. Coast Guard Base Charleston",
        "category": "coast_guard",
        "subtype": "station",
        "subregion_id": "north-charleston",
        "status": "active",
        "agency": {
          "name": "United States Coast Guard",
          "type": "federal_agency",
          "level": "federal",
          "parent": "United States Department of Homeland Security"
        },
        "designation": "Base Charleston",
        "address": {
          "street": "South Hobson Avenue",
          "city": "North Charleston",
          "county": "Charleston",
          "state": "SC",
          "country": "US"
        },
        "operating_hours": "24_7",
        "units": [],
        "specialties": [
          "marine_rescue"
        ],
        "game": {
          "building_types": [
            "Coast Guard Station"
          ],
          "notes": "Large cutter homeport on the Cooper River — supports offshore and long-range marine missions."
        },
        "significance": "Coast Guard base and cutter homeport on the Cooper River. A 64-acre campus expansion is intended to support five national security cutters, which would make it one of the service's largest homeports.",
        "sources": [
          {
            "title": "U.S. Coast Guard — Base Charleston",
            "url": "https://www.dcms.uscg.mil/Our-Organization/Director-of-Operational-Logistics-DOL/Bases/Base-Charleston/",
            "retrieved": "2026-08-16"
          },
          {
            "title": "U.S. Coast Guard — Sector Charleston Cutters",
            "url": "https://www.atlanticarea.uscg.mil/Our-Organization/Southeast-District/Units/Sector-Charleston/Sector-Units/Sector-Charleston-Cutters/",
            "retrieved": "2026-08-16"
          },
          {
            "title": "OpenStreetMap Nominatim geocoding of the published street address",
            "url": "https://nominatim.openstreetmap.org/",
            "retrieved": "2026-08-16"
          }
        ],
        "confidence": "medium",
        "last_verified": "2026-08-16"
      }
    },
    {
      "type": "Feature",
      "geometry": {
        "type": "Point",
        "coordinates": [
          -79.94732,
          32.78464
        ]
      },
      "properties": {
        "id": "musc-university-medical-center",
        "name": "MUSC Health University Medical Center",
        "category": "hospital",
        "subtype": "trauma_center",
        "subregion_id": "charleston-peninsula",
        "status": "active",
        "agency": {
          "name": "MUSC Health",
          "type": "hospital_system",
          "level": "state",
          "parent": "Medical University of South Carolina"
        },
        "designation": null,
        "address": {
          "street": "Ashley Avenue",
          "city": "Charleston",
          "county": "Charleston",
          "state": "SC",
          "country": "US"
        },
        "operating_hours": "24_7",
        "units": [],
        "specialties": [
          "trauma_level_1",
          "stroke_center",
          "cardiac_center",
          "pediatric",
          "helipad",
          "trauma_major"
        ],
        "attributes": {
          "beds": 865,
          "trauma_level": 1,
          "trauma_designation": {
            "system": "acs",
            "label": "Level I"
          },
          "ed": true,
          "helipad": true,
          "teaching_hospital": true
        },
        "game": {
          "building_types": [
            "Hospital"
          ],
          "recommended": true,
          "notes": "The only Level I trauma center in the Lowcountry — every critical patient in this region ends up here. Build it first."
        },
        "significance": "The regional referral hospital for the Lowcountry and the only Level I adult trauma center serving the region; roughly 865 licensed beds.",
        "sources": [
          {
            "title": "Wikipedia — MUSC Health University Medical Center",
            "url": "https://en.wikipedia.org/wiki/MUSC_Health_University_Medical_Center",
            "retrieved": "2026-08-16"
          },
          {
            "title": "MUSC Health — Trauma Care (Level I)",
            "url": "https://muschealth.org/medical-services/emergency/trauma",
            "retrieved": "2026-08-16"
          },
          {
            "title": "SC Department of Public Health — SC Trauma System",
            "url": "https://dph.sc.gov/professionals/healthcare-quality/ems-and-trauma/sc-trauma-system",
            "retrieved": "2026-08-16"
          },
          {
            "title": "OpenStreetMap — MUSC Health Medical Center",
            "url": "https://www.openstreetmap.org/node/357124935",
            "retrieved": "2026-08-16"
          }
        ],
        "confidence": "high",
        "last_verified": "2026-08-16"
      }
    },
    {
      "type": "Feature",
      "geometry": {
        "type": "Point",
        "coordinates": [
          -79.95133,
          32.78267
        ]
      },
      "properties": {
        "id": "musc-shawn-jenkins-childrens",
        "name": "MUSC Shawn Jenkins Children's Hospital",
        "category": "hospital",
        "subtype": "childrens",
        "subregion_id": "charleston-peninsula",
        "status": "active",
        "agency": {
          "name": "MUSC Health",
          "type": "hospital_system",
          "level": "state",
          "parent": "Medical University of South Carolina"
        },
        "designation": null,
        "address": {
          "street": "McClennan Banks Drive",
          "city": "Charleston",
          "county": "Charleston",
          "state": "SC",
          "country": "US"
        },
        "operating_hours": "24_7",
        "units": [],
        "specialties": [
          "trauma_level_1",
          "pediatric",
          "helipad",
          "trauma_major"
        ],
        "attributes": {
          "trauma_level": 1,
          "trauma_designation": {
            "system": "acs",
            "label": "Level I"
          },
          "pediatric_trauma": true,
          "ed": true
        },
        "game": {
          "building_types": [
            "Hospital"
          ],
          "recommended": true,
          "notes": "Only Level I pediatric trauma center in South Carolina — the destination for critical child patients."
        },
        "significance": "South Carolina's first and only Level I pediatric trauma center, adjacent to the MUSC main campus.",
        "sources": [
          {
            "title": "MUSC Children's Health — Level One Pediatric Trauma Center",
            "url": "https://musckids.org/our-services/level-one-trauma-center",
            "retrieved": "2026-08-16"
          },
          {
            "title": "OpenStreetMap Nominatim geocoding of the published street address",
            "url": "https://nominatim.openstreetmap.org/",
            "retrieved": "2026-08-16"
          }
        ],
        "confidence": "high",
        "last_verified": "2026-08-16"
      }
    },
    {
      "type": "Feature",
      "geometry": {
        "type": "Point",
        "coordinates": [
          -79.94933,
          32.78265
        ]
      },
      "properties": {
        "id": "roper-hospital",
        "name": "Roper Hospital",
        "category": "hospital",
        "subtype": "community",
        "subregion_id": "charleston-peninsula",
        "status": "active",
        "agency": {
          "name": "Roper St. Francis Healthcare",
          "type": "hospital_system",
          "level": "private"
        },
        "designation": null,
        "address": {
          "street": "316 Calhoun Street",
          "city": "Charleston",
          "county": "Charleston",
          "state": "SC",
          "country": "US"
        },
        "operating_hours": "24_7",
        "units": [],
        "attributes": {
          "beds": 332,
          "ed_beds": 30,
          "ed": true
        },
        "game": {
          "building_types": [
            "Hospital"
          ]
        },
        "significance": "Downtown acute-care hospital with a 24-hour emergency department; the flagship of the Roper St. Francis system.",
        "sources": [
          {
            "title": "Roper St. Francis Healthcare — Roper Hospital",
            "url": "https://www.rsfh.com/roper-hospital",
            "retrieved": "2026-08-16"
          },
          {
            "title": "Roper St. Francis Healthcare — Emergency Services",
            "url": "https://www.rsfh.com/emergency-services/",
            "retrieved": "2026-08-16"
          },
          {
            "title": "OpenStreetMap — Roper Hospital",
            "url": "https://www.openstreetmap.org/relation/19755160",
            "retrieved": "2026-08-16"
          }
        ],
        "confidence": "medium",
        "last_verified": "2026-08-16"
      }
    },
    {
      "type": "Feature",
      "geometry": {
        "type": "Point",
        "coordinates": [
          -80.04172,
          32.80888
        ]
      },
      "properties": {
        "id": "bon-secours-st-francis",
        "name": "Bon Secours St. Francis Hospital",
        "category": "hospital",
        "subtype": "community",
        "subregion_id": "west-ashley",
        "status": "active",
        "agency": {
          "name": "Roper St. Francis Healthcare",
          "type": "hospital_system",
          "level": "private"
        },
        "designation": null,
        "address": {
          "street": "Henry Tecklenburg Drive",
          "city": "Charleston",
          "county": "Charleston",
          "state": "SC",
          "country": "US"
        },
        "operating_hours": "24_7",
        "units": [],
        "attributes": {
          "ed": true
        },
        "game": {
          "building_types": [
            "Hospital"
          ]
        },
        "significance": "West Ashley acute-care hospital and emergency department for the western side of the city.",
        "sources": [
          {
            "title": "Roper St. Francis Healthcare — Emergency Services",
            "url": "https://www.rsfh.com/emergency-services/",
            "retrieved": "2026-08-16"
          },
          {
            "title": "OpenStreetMap — Bon Secours Saint Francis Hospital",
            "url": "https://www.openstreetmap.org/way/467662253",
            "retrieved": "2026-08-16"
          }
        ],
        "confidence": "medium",
        "last_verified": "2026-08-16"
      }
    },
    {
      "type": "Feature",
      "geometry": {
        "type": "Point",
        "coordinates": [
          -80.07333,
          32.97636
        ]
      },
      "properties": {
        "id": "trident-medical-center",
        "name": "Trident Medical Center",
        "category": "hospital",
        "subtype": "trauma_center",
        "subregion_id": "north-charleston",
        "status": "active",
        "agency": {
          "name": "HCA Healthcare — Trident Health",
          "type": "hospital_system",
          "level": "private"
        },
        "designation": null,
        "address": {
          "street": "Medical Plaza Drive",
          "city": "North Charleston",
          "county": "Charleston",
          "state": "SC",
          "country": "US"
        },
        "operating_hours": "24_7",
        "units": [],
        "specialties": [
          "trauma_level_2",
          "trauma_major"
        ],
        "attributes": {
          "beds": 321,
          "trauma_level": 2,
          "trauma_designation": {
            "system": "acs",
            "label": "Level II"
          },
          "ed": true
        },
        "game": {
          "building_types": [
            "Hospital"
          ],
          "recommended": true,
          "notes": "Level II trauma center — the second trauma destination in the region after MUSC."
        },
        "significance": "South Carolina–designated Level II trauma center serving North Charleston and the upper metro; roughly 321 beds.",
        "sources": [
          {
            "title": "Trident Health — Emergency Care (Level II trauma)",
            "url": "https://www.tridenthealthsystem.com/specialties/emergency-care",
            "retrieved": "2026-08-16"
          },
          {
            "title": "Wikipedia — Trident Medical Center",
            "url": "https://en.wikipedia.org/wiki/Trident_Medical_Center",
            "retrieved": "2026-08-16"
          },
          {
            "title": "SC Department of Public Health — SC Trauma System",
            "url": "https://dph.sc.gov/professionals/healthcare-quality/ems-and-trauma/sc-trauma-system",
            "retrieved": "2026-08-16"
          },
          {
            "title": "OpenStreetMap — HCA Healthcare Trident Hospital",
            "url": "https://www.openstreetmap.org/way/1434634802",
            "retrieved": "2026-08-16"
          }
        ],
        "confidence": "high",
        "last_verified": "2026-08-16"
      }
    },
    {
      "type": "Feature",
      "geometry": {
        "type": "Point",
        "coordinates": [
          -80.15761,
          32.96616
        ]
      },
      "properties": {
        "id": "summerville-medical-center",
        "name": "Summerville Medical Center",
        "category": "hospital",
        "subtype": "community",
        "subregion_id": "summerville",
        "status": "active",
        "agency": {
          "name": "HCA Healthcare — Trident Health",
          "type": "hospital_system",
          "level": "private"
        },
        "designation": null,
        "address": {
          "street": "Midland Parkway",
          "city": "Summerville",
          "county": "Dorchester",
          "state": "SC",
          "country": "US"
        },
        "operating_hours": "24_7",
        "units": [],
        "attributes": {
          "ed": true
        },
        "game": {
          "building_types": [
            "Hospital"
          ]
        },
        "significance": "Acute-care hospital and emergency department for the Summerville/Dorchester side of the metro.",
        "sources": [
          {
            "title": "OpenStreetMap — Summerville Medical Center",
            "url": "https://www.openstreetmap.org/way/467677581",
            "retrieved": "2026-08-16"
          },
          {
            "title": "Charleston Living — Guide to Charleston, SC area hospitals",
            "url": "https://charlestonlivingmag.com/hospital-guide",
            "retrieved": "2026-08-16"
          }
        ],
        "confidence": "medium",
        "last_verified": "2026-08-16"
      }
    },
    {
      "type": "Feature",
      "geometry": {
        "type": "Point",
        "coordinates": [
          -79.85078,
          32.82064
        ]
      },
      "properties": {
        "id": "east-cooper-medical-center",
        "name": "East Cooper Medical Center",
        "category": "hospital",
        "subtype": "community",
        "subregion_id": "mount-pleasant",
        "status": "active",
        "agency": {
          "name": "Novant Health",
          "type": "hospital_system",
          "level": "private"
        },
        "designation": null,
        "address": {
          "street": "Hospital Drive",
          "city": "Mount Pleasant",
          "county": "Charleston",
          "state": "SC",
          "country": "US"
        },
        "operating_hours": "24_7",
        "units": [],
        "attributes": {
          "beds": 130,
          "ed": true
        },
        "game": {
          "building_types": [
            "Hospital"
          ]
        },
        "significance": "The acute-care hospital east of the Cooper, serving Mount Pleasant and the barrier islands.",
        "sources": [
          {
            "title": "OpenStreetMap — East Cooper Medical Center",
            "url": "https://www.openstreetmap.org/way/467667544",
            "retrieved": "2026-08-16"
          },
          {
            "title": "Charleston Living — Guide to Charleston, SC area hospitals",
            "url": "https://charlestonlivingmag.com/hospital-guide",
            "retrieved": "2026-08-16"
          }
        ],
        "confidence": "medium",
        "last_verified": "2026-08-16"
      }
    },
    {
      "type": "Feature",
      "geometry": {
        "type": "Point",
        "coordinates": [
          -79.76824,
          32.87814
        ]
      },
      "properties": {
        "id": "musc-mount-pleasant",
        "name": "MUSC Health Mount Pleasant Hospital",
        "category": "hospital",
        "subtype": "community",
        "subregion_id": "mount-pleasant",
        "status": "active",
        "agency": {
          "name": "MUSC Health",
          "type": "hospital_system",
          "level": "state",
          "parent": "Medical University of South Carolina"
        },
        "designation": null,
        "address": {
          "street": "Highway 17 North",
          "city": "Mount Pleasant",
          "county": "Charleston",
          "state": "SC",
          "country": "US"
        },
        "operating_hours": "24_7",
        "units": [],
        "attributes": {
          "ed": true
        },
        "game": {
          "building_types": [
            "Hospital"
          ]
        },
        "significance": "MUSC community hospital serving north Mount Pleasant.",
        "sources": [
          {
            "title": "OpenStreetMap — Mount Pleasant Hospital",
            "url": "https://www.openstreetmap.org/way/584803438",
            "retrieved": "2026-08-16"
          }
        ],
        "confidence": "low",
        "last_verified": "2026-08-16"
      }
    },
    {
      "type": "Feature",
      "geometry": {
        "type": "Point",
        "coordinates": [
          -80.0953,
          33.06855
        ]
      },
      "properties": {
        "id": "roper-st-francis-berkeley",
        "name": "Roper St. Francis Berkeley Hospital",
        "category": "hospital",
        "subtype": "community",
        "subregion_id": "summerville",
        "status": "active",
        "agency": {
          "name": "Roper St. Francis Healthcare",
          "type": "hospital_system",
          "level": "private"
        },
        "designation": null,
        "address": {
          "street": "Callen Boulevard",
          "city": "Summerville",
          "county": "Berkeley",
          "state": "SC",
          "country": "US"
        },
        "operating_hours": "24_7",
        "units": [],
        "attributes": {
          "ed": true
        },
        "game": {
          "building_types": [
            "Hospital"
          ]
        },
        "significance": "Community hospital serving the Berkeley County side of the Summerville area.",
        "sources": [
          {
            "title": "OpenStreetMap — Roper Saint Francis Berkeley Hospital",
            "url": "https://www.openstreetmap.org/way/1072039840",
            "retrieved": "2026-08-16"
          }
        ],
        "confidence": "low",
        "last_verified": "2026-08-16"
      }
    },
    {
      "type": "Feature",
      "geometry": {
        "type": "Point",
        "coordinates": [
          -79.95408,
          32.78361
        ]
      },
      "properties": {
        "id": "ralph-johnson-va",
        "name": "Ralph H. Johnson VA Medical Center",
        "category": "hospital",
        "subtype": "va",
        "subregion_id": "charleston-peninsula",
        "status": "active",
        "agency": {
          "name": "Veterans Health Administration",
          "type": "federal_agency",
          "level": "federal",
          "parent": "United States Department of Veterans Affairs"
        },
        "designation": null,
        "address": {
          "street": "Bee Street",
          "city": "Charleston",
          "county": "Charleston",
          "state": "SC",
          "country": "US"
        },
        "operating_hours": "24_7",
        "units": [],
        "attributes": {
          "ed": true
        },
        "game": {
          "building_types": [
            "Hospital"
          ]
        },
        "significance": "Federal veterans hospital in the downtown medical district, adjacent to MUSC.",
        "sources": [
          {
            "title": "OpenStreetMap — Ralph Henry Johnson Veterans Administration Medical Center",
            "url": "https://www.openstreetmap.org/way/490218172",
            "retrieved": "2026-08-16"
          },
          {
            "title": "OpenStreetMap Nominatim geocoding of the published street address",
            "url": "https://nominatim.openstreetmap.org/",
            "retrieved": "2026-08-16"
          }
        ],
        "confidence": "medium",
        "last_verified": "2026-08-16"
      }
    },
    {
      "type": "Feature",
      "geometry": {
        "type": "Point",
        "coordinates": [
          -79.97432,
          32.83936
        ]
      },
      "properties": {
        "id": "palmetto-lowcountry-behavioral",
        "name": "Palmetto Lowcountry Behavioral Health",
        "category": "hospital",
        "subtype": "psychiatric",
        "subregion_id": "north-charleston",
        "status": "active",
        "agency": {
          "name": "Palmetto Lowcountry Behavioral Health",
          "type": "private",
          "level": "private"
        },
        "designation": null,
        "address": {
          "street": "Speissegger Drive",
          "city": "Charleston",
          "county": "Charleston",
          "state": "SC",
          "country": "US"
        },
        "operating_hours": "24_7",
        "units": [],
        "attributes": {
          "psychiatric": true
        },
        "game": {
          "building_types": [
            "Hospital"
          ],
          "notes": "Psychiatric receiving facility — relevant for mental-health transports rather than trauma."
        },
        "significance": "The region's dedicated inpatient psychiatric hospital.",
        "sources": [
          {
            "title": "OpenStreetMap — Palmetto Lowcountry Behavioral Health",
            "url": "https://www.openstreetmap.org/way/467658552",
            "retrieved": "2026-08-16"
          }
        ],
        "confidence": "low",
        "last_verified": "2026-08-16"
      }
    },
    {
      "type": "Feature",
      "geometry": {
        "type": "Point",
        "coordinates": [
          -79.84441,
          32.93496
        ]
      },
      "properties": {
        "id": "musc-clements-ferry",
        "name": "MUSC Health Clements Ferry Pavilion",
        "category": "clinic",
        "subtype": "community",
        "subregion_id": "daniel-island-cainhoy",
        "status": "active",
        "agency": {
          "name": "MUSC Health",
          "type": "hospital_system",
          "level": "state",
          "parent": "Medical University of South Carolina"
        },
        "designation": null,
        "address": {
          "street": "Waterline Street",
          "city": "Charleston",
          "county": "Berkeley",
          "state": "SC",
          "country": "US"
        },
        "operating_hours": "24_7",
        "units": [],
        "attributes": {},
        "game": {
          "building_types": [
            "Hospital"
          ]
        },
        "significance": "Outpatient/ambulatory pavilion on the Clements Ferry growth corridor; not a full emergency hospital.",
        "sources": [
          {
            "title": "OpenStreetMap — MUSC Health Clements Ferry Pavilion",
            "url": "https://www.openstreetmap.org/way/1474018073",
            "retrieved": "2026-08-16"
          }
        ],
        "confidence": "low",
        "last_verified": "2026-08-16"
      }
    },
    {
      "type": "Feature",
      "geometry": {
        "type": "Point",
        "coordinates": [
          -80.01353,
          32.84566
        ]
      },
      "properties": {
        "id": "sheriff-al-cannon-detention-center",
        "name": "Sheriff Al Cannon Detention Center",
        "category": "jail",
        "subtype": "county",
        "subregion_id": "north-charleston",
        "status": "active",
        "agency": {
          "name": "Charleston County Sheriff's Office",
          "type": "corrections",
          "level": "county",
          "parent": "Charleston County Government"
        },
        "designation": null,
        "address": {
          "street": "3841 Leeds Avenue",
          "city": "North Charleston",
          "county": "Charleston",
          "state": "SC",
          "country": "US"
        },
        "operating_hours": "24_7",
        "units": [],
        "specialties": [
          "booking"
        ],
        "attributes": {
          "inmate_capacity": 1693,
          "security_level": "county_detention",
          "booking": true
        },
        "game": {
          "building_types": [
            "Prison"
          ],
          "recommended": true,
          "notes": "The county booking facility — every arrest in Charleston County lands here, so it anchors prisoner transport."
        },
        "significance": "Charleston County's main jail and booking facility, with a rated capacity of roughly 1,693 inmates.",
        "sources": [
          {
            "title": "Charleston County Sheriff's Office — Sheriff Al Cannon Detention Center",
            "url": "https://www.charlestoncounty.org/departments/sheriff/detention.php",
            "retrieved": "2026-08-16"
          },
          {
            "title": "OpenStreetMap — Sheriff Al Cannon Detention Center",
            "url": "https://www.openstreetmap.org/node/10834351844",
            "retrieved": "2026-08-16"
          }
        ],
        "confidence": "high",
        "last_verified": "2026-08-16"
      }
    },
    {
      "type": "Feature",
      "geometry": {
        "type": "Point",
        "coordinates": [
          -80.29015,
          33.08552
        ]
      },
      "properties": {
        "id": "lieber-correctional-institution",
        "name": "Lieber Correctional Institution",
        "category": "prison",
        "subtype": "state",
        "subregion_id": "ridgeville",
        "status": "active",
        "agency": {
          "name": "South Carolina Department of Corrections",
          "type": "corrections",
          "level": "state"
        },
        "designation": null,
        "address": {
          "street": "Wilborn Avenue",
          "city": "Ridgeville",
          "county": "Dorchester",
          "state": "SC",
          "country": "US"
        },
        "operating_hours": "24_7",
        "units": [],
        "specialties": [
          "max_security"
        ],
        "attributes": {
          "inmate_capacity": 1488,
          "security_level": "maximum"
        },
        "game": {
          "building_types": [
            "Prison"
          ],
          "notes": "Maximum-security state prison at the edge of the region — good for high-tier prisoner-transport and riot missions."
        },
        "significance": "Maximum-security state prison housing level 3 male offenders, capacity roughly 1,488. Opened 1986.",
        "sources": [
          {
            "title": "Wikipedia — Lieber Correctional Institution",
            "url": "https://en.wikipedia.org/wiki/Lieber_Correctional_Institution",
            "retrieved": "2026-08-16"
          },
          {
            "title": "South Carolina Department of Corrections — Institutions",
            "url": "https://www.doc.sc.gov/institutions",
            "retrieved": "2026-08-16"
          },
          {
            "title": "OpenStreetMap — Lieber Correctional Institution",
            "url": "https://www.openstreetmap.org/way/353324340",
            "retrieved": "2026-08-16"
          }
        ],
        "confidence": "medium",
        "last_verified": "2026-08-16"
      }
    },
    {
      "type": "Feature",
      "geometry": {
        "type": "Point",
        "coordinates": [
          -80.28802,
          33.08936
        ]
      },
      "properties": {
        "id": "coastal-regional-evaluation-center",
        "name": "Coastal Regional Evaluation Center",
        "category": "prison",
        "subtype": "state",
        "subregion_id": "ridgeville",
        "status": "active",
        "agency": {
          "name": "South Carolina Department of Corrections",
          "type": "corrections",
          "level": "state"
        },
        "designation": null,
        "address": {
          "street": "Campbell Thickett Road",
          "city": "Ridgeville",
          "county": "Dorchester",
          "state": "SC",
          "country": "US"
        },
        "operating_hours": "24_7",
        "units": [],
        "attributes": {},
        "game": {
          "building_types": [
            "Prison"
          ],
          "recommended": false,
          "notes": "Intake/evaluation facility co-located with Lieber."
        },
        "significance": "State reception and evaluation center adjacent to Lieber Correctional Institution. Capacity not published.",
        "sources": [
          {
            "title": "OpenStreetMap — Coastal Regional Evaluation Center",
            "url": "https://www.openstreetmap.org/way/421706779",
            "retrieved": "2026-08-16"
          },
          {
            "title": "South Carolina Department of Corrections — Institutions",
            "url": "https://www.doc.sc.gov/institutions",
            "retrieved": "2026-08-16"
          }
        ],
        "confidence": "low",
        "last_verified": "2026-08-16"
      }
    }
  ]
}
